dataset,network,model,training_network,evaluation_network,seed,graph_seed,opt_out,step,unfairness,retention_s0,retention_s1,retention_disparity,approval_rate_difference
Base,Base (80/20),Baseline,Base (80/20),Base (80/20),2026,2026,True,1,0.0022804378935982195,100,100,0,1.4000000000000012
Base,Base (80/20),Baseline,Base (80/20),Base (80/20),2026,2026,True,2,0.0021432764315153507,100,100,0,0.80000000000000071
Base,Base (80/20),Baseline,Base (80/20),Base (80/20),2026,2026,True,3,0.0039987116493733765,100,99.799999999999997,0.20000000000000284,0.80320641282565219
Base,Base (80/20),Baseline,Base (80/20),Base (80/20),2026,2026,True,4,0.003891296518058307,100,99.799999999999997,0.20000000000000284,1.8048096192384788
Base,Base (80/20),Baseline,Base (80/20),Base (80/20),2026,2026,True,5,0.0057303797397876277,100,99.400000000000006,0.59999999999999432,1.4144869215291789
Base,Base (80/20),Baseline,Base (80/20),Base (80/20),2026,2026,False,1,0.0022804378935982195,100,100,0,1.4000000000000012
Base,Base (80/20),Baseline,Base (80/20),Base (80/20),2026,2026,False,2,0.0021432764315153507,100,100,0,0.80000000000000071
Base,Base (80/20),Baseline,Base (80/20),Base (80/20),2026,2026,False,3,0.0020393321362536243,100,100,0,0.80000000000000071
Base,Base (80/20),Baseline,Base (80/20),Base (80/20),2026,2026,False,4,0.0019287986331519846,100,100,0,1.8000000000000016
Base,Base (80/20),Baseline,Base (80/20),Base (80/20),2026,2026,False,5,0.0018110804341147091,100,100,0,1.4000000000000012
Base,Base (80/20),LCF-full,Base (80/20),Base (80/20),2026,2026,True,1,0.0033942106962204788,100,100,0,13.4
Base,Base (80/20),LCF-full,Base (80/20),Base (80/20),2026,2026,True,2,0.005379931926727255,100,89.200000000000003,10.799999999999997,8.1443946188340828
Base,Base (80/20),LCF-full,Base (80/20),Base (80/20),2026,2026,True,3,0.0071655837297439628,100,84.599999999999994,15.400000000000006,3.1096926713948037
Base,Base (80/20),LCF-full,Base (80/20),Base (80/20),2026,2026,True,4,0.0068149030208587424,100,83.599999999999994,16.400000000000006,2.431578947368418
Base,Base (80/20),LCF-full,Base (80/20),Base (80/20),2026,2026,True,5,0.0063441559076309328,100,83,17,0.72289156626506035
Base,Base (80/20),LCF-full,Base (80/20),Base (80/20),2026,2026,False,1,0.0033942106962204788,100,100,0,13.4
Base,Base (80/20),LCF-full,Base (80/20),Base (80/20),2026,2026,False,2,0.0016339082717895526,100,100,0,10.799999999999999
Base,Base (80/20),LCF-full,Base (80/20),Base (80/20),2026,2026,False,3,0.0012710855007171951,100,100,0,5.600000000000005
Base,Base (80/20),LCF-full,Base (80/20),Base (80/20),2026,2026,False,4,0.00085306549072261539,100,100,0,4.4000000000000039
Base,Base (80/20),LCF-full,Base (80/20),Base (80/20),2026,2026,False,5,0.0003576166629791766,100,100,0,1.4000000000000012
Base,Base (80/20),LCF-active,Base (80/20),Base (80/20),2026,2026,True,1,0.0033998594284058159,100,100,0,13.4
Base,Base (80/20),LCF-active,Base (80/20),Base (80/20),2026,2026,True,2,0.0053684324026107566,100,89.200000000000003,10.799999999999997,7.6959641255605398
Base,Base (80/20),LCF-active,Base (80/20),Base (80/20),2026,2026,True,3,0.0071573417186736599,100,85,15,3.094117647058825
Base,Base (80/20),LCF-active,Base (80/20),Base (80/20),2026,2026,True,4,0.0068048423528671576,100,84,16,2.1809523809523834
Base,Base (80/20),LCF-active,Base (80/20),Base (80/20),2026,2026,True,5,0.006336680531501715,100,83.399999999999991,16.600000000000009,0.7194244604316502
Base,Base (80/20),LCF-active,Base (80/20),Base (80/20),2026,2026,False,1,0.0033998594284058159,100,100,0,13.4
Base,Base (80/20),LCF-active,Base (80/20),Base (80/20),2026,2026,False,2,0.0016208461523056217,100,100,0,10.399999999999999
Base,Base (80/20),LCF-active,Base (80/20),Base (80/20),2026,2026,False,3,0.0012609095573424822,100,100,0,5.4000000000000048
Base,Base (80/20),LCF-active,Base (80/20),Base (80/20),2026,2026,False,4,0.00084184074401860709,100,100,0,4.2000000000000037
Base,Base (80/20),LCF-active,Base (80/20),Base (80/20),2026,2026,False,5,0.00034956896305082807,100,100,0,1.4000000000000012
Base,Base (80/20),EO,Base (80/20),Base (80/20),2026,2026,True,1,0.00062857209181632623,100,100,0,1.6000000000000014
Base,Base (80/20),EO,Base (80/20),Base (80/20),2026,2026,True,2,0.012502917216483889,84.599999999999994,82.799999999999997,1.7999999999999972,-5.9461404049748197
Base,Base (80/20),EO,Base (80/20),Base (80/20),2026,2026,True,3,0.020795691183259579,64.600000000000009,67.800000000000011,3.2000000000000028,-1.5050640656821712
Base,Base (80/20),EO,Base (80/20),Base (80/20),2026,2026,True,4,0.022216656477861307,53.200000000000003,56.599999999999994,3.3999999999999915,-4.4010202183904941
Base,Base (80/20),EO,Base (80/20),Base (80/20),2026,2026,True,5,0.024957689244663517,44.200000000000003,48.199999999999996,3.9999999999999929,-8.2086329584498898
Base,Base (80/20),EO,Base (80/20),Base (80/20),2026,2026,False,1,0.00062857209181632623,100,100,0,1.6000000000000014
Base,Base (80/20),EO,Base (80/20),Base (80/20),2026,2026,False,2,0.00062866397592298284,100,100,0,-3.400000000000003
Base,Base (80/20),EO,Base (80/20),Base (80/20),2026,2026,False,3,0.00062863125637124817,100,100,0,-4.3999999999999932
Base,Base (80/20),EO,Base (80/20),Base (80/20),2026,2026,False,4,0.00062857887411604807,100,100,0,2.4000000000000021
Base,Base (80/20),EO,Base (80/20),Base (80/20),2026,2026,False,5,0.00062867730444826631,100,100,0,-6.399999999999995
Base,Base (80/20),DP,Base (80/20),Base (80/20),2026,2026,True,1,0.0011422741246552848,100,100,0,1.0000000000000009
Base,Base (80/20),DP,Base (80/20),Base (80/20),2026,2026,True,2,0.0094701384308387704,85.599999999999994,84.399999999999991,1.2000000000000028,-2.6420693626256875
Base,Base (80/20),DP,Base (80/20),Base (80/20),2026,2026,True,3,0.017373049588655542,68.200000000000003,71,2.7999999999999972,-5.756061294452941
Base,Base (80/20),DP,Base (80/20),Base (80/20),2026,2026,True,4,0.044194951706223451,54.800000000000004,61.399999999999999,6.5999999999999943,-0.36377469744881541
Base,Base (80/20),DP,Base (80/20),Base (80/20),2026,2026,True,5,0.035901811975734943,47.199999999999996,52.600000000000001,5.4000000000000057,-7.1953341496423295
Base,Base (80/20),DP,Base (80/20),Base (80/20),2026,2026,False,1,0.0011422741246552848,100,100,0,1.0000000000000009
Base,Base (80/20),DP,Base (80/20),Base (80/20),2026,2026,False,2,0.0011424394673873461,100,100,0,0.20000000000000018
Base,Base (80/20),DP,Base (80/20),Base (80/20),2026,2026,False,3,0.0011427758312702041,100,100,0,-5.3999999999999932
Base,Base (80/20),DP,Base (80/20),Base (80/20),2026,2026,False,4,0.0011425042886832326,100,100,0,2.9999999999999916
Base,Base (80/20),DP,Base (80/20),Base (80/20),2026,2026,False,5,0.0011429128734443683,100,100,0,-5.9999999999999947
Base,Base (80/20),Baseline,Base (80/20),Base (80/20),7,7,True,1,0.0022804378935982195,100,100,0,2.8000000000000025
Base,Base (80/20),Baseline,Base (80/20),Base (80/20),7,7,True,2,0.0021574839946838509,100,99.599999999999994,0.40000000000000568,0.40562248995983374
Base,Base (80/20),Baseline,Base (80/20),Base (80/20),7,7,True,3,0.0079488371653524403,100,99,1,0.61414141414141143
Base,Base (80/20),Baseline,Base (80/20),Base (80/20),7,7,True,4,0.0078267750075352582,100,99,1,1.2202020202020214
Base,Base (80/20),Baseline,Base (80/20),Base (80/20),7,7,True,5,0.0037090882419978932,99.599999999999994,98.599999999999994,1,1.8337039842941771
Base,Base (80/20),Baseline,Base (80/20),Base (80/20),7,7,False,1,0.0022804378935982195,100,100,0,2.8000000000000025
Base,Base (80/20),Baseline,Base (80/20),Base (80/20),7,7,False,2,0.0021574839946838509,100,100,0,0.40000000000000036
Base,Base (80/20),Baseline,Base (80/20),Base (80/20),7,7,False,3,0.0020262520957031738,100,100,0,0.60000000000000053
Base,Base (80/20),Baseline,Base (80/20),Base (80/20),7,7,False,4,0.0018981831268382043,100,100,0,1.2000000000000011
Base,Base (80/20),Baseline,Base (80/20),Base (80/20),7,7,False,5,0.0017570289767590008,100,100,0,1.8000000000000016
Base,Base (80/20),LCF-full,Base (80/20),Base (80/20),7,7,True,1,0.0033942106962204788,100,100,0,13.600000000000001
Base,Base (80/20),LCF-full,Base (80/20),Base (80/20),7,7,True,2,0.0062011195421218801,100,90.799999999999997,9.2000000000000028,6.4281938325991161
Base,Base (80/20),LCF-full,Base (80/20),Base (80/20),7,7,True,3,0.0053058834075928596,100,88,12,3.2090909090909059
Base,Base (80/20),LCF-full,Base (80/20),Base (80/20),7,7,True,4,0.0065725153684615956,100,86,14,1.3953488372092981
Base,Base (80/20),LCF-full,Base (80/20),Base (80/20),7,7,True,5,0.0062834091186523278,100,85.399999999999991,14.600000000000009,1.4393442622950836
Base,Base (80/20),LCF-full,Base (80/20),Base (80/20),7,7,False,1,0.0033942106962204788,100,100,0,13.600000000000001
Base,Base (80/20),LCF-full,Base (80/20),Base (80/20),7,7,False,2,0.0022814109325408616,100,100,0,7.1999999999999957
Base,Base (80/20),LCF-full,Base (80/20),Base (80/20),7,7,False,3,0.0013348438739777535,100,100,0,4.8000000000000043
Base,Base (80/20),LCF-full,Base (80/20),Base (80/20),7,7,False,4,0.00075949013233178597,100,100,0,3.2000000000000028
Base,Base (80/20),LCF-full,Base (80/20),Base (80/20),7,7,False,5,0.00035835003852846548,100,100,0,3.2000000000000028
Base,Base (80/20),LCF-active,Base (80/20),Base (80/20),7,7,True,1,0.0033998594284058159,100,100,0,13.4
Base,Base (80/20),LCF-active,Base (80/20),Base (80/20),7,7,True,2,0.006193439245223975,100,90.799999999999997,9.2000000000000028,6.4281938325991161
Base,Base (80/20),LCF-active,Base (80/20),Base (80/20),7,7,True,3,0.005293380856513985,100,88,12,3.2090909090909059
Base,Base (80/20),LCF-active,Base (80/20),Base (80/20),7,7,True,4,0.0065611153841018677,100,86,14,1.3953488372092981
Base,Base (80/20),LCF-active,Base (80/20),Base (80/20),7,7,True,5,0.0062415513992309934,100,85.399999999999991,14.600000000000009,1.4393442622950836
Base,Base (80/20),LCF-active,Base (80/20),Base (80/20),7,7,False,1,0.0033998594284058159,100,100,0,13.4
Base,Base (80/20),LCF-active,Base (80/20),Base (80/20),7,7,False,2,0.0022726781368255233,100,100,0,7.1999999999999957
Base,Base (80/20),LCF-active,Base (80/20),Base (80/20),7,7,False,3,0.0013216135501861181,100,100,0,4.8000000000000043
Base,Base (80/20),LCF-active,Base (80/20),Base (80/20),7,7,False,4,0.0007478996515273284,100,100,0,3.2000000000000028
Base,Base (80/20),LCF-active,Base (80/20),Base (80/20),7,7,False,5,0.00031564486026769423,100,100,0,3.2000000000000028
Base,Base (80/20),EO,Base (80/20),Base (80/20),7,7,True,1,0.00062857209181632623,100,100,0,2.200000000000002
Base,Base (80/20),EO,Base (80/20),Base (80/20),7,7,True,2,0.0058729124317853376,85,84.200000000000003,0.79999999999999716,-4.1911415397512979
Base,Base (80/20),EO,Base (80/20),Base (80/20),7,7,True,3,0.0034771638682908335,66.600000000000009,67.200000000000003,0.59999999999999432,-2.4104461604461558
Base,Base (80/20),EO,Base (80/20),Base (80/20),7,7,True,4,0.024775960839803435,53,56.799999999999997,3.7999999999999972,0.066436353972887385
Base,Base (80/20),EO,Base (80/20),Base (80/20),7,7,True,5,0.034180976767963112,42.399999999999999,47.599999999999994,5.1999999999999957,-0.091168542888853121
Base,Base (80/20),EO,Base (80/20),Base (80/20),7,7,False,1,0.00062857209181632623,100,100,0,2.200000000000002
Base,Base (80/20),EO,Base (80/20),Base (80/20),7,7,False,2,0.00062868362975743164,100,100,0,-4.5999999999999925
Base,Base (80/20),EO,Base (80/20),Base (80/20),7,7,False,3,0.00062859848846208433,100,100,0,-2.8000000000000025
Base,Base (80/20),EO,Base (80/20),Base (80/20),7,7,False,4,0.00062854610498941366,100,100,0,-0.20000000000000018
Base,Base (80/20),EO,Base (80/20),Base (80/20),7,7,False,5,0.00062857895264467611,100,100,0,3.0000000000000027
Base,Base (80/20),DP,Base (80/20),Base (80/20),7,7,True,1,0.0011422741246552848,100,100,0,1.4000000000000012
Base,Base (80/20),DP,Base (80/20),Base (80/20),7,7,True,2,0.00035198586791529429,86.200000000000003,86.400000000000006,0.20000000000000284,-5.3955057145312342
Base,Base (80/20),DP,Base (80/20),Base (80/20),7,7,True,3,0.015870927516215716,69.799999999999997,72.399999999999991,2.5999999999999943,-1.6946603555541562
Base,Base (80/20),DP,Base (80/20),Base (80/20),7,7,True,4,0.021663186608544605,58.199999999999996,61.600000000000001,3.4000000000000057,0.18409425625920406
Base,Base (80/20),DP,Base (80/20),Base (80/20),7,7,True,5,0.034480612742349204,47.199999999999996,52.200000000000003,5.0000000000000071,1.7160205208130441
Base,Base (80/20),DP,Base (80/20),Base (80/20),7,7,False,1,0.0011422741246552848,100,100,0,1.4000000000000012
Base,Base (80/20),DP,Base (80/20),Base (80/20),7,7,False,2,0.0011426349460792462,100,100,0,-4.2000000000000037
Base,Base (80/20),DP,Base (80/20),Base (80/20),7,7,False,3,0.0011424838334763709,100,100,0,-2.5999999999999912
Base,Base (80/20),DP,Base (80/20),Base (80/20),7,7,False,4,0.0011423582343652594,100,100,0,0.80000000000000071
Base,Base (80/20),DP,Base (80/20),Base (80/20),7,7,False,5,0.0011426464515389423,100,100,0,1.9999999999999907
Base,Base (80/20),Baseline,Base (80/20),Base (80/20),13,13,True,1,0.0022804378935982195,100,100,0,1.2000000000000011
Base,Base (80/20),Baseline,Base (80/20),Base (80/20),13,13,True,2,0.0017878422721776532,99.599999999999994,99.200000000000003,0.39999999999999147,0.81130975514962511
Base,Base (80/20),Baseline,Base (80/20),Base (80/20),13,13,True,3,0.0058446196180949039,99.400000000000006,99.200000000000003,0.20000000000000284,0.80766859219835174
Base,Base (80/20),Baseline,Base (80/20),Base (80/20),13,13,True,4,0.0099276914311312581,99,99.200000000000003,0.20000000000000284,1.611274030628862
Base,Base (80/20),Baseline,Base (80/20),Base (80/20),13,13,True,5,0.0061263274020771918,99,98.400000000000006,0.59999999999999432,1.8317319536831689
Base,Base (80/20),Baseline,Base (80/20),Base (80/20),13,13,False,1,0.0022804378935982195,100,100,0,1.2000000000000011
Base,Base (80/20),Baseline,Base (80/20),Base (80/20),13,13,False,2,0.0021395744457822774,100,100,0,0.80000000000000071
Base,Base (80/20),Baseline,Base (80/20),Base (80/20),13,13,False,3,0.0020456222705160787,100,100,0,0.80000000000000071
Base,Base (80/20),Baseline,Base (80/20),Base (80/20),13,13,False,4,0.0019203295897457506,100,100,0,1.6000000000000014
Base,Base (80/20),Baseline,Base (80/20),Base (80/20),13,13,False,5,0.0018178884137184381,100,100,0,1.8000000000000016
Base,Base (80/20),LCF-full,Base (80/20),Base (80/20),13,13,True,1,0.0033942106962204788,100,100,0,14.400000000000002
Base,Base (80/20),LCF-full,Base (80/20),Base (80/20),13,13,True,2,0.0021462961435317895,99.400000000000006,87.200000000000003,12.200000000000003,6.6753733409632083
Base,Base (80/20),LCF-full,Base (80/20),Base (80/20),13,13,True,3,0.0066918821334839285,99,84,15,2.6911976911976887
Base,Base (80/20),LCF-full,Base (80/20),Base (80/20),13,13,True,4,0.0091497023105622244,98.799999999999997,83.399999999999991,15.400000000000006,1.2364197710657443
Base,Base (80/20),LCF-full,Base (80/20),Base (80/20),13,13,True,5,0.0095706286430359278,98.799999999999997,83.399999999999991,15.400000000000006,1.4388489208633115
Base,Base (80/20),LCF-full,Base (80/20),Base (80/20),13,13,False,1,0.0033942106962204788,100,100,0,14.400000000000002
Base,Base (80/20),LCF-full,Base (80/20),Base (80/20),13,13,False,2,0.001746487140655506,100,100,0,8.3999999999999968
Base,Base (80/20),LCF-full,Base (80/20),Base (80/20),13,13,False,3,0.0012701594829559459,100,100,0,4.0000000000000036
Base,Base (80/20),LCF-full,Base (80/20),Base (80/20),13,13,False,4,0.00060835278034210294,100,100,0,3.2000000000000028
Base,Base (80/20),LCF-full,Base (80/20),Base (80/20),13,13,False,5,0.00028948163986208808,100,100,0,2.8000000000000025
Base,Base (80/20),LCF-active,Base (80/20),Base (80/20),13,13,True,1,0.0033998594284058159,100,100,0,14.400000000000002
Base,Base (80/20),LCF-active,Base (80/20),Base (80/20),13,13,True,2,0.0021577737331390789,99.400000000000006,87.200000000000003,12.200000000000003,6.8765805844239747
Base,Base (80/20),LCF-active,Base (80/20),Base (80/20),13,13,True,3,0.0066744339466094926,99,84,15,2.4531024531024515
Base,Base (80/20),LCF-active,Base (80/20),Base (80/20),13,13,True,4,0.0091516636610031732,98.799999999999997,83.399999999999991,15.400000000000006,1.2364197710657443
Base,Base (80/20),LCF-active,Base (80/20),Base (80/20),13,13,True,5,0.00957583248615268,98.799999999999997,83.399999999999991,15.400000000000006,1.4388489208633115
Base,Base (80/20),LCF-active,Base (80/20),Base (80/20),13,13,False,1,0.0033998594284058159,100,100,0,14.400000000000002
Base,Base (80/20),LCF-active,Base (80/20),Base (80/20),13,13,False,2,0.0017361881732940176,100,100,0,8.5999999999999961
Base,Base (80/20),LCF-active,Base (80/20),Base (80/20),13,13,False,3,0.0012896510362624403,100,100,0,3.8000000000000034
Base,Base (80/20),LCF-active,Base (80/20),Base (80/20),13,13,False,4,0.00060766899585718015,100,100,0,3.2000000000000028
Base,Base (80/20),LCF-active,Base (80/20),Base (80/20),13,13,False,5,0.00028638911247258481,100,100,0,2.8000000000000025
Base,Base (80/20),EO,Base (80/20),Base (80/20),13,13,True,1,0.00062857209181632623,100,100,0,0.20000000000000018
Base,Base (80/20),EO,Base (80/20),Base (80/20),13,13,True,2,0.007129444257586548,84.399999999999991,83.399999999999991,1,-5.0524509302510623
Base,Base (80/20),EO,Base (80/20),Base (80/20),13,13,True,3,0.02879096441785689,64,68.400000000000006,4.4000000000000057,-0.900950292397662
Base,Base (80/20),EO,Base (80/20),Base (80/20),13,13,True,4,0.026208008597327748,51.399999999999999,55.400000000000006,4.0000000000000071,3.3038812176038435
Base,Base (80/20),EO,Base (80/20),Base (80/20),13,13,True,5,0.0249316656984237,42.199999999999996,46,3.8000000000000043,-9.8495775808778099
Base,Base (80/20),EO,Base (80/20),Base (80/20),13,13,False,1,0.00062857209181632623,100,100,0,0.20000000000000018
Base,Base (80/20),EO,Base (80/20),Base (80/20),13,13,False,2,0.00062863118081923908,100,100,0,-4.0000000000000036
Base,Base (80/20),EO,Base (80/20),Base (80/20),13,13,False,3,0.00062861157650229149,100,100,0,-3.2000000000000028
Base,Base (80/20),EO,Base (80/20),Base (80/20),13,13,False,4,0.00062858543203092587,100,100,0,2.4000000000000021
Base,Base (80/20),EO,Base (80/20),Base (80/20),13,13,False,5,0.00062867732533389287,100,100,0,-3.6000000000000032
Base,Base (80/20),DP,Base (80/20),Base (80/20),13,13,True,1,0.0011422741246552848,100,100,0,2.0000000000000018
Base,Base (80/20),DP,Base (80/20),Base (80/20),13,13,True,2,0.026205985371832163,86,82.399999999999991,3.6000000000000085,-3.8868819146534173
Base,Base (80/20),DP,Base (80/20),Base (80/20),13,13,True,3,0.0076471129491380574,68.600000000000009,70,1.3999999999999915,-1.4285714285714235
Base,Base (80/20),DP,Base (80/20),Base (80/20),13,13,True,4,0.014756014524004935,56.200000000000003,59.199999999999996,2.9999999999999929,2.1833221121477342
Base,Base (80/20),DP,Base (80/20),Base (80/20),13,13,True,5,0.019029105290743087,46.600000000000001,50.399999999999999,3.7999999999999972,-6.9861707200763012
Base,Base (80/20),DP,Base (80/20),Base (80/20),13,13,False,1,0.0011422741246552848,100,100,0,2.0000000000000018
Base,Base (80/20),DP,Base (80/20),Base (80/20),13,13,False,2,0.0011427072290034479,100,100,0,-2.399999999999991
Base,Base (80/20),DP,Base (80/20),Base (80/20),13,13,False,3,0.0011428249049229011,100,100,0,-2.4000000000000021
Base,Base (80/20),DP,Base (80/20),Base (80/20),13,13,False,4,0.001142844727179404,100,100,0,2.0000000000000018
Base,Base (80/20),DP,Base (80/20),Base (80/20),13,13,False,5,0.001143228589218781,100,100,0,-4.5999999999999925
Base,Base (80/20),Baseline,Base (80/20),Base (80/20),42,42,True,1,0.0022804378935982195,100,100,0,0
Base,Base (80/20),Baseline,Base (80/20),Base (80/20),42,42,True,2,0.0021332921560452967,100,100,0,2.0000000000000018
Base,Base (80/20),Baseline,Base (80/20),Base (80/20),42,42,True,3,0.0020063543277426543,100,99.200000000000003,0.79999999999999716,0.81290322580644947
Base,Base (80/20),Baseline,Base (80/20),Base (80/20),42,42,True,4,0.0018800938336325235,100,99.200000000000003,0.79999999999999716,1.4145161290322616
Base,Base (80/20),Baseline,Base (80/20),Base (80/20),42,42,True,5,0.0017846811938463381,100,99.200000000000003,0.79999999999999716,0.2080645161290362
Base,Base (80/20),Baseline,Base (80/20),Base (80/20),42,42,False,1,0.0022804378935982195,100,100,0,0
Base,Base (80/20),Baseline,Base (80/20),Base (80/20),42,42,False,2,0.0021332921560452967,100,100,0,2.0000000000000018
Base,Base (80/20),Baseline,Base (80/20),Base (80/20),42,42,False,3,0.0020063543277426543,100,100,0,0.80000000000000071
Base,Base (80/20),Baseline,Base (80/20),Base (80/20),42,42,False,4,0.0018800938336325235,100,100,0,1.4000000000000012
Base,Base (80/20),Baseline,Base (80/20),Base (80/20),42,42,False,5,0.0017846811938463381,100,100,0,0.20000000000000018
Base,Base (80/20),LCF-full,Base (80/20),Base (80/20),42,42,True,1,0.0033942106962204788,100,100,0,10.199999999999998
Base,Base (80/20),LCF-full,Base (80/20),Base (80/20),42,42,True,2,0.0080191239118576618,99.400000000000006,92,7.4000000000000057,6.1355087044003165
Base,Base (80/20),LCF-full,Base (80/20),Base (80/20),42,42,True,3,0.0072331119775772557,99.200000000000003,88,11.200000000000003,4.1165689149560087
Base,Base (80/20),LCF-full,Base (80/20),Base (80/20),42,42,True,4,0.0078572402000426367,99.200000000000003,86.599999999999994,12.600000000000009,2.3094688221709014
Base,Base (80/20),LCF-full,Base (80/20),Base (80/20),42,42,True,5,0.0078622388839721946,99.200000000000003,85.599999999999994,13.600000000000009,0.70093457943924964
Base,Base (80/20),LCF-full,Base (80/20),Base (80/20),42,42,False,1,0.0033942106962204788,100,100,0,10.199999999999998
Base,Base (80/20),LCF-full,Base (80/20),Base (80/20),42,42,False,2,0.001414638638496335,100,100,0,7.399999999999995
Base,Base (80/20),LCF-full,Base (80/20),Base (80/20),42,42,False,3,0.00094233179092406694,100,100,0,5.8000000000000052
Base,Base (80/20),LCF-full,Base (80/20),Base (80/20),42,42,False,4,0.00050394427776334627,100,100,0,3.400000000000003
Base,Base (80/20),LCF-full,Base (80/20),Base (80/20),42,42,False,5,0.00034415602684023661,100,100,0,2.200000000000002
Base,Base (80/20),LCF-active,Base (80/20),Base (80/20),42,42,True,1,0.0033998594284058159,100,100,0,10.199999999999998
Base,Base (80/20),LCF-active,Base (80/20),Base (80/20),42,42,True,2,0.0080329439640044464,99.400000000000006,92,7.4000000000000057,6.1355087044003165
Base,Base (80/20),LCF-active,Base (80/20),Base (80/20),42,42,True,3,0.0072464802265167494,99.200000000000003,88,11.200000000000003,4.1165689149560087
Base,Base (80/20),LCF-active,Base (80/20),Base (80/20),42,42,True,4,0.0078683166503905611,99.200000000000003,86.599999999999994,12.600000000000009,2.3094688221709014
Base,Base (80/20),LCF-active,Base (80/20),Base (80/20),42,42,True,5,0.0078676669597625981,99.200000000000003,85.599999999999994,13.600000000000009,0.70093457943924964
Base,Base (80/20),LCF-active,Base (80/20),Base (80/20),42,42,False,1,0.0033998594284058159,100,100,0,10.199999999999998
Base,Base (80/20),LCF-active,Base (80/20),Base (80/20),42,42,False,2,0.0014032764434814826,100,100,0,7.399999999999995
Base,Base (80/20),LCF-active,Base (80/20),Base (80/20),42,42,False,3,0.00093288862705231956,100,100,0,5.8000000000000052
Base,Base (80/20),LCF-active,Base (80/20),Base (80/20),42,42,False,4,0.00049654245376595796,100,100,0,3.400000000000003
Base,Base (80/20),LCF-active,Base (80/20),Base (80/20),42,42,False,5,0.0003390896320343284,100,100,0,2.200000000000002
Base,Base (80/20),EO,Base (80/20),Base (80/20),42,42,True,1,0.00062857209181632623,100,100,0,-5.7999999999999936
Base,Base (80/20),EO,Base (80/20),Base (80/20),42,42,True,2,0.055135894582501455,78.799999999999997,87.200000000000003,8.4000000000000057,-0.18744469799283348
Base,Base (80/20),EO,Base (80/20),Base (80/20),42,42,True,3,0.048565582726756873,62.799999999999997,70.199999999999989,7.3999999999999915,-2.3354564755838636
Base,Base (80/20),EO,Base (80/20),Base (80/20),42,42,True,4,0.039384602878104247,51.600000000000001,57.799999999999997,6.1999999999999957,2.2933934175585424
Base,Base (80/20),EO,Base (80/20),Base (80/20),42,42,True,5,0.038071846032244672,42.799999999999997,48.799999999999997,6,7.3234257698789662
Base,Base (80/20),EO,Base (80/20),Base (80/20),42,42,False,1,0.00062857209181632623,100,100,0,-5.7999999999999936
Base,Base (80/20),EO,Base (80/20),Base (80/20),42,42,False,2,0.00062840823704590765,100,100,0,1.4000000000000012
Base,Base (80/20),EO,Base (80/20),Base (80/20),42,42,False,3,0.00062848702510276411,100,100,0,-1.8000000000000016
Base,Base (80/20),EO,Base (80/20),Base (80/20),42,42,False,4,0.00062838872073767149,100,100,0,-2.9999999999999916
Base,Base (80/20),EO,Base (80/20),Base (80/20),42,42,False,5,0.00062839533896708044,100,100,0,1.7999999999999905
Base,Base (80/20),DP,Base (80/20),Base (80/20),42,42,True,1,0.0011422741246552848,100,100,0,-5.3999999999999932
Base,Base (80/20),DP,Base (80/20),Base (80/20),42,42,True,2,0.039634812398937735,81.599999999999994,87.400000000000006,5.8000000000000114,-0.25126755507695053
Base,Base (80/20),DP,Base (80/20),Base (80/20),42,42,True,3,0.04669116991328548,65.799999999999997,72.599999999999994,6.7999999999999972,-0.22524219816288937
Base,Base (80/20),DP,Base (80/20),Base (80/20),42,42,True,4,0.0342725392448755,55.200000000000003,60.199999999999996,4.9999999999999929,4.5380133853339055
Base,Base (80/20),DP,Base (80/20),Base (80/20),42,42,True,5,0.013310724731855683,49.799999999999997,51.800000000000004,2.0000000000000071,6.8381634646694884
Base,Base (80/20),DP,Base (80/20),Base (80/20),42,42,False,1,0.0011422741246552848,100,100,0,-5.3999999999999932
Base,Base (80/20),DP,Base (80/20),Base (80/20),42,42,False,2,0.0011417110362902383,100,100,0,-0.80000000000000071
Base,Base (80/20),DP,Base (80/20),Base (80/20),42,42,False,3,0.0011417782454704595,100,100,0,-0.40000000000000036
Base,Base (80/20),DP,Base (80/20),Base (80/20),42,42,False,4,0.0011415803208953967,100,100,0,-2.4000000000000021
Base,Base (80/20),DP,Base (80/20),Base (80/20),42,42,False,5,0.0011417222389552562,100,100,0,2.200000000000002
Base,Base (80/20),Baseline,Base (80/20),Base (80/20),99,99,True,1,0.0022804378935982195,100,100,0,2.200000000000002
Base,Base (80/20),Baseline,Base (80/20),Base (80/20),99,99,True,2,0.0037867876289960911,99.400000000000006,99.200000000000003,0.20000000000000284,1.8165444278574694
Base,Base (80/20),Baseline,Base (80/20),Base (80/20),99,99,True,3,0.0019350486949153423,99,98.599999999999994,0.40000000000000568,0.40895773147293646
Base,Base (80/20),Baseline,Base (80/20),Base (80/20),99,99,True,4,0.0040194065886414165,98.799999999999997,98.599999999999994,0.20000000000000284,1.6239498731224988
Base,Base (80/20),Baseline,Base (80/20),Base (80/20),99,99,True,5,0.0060522087242488309,98.599999999999994,98.200000000000003,0.39999999999999147,-0.605214345025884
Base,Base (80/20),Baseline,Base (80/20),Base (80/20),99,99,False,1,0.0022804378935982195,100,100,0,2.200000000000002
Base,Base (80/20),Baseline,Base (80/20),Base (80/20),99,99,False,2,0.0021593786146036908,100,100,0,1.8000000000000016
Base,Base (80/20),Baseline,Base (80/20),Base (80/20),99,99,False,3,0.0020255557053934226,100,100,0,0.40000000000000036
Base,Base (80/20),Baseline,Base (80/20),Base (80/20),99,99,False,4,0.0019101911927573711,100,100,0,1.6000000000000014
Base,Base (80/20),Baseline,Base (80/20),Base (80/20),99,99,False,5,0.001828488161213504,100,100,0,-0.60000000000000053
Base,Base (80/20),LCF-full,Base (80/20),Base (80/20),99,99,True,1,0.0033942106962204788,100,100,0,12.800000000000001
Base,Base (80/20),LCF-full,Base (80/20),Base (80/20),99,99,True,2,0.001732845187187193,98.799999999999997,88,10.799999999999997,5.0993743099006288
Base,Base (80/20),LCF-full,Base (80/20),Base (80/20),99,99,True,3,0.0046511143445968628,98.200000000000003,86,12.200000000000003,3.2847061052432069
Base,Base (80/20),LCF-full,Base (80/20),Base (80/20),99,99,True,4,0.0051863697767257078,98.200000000000003,85.200000000000003,13,2.1126760563380254
Base,Base (80/20),LCF-full,Base (80/20),Base (80/20),99,99,True,5,0.005386296272277824,98.200000000000003,85.200000000000003,13,0.50055936433263115
Base,Base (80/20),LCF-full,Base (80/20),Base (80/20),99,99,False,1,0.0033942106962204788,100,100,0,12.800000000000001
Base,Base (80/20),LCF-full,Base (80/20),Base (80/20),99,99,False,2,0.0023329315185547372,100,100,0,7.9999999999999964
Base,Base (80/20),LCF-full,Base (80/20),Base (80/20),99,99,False,3,0.0019010084867477905,100,100,0,5.2000000000000046
Base,Base (80/20),LCF-full,Base (80/20),Base (80/20),99,99,False,4,0.0010915231704711204,100,100,0,3.400000000000003
Base,Base (80/20),LCF-full,Base (80/20),Base (80/20),99,99,False,5,0.00072970306873321178,100,100,0,1.6000000000000014
Base,Base (80/20),LCF-active,Base (80/20),Base (80/20),99,99,True,1,0.0033998594284058159,100,100,0,12.800000000000001
Base,Base (80/20),LCF-active,Base (80/20),Base (80/20),99,99,True,2,0.0017398463487624527,98.799999999999997,88,10.799999999999997,4.8721015826278968
Base,Base (80/20),LCF-active,Base (80/20),Base (80/20),99,99,True,3,0.0046625727415084972,98.200000000000003,86,12.200000000000003,3.2847061052432069
Base,Base (80/20),LCF-active,Base (80/20),Base (80/20),99,99,True,4,0.0051977258920669067,98.200000000000003,85.200000000000003,13,2.1126760563380254
Base,Base (80/20),LCF-active,Base (80/20),Base (80/20),99,99,True,5,0.0053917865753173588,98.200000000000003,85.200000000000003,13,0.50055936433263115
Base,Base (80/20),LCF-active,Base (80/20),Base (80/20),99,99,False,1,0.0033998594284058159,100,100,0,12.800000000000001
Base,Base (80/20),LCF-active,Base (80/20),Base (80/20),99,99,False,2,0.0023271276950835862,100,100,0,7.7999999999999954
Base,Base (80/20),LCF-active,Base (80/20),Base (80/20),99,99,False,3,0.0018932653665542087,100,100,0,5.2000000000000046
Base,Base (80/20),LCF-active,Base (80/20),Base (80/20),99,99,False,4,0.0010795477628707806,100,100,0,3.400000000000003
Base,Base (80/20),LCF-active,Base (80/20),Base (80/20),99,99,False,5,0.00072258090972898703,100,100,0,1.6000000000000014
Base,Base (80/20),EO,Base (80/20),Base (80/20),99,99,True,1,0.00062857209181632623,100,100,0,3.8000000000000034
Base,Base (80/20),EO,Base (80/20),Base (80/20),99,99,True,2,0.033611712503091251,86,81.200000000000003,4.7999999999999972,0.73433382976286765
Base,Base (80/20),EO,Base (80/20),Base (80/20),99,99,True,3,0.026903701555074599,68.200000000000003,64.400000000000006,3.7999999999999972,2.3178084187901793
Base,Base (80/20),EO,Base (80/20),Base (80/20),99,99,True,4,0.017535633400540096,54.600000000000001,52.200000000000003,2.3999999999999986,-6.0460612184750069
Base,Base (80/20),EO,Base (80/20),Base (80/20),99,99,True,5,0.0016055717078194975,45.200000000000003,45.200000000000003,0,0
Base,Base (80/20),EO,Base (80/20),Base (80/20),99,99,False,1,0.00062857209181632623,100,100,0,3.8000000000000034
Base,Base (80/20),EO,Base (80/20),Base (80/20),99,99,False,2,0.00062872297856386705,100,100,0,0
Base,Base (80/20),EO,Base (80/20),Base (80/20),99,99,False,3,0.0006287230579073988,100,100,0,-0.20000000000000018
Base,Base (80/20),EO,Base (80/20),Base (80/20),99,99,False,4,0.00062879525127146341,100,100,0,-4.5999999999999925
Base,Base (80/20),EO,Base (80/20),Base (80/20),99,99,False,5,0.00062874285145120279,100,100,0,-4.1999999999999922
Base,Base (80/20),DP,Base (80/20),Base (80/20),99,99,True,1,0.0011422741246552848,100,100,0,3.5999999999999921
Base,Base (80/20),DP,Base (80/20),Base (80/20),99,99,True,2,0.028956488666756042,87.400000000000006,83.399999999999991,4.0000000000000142,-1.6687793929616057
Base,Base (80/20),DP,Base (80/20),Base (80/20),99,99,True,3,0.01480976349410934,70.599999999999994,68.799999999999997,1.7999999999999972,1.9410040187100575
Base,Base (80/20),DP,Base (80/20),Base (80/20),99,99,True,4,0.017459273264562036,59.199999999999996,56.999999999999993,2.2000000000000028,-7.1823138928402086
Base,Base (80/20),DP,Base (80/20),Base (80/20),99,99,True,5,0.004964856210409152,50.399999999999999,51.399999999999999,1,-3.7227472052374755
Base,Base (80/20),DP,Base (80/20),Base (80/20),99,99,False,1,0.0011422741246552848,100,100,0,3.5999999999999921
Base,Base (80/20),DP,Base (80/20),Base (80/20),99,99,False,2,0.0011427562509215283,100,100,0,-0.20000000000000018
Base,Base (80/20),DP,Base (80/20),Base (80/20),99,99,False,3,0.0011428002205753351,100,100,0,-0.40000000000000036
Base,Base (80/20),DP,Base (80/20),Base (80/20),99,99,False,4,0.0011430395140455962,100,100,0,-5.9999999999999947
Base,Base (80/20),DP,Base (80/20),Base (80/20),99,99,False,5,0.0011426467469031198,100,100,0,-4.5999999999999925
Base,Erdős–Rényi,Baseline,Erdős–Rényi,Erdős–Rényi,2026,2026,True,1,0.0022731282140118214,100,100,0,1.4000000000000012
Base,Erdős–Rényi,Baseline,Erdős–Rényi,Erdős–Rényi,2026,2026,True,2,0.0018102972275149121,99.599999999999994,99.599999999999994,0,0.80321285140562138
Base,Erdős–Rényi,Baseline,Erdős–Rényi,Erdős–Rényi,2026,2026,True,3,0.0020289687393653111,99.599999999999994,99.200000000000003,0.39999999999999147,1.0104935872522369
Base,Erdős–Rényi,Baseline,Erdős–Rényi,Erdős–Rényi,2026,2026,True,4,0.0019209478408820369,99.599999999999994,99.200000000000003,0.39999999999999147,1.816945200155462
Base,Erdős–Rényi,Baseline,Erdős–Rényi,Erdős–Rényi,2026,2026,True,5,0.0037585513734957887,99.599999999999994,99,0.59999999999999432,1.4202263599853993
Base,Erdős–Rényi,Baseline,Erdős–Rényi,Erdős–Rényi,2026,2026,False,1,0.0022731282140118214,100,100,0,1.4000000000000012
Base,Erdős–Rényi,Baseline,Erdős–Rényi,Erdős–Rényi,2026,2026,False,2,0.0021374535684350882,100,100,0,0.80000000000000071
Base,Erdős–Rényi,Baseline,Erdős–Rényi,Erdős–Rényi,2026,2026,False,3,0.0020345869091292768,100,100,0,0.80000000000000071
Base,Erdős–Rényi,Baseline,Erdős–Rényi,Erdős–Rényi,2026,2026,False,4,0.0019251675791063239,100,100,0,1.8000000000000016
Base,Erdős–Rényi,Baseline,Erdős–Rényi,Erdős–Rényi,2026,2026,False,5,0.0018085376944124709,100,100,0,1.4000000000000012
Base,Erdős–Rényi,LCF-full,Erdős–Rényi,Erdős–Rényi,2026,2026,True,1,0.0034314200878142742,100,100,0,13.4
Base,Erdős–Rényi,LCF-full,Erdős–Rényi,Erdős–Rényi,2026,2026,True,2,0.0052408422231674523,100,90.799999999999997,9.2000000000000028,9.0916299559471341
Base,Erdős–Rényi,LCF-full,Erdős–Rényi,Erdős–Rényi,2026,2026,True,3,0.0090366981029510463,100,86.599999999999994,13.400000000000006,3.7260969976905312
Base,Erdős–Rényi,LCF-full,Erdős–Rényi,Erdős–Rényi,2026,2026,True,4,0.0087697938680648679,100,85,15,3.094117647058825
Base,Erdős–Rényi,LCF-full,Erdős–Rényi,Erdős–Rényi,2026,2026,True,5,0.0083291295766829698,100,84,16,0.4761904761904745
Base,Erdős–Rényi,LCF-full,Erdős–Rényi,Erdős–Rényi,2026,2026,False,1,0.0034314200878142742,100,100,0,13.4
Base,Erdős–Rényi,LCF-full,Erdős–Rényi,Erdős–Rényi,2026,2026,False,2,0.0016554458141326833,100,100,0,10.799999999999999
Base,Erdős–Rényi,LCF-full,Erdős–Rényi,Erdős–Rényi,2026,2026,False,3,0.0012861407995223839,100,100,0,5.600000000000005
Base,Erdős–Rényi,LCF-full,Erdős–Rényi,Erdős–Rényi,2026,2026,False,4,0.00086369264125818468,100,100,0,4.4000000000000039
Base,Erdős–Rényi,LCF-full,Erdős–Rényi,Erdős–Rényi,2026,2026,False,5,0.00036283242702483953,100,100,0,1.4000000000000012
Base,Erdős–Rényi,LCF-active,Erdős–Rényi,Erdős–Rényi,2026,2026,True,1,0.0034103021621704199,100,100,0,13.4
Base,Erdős–Rényi,LCF-active,Erdős–Rényi,Erdős–Rényi,2026,2026,True,2,0.0052179210186005243,100,90.799999999999997,9.2000000000000028,8.6511013215859087
Base,Erdős–Rényi,LCF-active,Erdős–Rényi,Erdős–Rényi,2026,2026,True,3,0.0090218994617462522,100,86.599999999999994,13.400000000000006,3.7260969976905312
Base,Erdős–Rényi,LCF-active,Erdős–Rényi,Erdős–Rényi,2026,2026,True,4,0.0087562878131867139,100,85,15,2.8588235294117692
Base,Erdős–Rényi,LCF-active,Erdős–Rényi,Erdős–Rényi,2026,2026,True,5,0.0083204659223556909,100,84,16,0.4761904761904745
Base,Erdős–Rényi,LCF-active,Erdős–Rényi,Erdős–Rényi,2026,2026,False,1,0.0034103021621704199,100,100,0,13.4
Base,Erdős–Rényi,LCF-active,Erdős–Rényi,Erdős–Rényi,2026,2026,False,2,0.0016306108236313621,100,100,0,10.399999999999999
Base,Erdős–Rényi,LCF-active,Erdős–Rényi,Erdős–Rényi,2026,2026,False,3,0.0012682092189789662,100,100,0,5.4000000000000048
Base,Erdős–Rényi,LCF-active,Erdős–Rényi,Erdős–Rényi,2026,2026,False,4,0.00084795868396758678,100,100,0,4.2000000000000037
Base,Erdős–Rényi,LCF-active,Erdős–Rényi,Erdős–Rényi,2026,2026,False,5,0.00035299062728888497,100,100,0,1.4000000000000012
Base,Erdős–Rényi,EO,Erdős–Rényi,Erdős–Rényi,2026,2026,True,1,0.0006307339524530553,100,100,0,1.6000000000000014
Base,Erdős–Rényi,EO,Erdős–Rényi,Erdős–Rényi,2026,2026,True,2,0.023103632164223731,87.799999999999997,84.399999999999991,3.4000000000000057,-6.050480950890103
Base,Erdős–Rényi,EO,Erdős–Rényi,Erdős–Rényi,2026,2026,True,3,0.03667875684828753,64.600000000000009,70.199999999999989,5.5999999999999801,-1.7632064071692599
Base,Erdős–Rényi,EO,Erdős–Rényi,Erdős–Rényi,2026,2026,True,4,0.023486460914910912,55.200000000000003,58.799999999999997,3.5999999999999943,2.7654540076900269
Base,Erdős–Rényi,EO,Erdős–Rényi,Erdős–Rényi,2026,2026,True,5,0.0029280682108326905,47.199999999999996,47,0.19999999999999574,-8.3555715831229787
Base,Erdős–Rényi,EO,Erdős–Rényi,Erdős–Rényi,2026,2026,False,1,0.0006307339524530553,100,100,0,1.6000000000000014
Base,Erdős–Rényi,EO,Erdős–Rényi,Erdős–Rényi,2026,2026,False,2,0.00063082646981937884,100,100,0,-3.400000000000003
Base,Erdős–Rényi,EO,Erdős–Rényi,Erdős–Rényi,2026,2026,False,3,0.00063079352525807764,100,100,0,-4.3999999999999932
Base,Erdős–Rényi,EO,Erdős–Rényi,Erdős–Rényi,2026,2026,False,4,0.00063074078261093902,100,100,0,2.4000000000000021
Base,Erdős–Rényi,EO,Erdős–Rényi,Erdős–Rényi,2026,2026,False,5,0.00063083989123835504,100,100,0,-6.399999999999995
Base,Erdős–Rényi,DP,Erdős–Rényi,Erdős–Rényi,2026,2026,True,1,0.0011461604442812856,100,100,0,1.0000000000000009
Base,Erdős–Rényi,DP,Erdős–Rényi,Erdős–Rényi,2026,2026,True,2,0.013691635167245919,89.200000000000003,87.400000000000006,1.7999999999999972,-1.2072733989389572
Base,Erdős–Rényi,DP,Erdős–Rényi,Erdős–Rényi,2026,2026,True,3,0.0093279559391549194,72.399999999999991,71.200000000000003,1.1999999999999886,-7.5873735179092456
Base,Erdős–Rényi,DP,Erdős–Rényi,Erdős–Rényi,2026,2026,True,4,0.0076688889428379592,61.399999999999999,62.600000000000001,1.2000000000000028,2.3071879780624638
Base,Erdős–Rényi,DP,Erdős–Rényi,Erdős–Rényi,2026,2026,True,5,0.0076299679584767577,52.600000000000001,51.600000000000001,1,-7.915524508503557
Base,Erdős–Rényi,DP,Erdős–Rényi,Erdős–Rényi,2026,2026,False,1,0.0011461604442812856,100,100,0,1.0000000000000009
Base,Erdős–Rényi,DP,Erdős–Rényi,Erdős–Rényi,2026,2026,False,2,0.0011463268945193228,100,100,0,0.20000000000000018
Base,Erdős–Rényi,DP,Erdős–Rényi,Erdős–Rényi,2026,2026,False,3,0.0011466655289990024,100,100,0,-5.3999999999999932
Base,Erdős–Rényi,DP,Erdős–Rényi,Erdős–Rényi,2026,2026,False,4,0.0011463921312363512,100,100,0,2.9999999999999916
Base,Erdős–Rényi,DP,Erdős–Rényi,Erdős–Rényi,2026,2026,False,5,0.001146803474258884,100,100,0,-5.9999999999999947
Base,Erdős–Rényi,Baseline,Erdős–Rényi,Erdős–Rényi,7,7,True,1,0.0022731282140118214,100,100,0,2.8000000000000025
Base,Erdős–Rényi,Baseline,Erdős–Rényi,Erdős–Rényi,7,7,True,2,0.0060924106107264064,100,99,1,0.41414141414141126
Base,Erdős–Rényi,Baseline,Erdős–Rényi,Erdős–Rényi,7,7,True,3,0.011897700609501016,100,98.400000000000006,1.5999999999999943,0.62276422764228068
Base,Erdős–Rényi,Baseline,Erdős–Rényi,Erdős–Rényi,7,7,True,4,0.011780436795202687,100,98.400000000000006,1.5999999999999943,1.2325203252032568
Base,Erdős–Rényi,Baseline,Erdős–Rényi,Erdős–Rényi,7,7,True,5,0.011649360658571806,100,97.799999999999997,2.2000000000000028,1.8584867075664646
Base,Erdős–Rényi,Baseline,Erdős–Rényi,Erdős–Rényi,7,7,False,1,0.0022731282140118214,100,100,0,2.8000000000000025
Base,Erdős–Rényi,Baseline,Erdős–Rényi,Erdős–Rényi,7,7,False,2,0.0021515389420427855,100,100,0,0.40000000000000036
Base,Erdős–Rényi,Baseline,Erdős–Rényi,Erdős–Rényi,7,7,False,3,0.0020216612146726209,100,100,0,0.60000000000000053
Base,Erdős–Rényi,Baseline,Erdős–Rényi,Erdős–Rényi,7,7,False,4,0.0018948399825249318,100,100,0,1.2000000000000011
Base,Erdős–Rényi,Baseline,Erdős–Rényi,Erdős–Rényi,7,7,False,5,0.0017549247862534978,100,100,0,1.8000000000000016
Base,Erdős–Rényi,LCF-full,Erdős–Rényi,Erdős–Rényi,7,7,True,1,0.0034314200878142742,100,100,0,13.600000000000001
Base,Erdős–Rényi,LCF-full,Erdős–Rényi,Erdős–Rényi,7,7,True,2,0.011391668438911484,100,92.600000000000009,7.3999999999999915,6.5114470842332572
Base,Erdős–Rényi,LCF-full,Erdős–Rényi,Erdős–Rényi,7,7,True,3,0.0148725147247315,100,89.799999999999997,10.200000000000003,3.3634743875278428
Base,Erdős–Rényi,LCF-full,Erdős–Rényi,Erdős–Rényi,7,7,True,4,0.01639782238006593,100,88.200000000000003,11.799999999999997,1.1337868480725599
Base,Erdős–Rényi,LCF-full,Erdős–Rényi,Erdős–Rényi,7,7,True,5,0.016219516634941145,100,87.799999999999997,12.200000000000003,1.1667425968109324
Base,Erdős–Rényi,LCF-full,Erdős–Rényi,Erdős–Rényi,7,7,False,1,0.0034314200878142742,100,100,0,13.600000000000001
Base,Erdős–Rényi,LCF-full,Erdős–Rényi,Erdős–Rényi,7,7,False,2,0.0023054817914962555,100,100,0,7.1999999999999957
Base,Erdős–Rényi,LCF-full,Erdős–Rényi,Erdős–Rényi,7,7,False,3,0.0013495107889176516,100,100,0,4.8000000000000043
Base,Erdős–Rényi,LCF-full,Erdős–Rényi,Erdős–Rényi,7,7,False,4,0.00076800024509426912,100,100,0,3.2000000000000028
Base,Erdős–Rényi,LCF-full,Erdős–Rényi,Erdős–Rényi,7,7,False,5,0.00036298716068272618,100,100,0,3.2000000000000028
Base,Erdős–Rényi,LCF-active,Erdős–Rényi,Erdős–Rényi,7,7,True,1,0.0034103021621704199,100,100,0,13.4
Base,Erdős–Rényi,LCF-active,Erdős–Rényi,Erdős–Rényi,7,7,True,2,0.011371993422508164,100,92.600000000000009,7.3999999999999915,6.5114470842332572
Base,Erdős–Rényi,LCF-active,Erdős–Rényi,Erdős–Rényi,7,7,True,3,0.014858717203140248,100,89.799999999999997,10.200000000000003,3.3634743875278428
Base,Erdős–Rényi,LCF-active,Erdős–Rényi,Erdős–Rényi,7,7,True,4,0.016387892723083497,100,88.200000000000003,11.799999999999997,1.1337868480725599
Base,Erdős–Rényi,LCF-active,Erdős–Rényi,Erdős–Rényi,7,7,True,5,0.01621340024471285,100,87.799999999999997,12.200000000000003,1.1667425968109324
Base,Erdős–Rényi,LCF-active,Erdős–Rényi,Erdős–Rényi,7,7,False,1,0.0034103021621704199,100,100,0,13.4
Base,Erdős–Rényi,LCF-active,Erdős–Rényi,Erdős–Rényi,7,7,False,2,0.0022828773260116231,100,100,0,7.1999999999999957
Base,Erdős–Rényi,LCF-active,Erdős–Rényi,Erdős–Rényi,7,7,False,3,0.0013298588991165206,100,100,0,4.8000000000000043
Base,Erdős–Rényi,LCF-active,Erdős–Rényi,Erdős–Rényi,7,7,False,4,0.00075365066528321201,100,100,0,3.2000000000000028
Base,Erdős–Rényi,LCF-active,Erdős–Rényi,Erdős–Rényi,7,7,False,5,0.00035371553897856067,100,100,0,3.2000000000000028
Base,Erdős–Rényi,EO,Erdős–Rényi,Erdős–Rényi,7,7,True,1,0.0006307339524530553,100,100,0,2.200000000000002
Base,Erdős–Rényi,EO,Erdős–Rényi,Erdős–Rényi,7,7,True,2,0.017752044687788016,86,83.399999999999991,2.6000000000000085,-5.8886844013161577
Base,Erdős–Rényi,EO,Erdős–Rényi,Erdős–Rényi,7,7,True,3,0.02869357580021703,68,72.399999999999991,4.3999999999999915,-3.0094247643808858
Base,Erdős–Rényi,EO,Erdős–Rényi,Erdős–Rényi,7,7,True,4,0.03538642528979119,55.200000000000003,60.600000000000001,5.3999999999999986,-0.22600086095566629
Base,Erdős–Rényi,EO,Erdős–Rényi,Erdős–Rényi,7,7,True,5,0.028924988593969636,45.200000000000003,49.600000000000001,4.3999999999999986,4.5496717099628885
Base,Erdős–Rényi,EO,Erdős–Rényi,Erdős–Rényi,7,7,False,1,0.0006307339524530553,100,100,0,2.200000000000002
Base,Erdős–Rényi,EO,Erdős–Rényi,Erdős–Rényi,7,7,False,2,0.00063084625892406709,100,100,0,-4.5999999999999925
Base,Erdős–Rényi,EO,Erdős–Rényi,Erdős–Rényi,7,7,False,3,0.00063076053175059599,100,100,0,-2.8000000000000025
Base,Erdős–Rényi,EO,Erdős–Rényi,Erdős–Rényi,7,7,False,4,0.00063070778786378234,100,100,0,-0.20000000000000018
Base,Erdős–Rényi,EO,Erdős–Rényi,Erdős–Rényi,7,7,False,5,0.00063074086206249547,100,100,0,3.0000000000000027
Base,Erdős–Rényi,DP,Erdős–Rényi,Erdős–Rényi,7,7,True,1,0.0011461604442812856,100,100,0,1.4000000000000012
Base,Erdős–Rényi,DP,Erdős–Rényi,Erdős–Rényi,7,7,True,2,0.0059964553260422049,85.399999999999991,86.400000000000006,1.0000000000000142,-5.6818674646543554
Base,Erdős–Rényi,DP,Erdős–Rényi,Erdős–Rényi,7,7,True,3,0.0313091655979989,71.399999999999991,76,4.6000000000000085,-2.1959310039805335
Base,Erdős–Rényi,DP,Erdős–Rényi,Erdős–Rényi,7,7,True,4,0.032780543786864125,60.199999999999996,65,4.8000000000000043,0.72169690774341877
Base,Erdős–Rényi,DP,Erdős–Rényi,Erdős–Rényi,7,7,True,5,0.021842967207334252,50.799999999999997,54,3.2000000000000028,1.9072615923009573
Base,Erdős–Rényi,DP,Erdős–Rényi,Erdős–Rényi,7,7,False,1,0.0011461604442812856,100,100,0,1.4000000000000012
Base,Erdős–Rényi,DP,Erdős–Rényi,Erdős–Rényi,7,7,False,2,0.0011465237026359043,100,100,0,-4.2000000000000037
Base,Erdős–Rényi,DP,Erdős–Rényi,Erdős–Rényi,7,7,False,3,0.001146371548768732,100,100,0,-2.5999999999999912
Base,Erdős–Rényi,DP,Erdős–Rényi,Erdős–Rényi,7,7,False,4,0.0011462450850888706,100,100,0,0.80000000000000071
Base,Erdős–Rényi,DP,Erdős–Rényi,Erdős–Rényi,7,7,False,5,0.0011465352478744473,100,100,0,1.9999999999999907
Base,Erdős–Rényi,Baseline,Erdős–Rényi,Erdős–Rényi,13,13,True,1,0.0022731282140118214,100,100,0,1.2000000000000011
Base,Erdős–Rényi,Baseline,Erdős–Rényi,Erdős–Rényi,13,13,True,2,0.002133761058132011,100,100,0,0.80000000000000071
Base,Erdős–Rényi,Baseline,Erdős–Rényi,Erdős–Rényi,13,13,True,3,0.002040827784302035,100,99.599999999999994,0.40000000000000568,0.8056224899598341
Base,Erdős–Rényi,Baseline,Erdős–Rényi,Erdős–Rényi,13,13,True,4,0.0019167465855641774,100,99.599999999999994,0.40000000000000568,1.6096385542168634
Base,Erdős–Rényi,Baseline,Erdős–Rényi,Erdős–Rényi,13,13,True,5,0.0018153347347985571,100,99.200000000000003,0.79999999999999716,1.8177419354838742
Base,Erdős–Rényi,Baseline,Erdős–Rényi,Erdős–Rényi,13,13,False,1,0.0022731282140118214,100,100,0,1.2000000000000011
Base,Erdős–Rényi,Baseline,Erdős–Rényi,Erdős–Rényi,13,13,False,2,0.002133761058132011,100,100,0,0.80000000000000071
Base,Erdős–Rényi,Baseline,Erdős–Rényi,Erdős–Rényi,13,13,False,3,0.002040827784302035,100,100,0,0.80000000000000071
Base,Erdős–Rényi,Baseline,Erdős–Rényi,Erdős–Rényi,13,13,False,4,0.0019167465855641774,100,100,0,1.6000000000000014
Base,Erdős–Rényi,Baseline,Erdős–Rényi,Erdős–Rényi,13,13,False,5,0.0018153347347985571,100,100,0,1.8000000000000016
Base,Erdős–Rényi,LCF-full,Erdős–Rényi,Erdős–Rényi,13,13,True,1,0.0034314200878142742,100,100,0,14.400000000000002
Base,Erdős–Rényi,LCF-full,Erdős–Rényi,Erdős–Rényi,13,13,True,2,0.0017684426307678081,100,88.799999999999997,11.200000000000003,6.7585585585585584
Base,Erdős–Rényi,LCF-full,Erdős–Rényi,Erdős–Rényi,13,13,True,3,0.0050367949008941482,99.799999999999997,86,13.799999999999997,2.3898960712121942
Base,Erdős–Rényi,LCF-full,Erdős–Rényi,Erdős–Rényi,13,13,True,4,0.0028185595273971797,99.599999999999994,84.799999999999997,14.799999999999997,1.2142911267712386
Base,Erdős–Rényi,LCF-full,Erdős–Rényi,Erdős–Rényi,13,13,True,5,0.0023919445276260332,99.599999999999994,84.799999999999997,14.799999999999997,1.1792452830188704
Base,Erdős–Rényi,LCF-full,Erdős–Rényi,Erdős–Rényi,13,13,False,1,0.0034314200878142742,100,100,0,14.400000000000002
Base,Erdős–Rényi,LCF-full,Erdős–Rényi,Erdős–Rényi,13,13,False,2,0.0017684426307678081,100,100,0,8.3999999999999968
Base,Erdős–Rényi,LCF-full,Erdős–Rényi,Erdős–Rényi,13,13,False,3,0.0012846851348876642,100,100,0,4.0000000000000036
Base,Erdős–Rényi,LCF-full,Erdős–Rényi,Erdős–Rényi,13,13,False,4,0.00061703717708594397,100,100,0,3.2000000000000028
Base,Erdős–Rényi,LCF-full,Erdős–Rényi,Erdős–Rényi,13,13,False,5,0.00029385638237000578,100,100,0,2.8000000000000025
Base,Erdős–Rényi,LCF-active,Erdős–Rényi,Erdős–Rényi,13,13,True,1,0.0034103021621704199,100,100,0,14.400000000000002
Base,Erdős–Rényi,LCF-active,Erdős–Rényi,Erdős–Rényi,13,13,True,2,0.0017452015876769922,100,88.799999999999997,11.200000000000003,6.7585585585585584
Base,Erdős–Rényi,LCF-active,Erdős–Rényi,Erdős–Rényi,13,13,True,3,0.0050233690738678005,99.799999999999997,86,13.799999999999997,2.3898960712121942
Base,Erdős–Rényi,LCF-active,Erdős–Rényi,Erdős–Rényi,13,13,True,4,0.0028044910430907732,99.599999999999994,84.799999999999997,14.799999999999997,1.2142911267712386
Base,Erdős–Rényi,LCF-active,Erdős–Rényi,Erdős–Rényi,13,13,True,5,0.0023826355934143395,99.599999999999994,84.799999999999997,14.799999999999997,1.1792452830188704
Base,Erdős–Rényi,LCF-active,Erdős–Rényi,Erdős–Rényi,13,13,False,1,0.0034103021621704199,100,100,0,14.400000000000002
Base,Erdős–Rényi,LCF-active,Erdős–Rényi,Erdős–Rényi,13,13,False,2,0.0017452015876769922,100,100,0,8.3999999999999968
Base,Erdős–Rényi,LCF-active,Erdős–Rényi,Erdős–Rényi,13,13,False,3,0.0012681255340575293,100,100,0,4.0000000000000036
Base,Erdős–Rényi,LCF-active,Erdős–Rényi,Erdős–Rényi,13,13,False,4,0.00060256814956660687,100,100,0,3.2000000000000028
Base,Erdős–Rényi,LCF-active,Erdős–Rényi,Erdős–Rényi,13,13,False,5,0.00028553462028513277,100,100,0,2.8000000000000025
Base,Erdős–Rényi,EO,Erdős–Rényi,Erdős–Rényi,13,13,True,1,0.0006307339524530553,100,100,0,0.20000000000000018
Base,Erdős–Rényi,EO,Erdős–Rényi,Erdős–Rényi,13,13,True,2,0.016374351288487854,85.200000000000003,82.799999999999997,2.4000000000000057,-3.915765122133763
Base,Erdős–Rényi,EO,Erdős–Rényi,Erdős–Rényi,13,13,True,3,0.0076135369598138158,64.400000000000006,65.799999999999997,1.3999999999999915,-0.70040967358265815
Base,Erdős–Rényi,EO,Erdős–Rényi,Erdős–Rényi,13,13,True,4,0.0036502594649360787,52.600000000000001,53.600000000000001,1,4.2123035015038894
Base,Erdős–Rényi,EO,Erdős–Rényi,Erdős–Rényi,13,13,True,5,0.0095586155800349015,44,43,1,-8.3932346723044393
Base,Erdős–Rényi,EO,Erdős–Rényi,Erdős–Rényi,13,13,False,1,0.0006307339524530553,100,100,0,0.20000000000000018
Base,Erdős–Rényi,EO,Erdős–Rényi,Erdős–Rényi,13,13,False,2,0.0006307934487953526,100,100,0,-4.0000000000000036
Base,Erdős–Rényi,EO,Erdős–Rényi,Erdős–Rényi,13,13,False,3,0.0006307737097938082,100,100,0,-3.2000000000000028
Base,Erdős–Rényi,EO,Erdős–Rényi,Erdős–Rényi,13,13,False,4,0.00063074738568980049,100,100,0,2.4000000000000021
Base,Erdős–Rényi,EO,Erdős–Rényi,Erdős–Rényi,13,13,False,5,0.00063083991235735049,100,100,0,-3.6000000000000032
Base,Erdős–Rényi,DP,Erdős–Rényi,Erdős–Rényi,13,13,True,1,0.0011461604442812856,100,100,0,2.0000000000000018
Base,Erdős–Rényi,DP,Erdős–Rényi,Erdős–Rényi,13,13,True,2,0.035932080204140182,88.599999999999994,83.599999999999994,5,-2.5203322280665685
Base,Erdős–Rényi,DP,Erdős–Rényi,Erdős–Rényi,13,13,True,3,0.0090708500754491661,70.399999999999991,69.199999999999989,1.2000000000000028,-1.22668155543878
Base,Erdős–Rényi,DP,Erdős–Rényi,Erdős–Rényi,13,13,True,4,0.0048003380013657004,59.799999999999997,59.399999999999999,0.39999999999999858,3.2239901805119153
Base,Erdős–Rényi,DP,Erdős–Rényi,Erdős–Rényi,13,13,True,5,0.020102987027020014,51.200000000000003,48.600000000000001,2.6000000000000014,-5.610210905349799
Base,Erdős–Rényi,DP,Erdős–Rényi,Erdős–Rényi,13,13,False,1,0.0011461604442812856,100,100,0,2.0000000000000018
Base,Erdős–Rényi,DP,Erdős–Rényi,Erdős–Rényi,13,13,False,2,0.0011465964739473256,100,100,0,-2.399999999999991
Base,Erdős–Rényi,DP,Erdős–Rényi,Erdős–Rényi,13,13,False,3,0.0011467149365845808,100,100,0,-2.4000000000000021
Base,Erdős–Rényi,DP,Erdős–Rényi,Erdős–Rényi,13,13,False,4,0.0011467348797944421,100,100,0,2.0000000000000018
Base,Erdős–Rényi,DP,Erdős–Rényi,Erdős–Rényi,13,13,False,5,0.0011471213316209816,100,100,0,-4.5999999999999925
Base,Erdős–Rényi,Baseline,Erdős–Rényi,Erdős–Rényi,42,42,True,1,0.0022731282140118214,100,100,0,0
Base,Erdős–Rényi,Baseline,Erdős–Rényi,Erdős–Rényi,42,42,True,2,0.0021275316340332306,100,100,0,2.0000000000000018
Base,Erdős–Rényi,Baseline,Erdős–Rényi,Erdős–Rényi,42,42,True,3,0.0059704013601803441,100,99.599999999999994,0.40000000000000568,0.80642570281124204
Base,Erdős–Rényi,Baseline,Erdős–Rényi,Erdős–Rényi,42,42,True,4,0.0058477970559038805,100,99.200000000000003,0.79999999999999716,1.6161290322580624
Base,Erdős–Rényi,Baseline,Erdős–Rényi,Erdős–Rényi,42,42,True,5,0.0057555531869888377,100,99.200000000000003,0.79999999999999716,0.2080645161290362
Base,Erdős–Rényi,Baseline,Erdős–Rényi,Erdős–Rényi,42,42,False,1,0.0022731282140118214,100,100,0,0
Base,Erdős–Rényi,Baseline,Erdős–Rényi,Erdős–Rényi,42,42,False,2,0.0021275316340332306,100,100,0,2.0000000000000018
Base,Erdős–Rényi,Baseline,Erdős–Rényi,Erdős–Rényi,42,42,False,3,0.001999251485528486,100,100,0,0.80000000000000071
Base,Erdős–Rényi,Baseline,Erdős–Rényi,Erdős–Rényi,42,42,False,4,0.0018743924222540675,100,100,0,1.6000000000000014
Base,Erdős–Rényi,Baseline,Erdős–Rényi,Erdős–Rényi,42,42,False,5,0.0017800677916215424,100,100,0,0.20000000000000018
Base,Erdős–Rényi,LCF-full,Erdős–Rényi,Erdős–Rényi,42,42,True,1,0.0034314200878142742,100,100,0,10.399999999999999
Base,Erdős–Rényi,LCF-full,Erdős–Rényi,Erdős–Rényi,42,42,True,2,0.0022742556333542607,99.599999999999994,93.600000000000009,5.9999999999999858,6.4488724127278356
Base,Erdős–Rényi,LCF-full,Erdős–Rényi,Erdős–Rényi,42,42,True,3,0.00133056151866906,99.400000000000006,90.600000000000009,8.7999999999999972,4.8955987581115856
Base,Erdős–Rényi,LCF-full,Erdős–Rényi,Erdős–Rényi,42,42,True,4,0.0018974590301513716,99.400000000000006,89.400000000000006,10,2.9082774049216997
Base,Erdős–Rényi,LCF-full,Erdős–Rényi,Erdős–Rényi,42,42,True,5,0.0018754231929778431,99.400000000000006,88.599999999999994,10.800000000000011,0.90293453724604733
Base,Erdős–Rényi,LCF-full,Erdős–Rényi,Erdős–Rényi,42,42,False,1,0.0034314200878142742,100,100,0,10.399999999999999
Base,Erdős–Rényi,LCF-full,Erdős–Rényi,Erdős–Rényi,42,42,False,2,0.0014345812797545987,100,100,0,7.399999999999995
Base,Erdős–Rényi,LCF-full,Erdős–Rényi,Erdős–Rényi,42,42,False,3,0.00095373785495755925,100,100,0,5.600000000000005
Base,Erdős–Rényi,LCF-full,Erdős–Rényi,Erdős–Rényi,42,42,False,4,0.00050453615188594814,100,100,0,3.6000000000000032
Base,Erdős–Rényi,LCF-full,Erdős–Rényi,Erdős–Rényi,42,42,False,5,0.00034651648998262896,100,100,0,2.200000000000002
Base,Erdős–Rényi,LCF-active,Erdős–Rényi,Erdős–Rényi,42,42,True,1,0.0034103021621704199,100,100,0,10.199999999999998
Base,Erdős–Rényi,LCF-active,Erdős–Rényi,Erdős–Rényi,42,42,True,2,0.0022986713647842327,99.599999999999994,94,5.5999999999999943,6.4188669571904722
Base,Erdős–Rényi,LCF-active,Erdős–Rényi,Erdős–Rényi,42,42,True,3,0.001346816182136612,99.400000000000006,91,8.4000000000000057,5.0735180312645127
Base,Erdős–Rényi,LCF-active,Erdős–Rényi,Erdős–Rényi,42,42,True,4,0.0019044476747512862,99.400000000000006,89.799999999999997,9.6000000000000085,2.6726057906458767
Base,Erdős–Rényi,LCF-active,Erdős–Rényi,Erdős–Rényi,42,42,True,5,0.0018796445131302741,99.400000000000006,89,10.400000000000006,0.89887640449438644
Base,Erdős–Rényi,LCF-active,Erdős–Rényi,Erdős–Rényi,42,42,False,1,0.0034103021621704199,100,100,0,10.199999999999998
Base,Erdős–Rényi,LCF-active,Erdős–Rényi,Erdős–Rényi,42,42,False,2,0.0014115544557571358,100,100,0,7.399999999999995
Base,Erdős–Rényi,LCF-active,Erdős–Rényi,Erdős–Rényi,42,42,False,3,0.00093850159645081366,100,100,0,5.8000000000000052
Base,Erdős–Rényi,LCF-active,Erdős–Rényi,Erdős–Rényi,42,42,False,4,0.0004987847805023593,100,100,0,3.400000000000003
Base,Erdős–Rényi,LCF-active,Erdős–Rényi,Erdős–Rényi,42,42,False,5,0.00034125792980199687,100,100,0,2.200000000000002
Base,Erdős–Rényi,EO,Erdős–Rényi,Erdős–Rényi,42,42,True,1,0.0006307339524530553,100,100,0,-5.7999999999999936
Base,Erdős–Rényi,EO,Erdős–Rényi,Erdős–Rényi,42,42,True,2,0.040571911936739369,84,90.200000000000003,6.2000000000000028,2.3160173160173159
Base,Erdős–Rényi,EO,Erdős–Rényi,Erdős–Rényi,42,42,True,3,0.020723877869686713,66.400000000000006,70.199999999999989,3.7999999999999829,-3.3810455497202518
Base,Erdős–Rényi,EO,Erdős–Rényi,Erdős–Rényi,42,42,True,4,0.027448293246426669,54.800000000000004,59.199999999999996,4.3999999999999915,2.3155454724797853
Base,Erdős–Rényi,EO,Erdős–Rényi,Erdős–Rényi,42,42,True,5,0.031517432206119411,44.800000000000004,49.799999999999997,4.9999999999999929,6.9044033275960981
Base,Erdős–Rényi,EO,Erdős–Rényi,Erdős–Rényi,42,42,False,1,0.0006307339524530553,100,100,0,-5.7999999999999936
Base,Erdős–Rényi,EO,Erdős–Rényi,Erdős–Rényi,42,42,False,2,0.00063056896953561647,100,100,0,1.4000000000000012
Base,Erdős–Rényi,EO,Erdős–Rényi,Erdős–Rényi,42,42,False,3,0.00063064830075043599,100,100,0,-1.8000000000000016
Base,Erdős–Rényi,EO,Erdős–Rényi,Erdős–Rényi,42,42,False,4,0.00063054931958528293,100,100,0,-2.9999999999999916
Base,Erdős–Rényi,EO,Erdős–Rényi,Erdős–Rényi,42,42,False,5,0.00063055598368721988,100,100,0,1.7999999999999905
Base,Erdős–Rényi,DP,Erdős–Rényi,Erdős–Rényi,42,42,True,1,0.0011461604442812856,100,100,0,-5.3999999999999932
Base,Erdős–Rényi,DP,Erdős–Rényi,Erdős–Rényi,42,42,True,2,0.024224079491181993,86.799999999999997,90.400000000000006,3.6000000000000085,-0.13253945597651029
Base,Erdős–Rényi,DP,Erdős–Rényi,Erdős–Rényi,42,42,True,3,0.028464482401367064,70.599999999999994,75,4.4000000000000057,-2.2285174693106646
Base,Erdős–Rényi,DP,Erdős–Rényi,Erdős–Rényi,42,42,True,4,0.037039113103487065,60.199999999999996,65.799999999999997,5.6000000000000014,2.4316109422492405
Base,Erdős–Rényi,DP,Erdős–Rényi,Erdős–Rényi,42,42,True,5,0.025965961288654305,51,55.200000000000003,4.2000000000000028,10.315430520034097
Base,Erdős–Rényi,DP,Erdős–Rényi,Erdős–Rényi,42,42,False,1,0.0011461604442812856,100,100,0,-5.3999999999999932
Base,Erdős–Rényi,DP,Erdős–Rényi,Erdős–Rényi,42,42,False,2,0.0011455935229219838,100,100,0,-0.80000000000000071
Base,Erdős–Rényi,DP,Erdős–Rényi,Erdős–Rényi,42,42,False,3,0.0011456611706701647,100,100,0,-0.40000000000000036
Base,Erdős–Rényi,DP,Erdős–Rényi,Erdős–Rényi,42,42,False,4,0.0011454618927723148,100,100,0,-2.4000000000000021
Base,Erdős–Rényi,DP,Erdős–Rényi,Erdős–Rényi,42,42,False,5,0.0011456047622336873,100,100,0,2.200000000000002
Base,Erdős–Rényi,Baseline,Erdős–Rényi,Erdős–Rényi,99,99,True,1,0.0022731282140118214,100,100,0,2.200000000000002
Base,Erdős–Rényi,Baseline,Erdős–Rényi,Erdős–Rényi,99,99,True,2,0.002153392690197542,100,99,1,1.8282828282828234
Base,Erdős–Rényi,Baseline,Erdős–Rényi,Erdős–Rényi,99,99,True,3,0.0040078801852576618,100,98,2,0.42448979591837022
Base,Erdős–Rényi,Baseline,Erdős–Rényi,Erdős–Rényi,99,99,True,4,0.001928804428570241,99.799999999999997,98,1.7999999999999972,1.6436955543740583
Base,Erdős–Rényi,Baseline,Erdős–Rényi,Erdős–Rényi,99,99,True,5,9.9464311160257779e-05,99.599999999999994,98,1.5999999999999943,-0.38521432669452738
Base,Erdős–Rényi,Baseline,Erdős–Rényi,Erdős–Rényi,99,99,False,1,0.0022731282140118214,100,100,0,2.200000000000002
Base,Erdős–Rényi,Baseline,Erdős–Rényi,Erdős–Rényi,99,99,False,2,0.002153392690197542,100,100,0,1.8000000000000016
Base,Erdős–Rényi,Baseline,Erdős–Rényi,Erdős–Rényi,99,99,False,3,0.0020209539891739015,100,100,0,0.40000000000000036
Base,Erdős–Rényi,Baseline,Erdős–Rényi,Erdős–Rényi,99,99,False,4,0.0019067250326824103,100,100,0,1.6000000000000014
Base,Erdős–Rényi,Baseline,Erdős–Rényi,Erdős–Rényi,99,99,False,5,0.0018258208877226512,100,100,0,-0.40000000000000036
Base,Erdős–Rényi,LCF-full,Erdős–Rényi,Erdős–Rényi,99,99,True,1,0.0034314200878142742,100,100,0,12.800000000000001
Base,Erdős–Rényi,LCF-full,Erdős–Rényi,Erdős–Rényi,99,99,True,2,0.0080212497711181774,99.799999999999997,91,8.7999999999999972,6.4511440463344227
Base,Erdős–Rényi,LCF-full,Erdős–Rényi,Erdős–Rényi,99,99,True,3,0.012877735614776564,99.599999999999994,88.200000000000003,11.399999999999991,3.2005573313662827
Base,Erdős–Rényi,LCF-full,Erdős–Rényi,Erdős–Rényi,99,99,True,4,0.01263523936271671,99.599999999999994,87.599999999999994,12,1.8264840182648401
Base,Erdős–Rényi,LCF-full,Erdős–Rényi,Erdős–Rényi,99,99,True,5,0.01255206465721137,99.599999999999994,87.599999999999994,12,0.25581779171480745
Base,Erdős–Rényi,LCF-full,Erdős–Rényi,Erdős–Rényi,99,99,False,1,0.0034314200878142742,100,100,0,12.800000000000001
Base,Erdős–Rényi,LCF-full,Erdős–Rényi,Erdős–Rényi,99,99,False,2,0.0023574309349060352,100,100,0,7.9999999999999964
Base,Erdős–Rényi,LCF-full,Erdős–Rényi,Erdős–Rényi,99,99,False,3,0.0019175322055816624,100,100,0,5.2000000000000046
Base,Erdős–Rényi,LCF-full,Erdős–Rényi,Erdős–Rényi,99,99,False,4,0.0011030802726745836,100,100,0,3.400000000000003
Base,Erdős–Rényi,LCF-full,Erdős–Rényi,Erdős–Rényi,99,99,False,5,0.00073759722709654252,100,100,0,1.6000000000000014
Base,Erdős–Rényi,LCF-active,Erdős–Rényi,Erdős–Rényi,99,99,True,1,0.0034103021621704199,100,100,0,12.800000000000001
Base,Erdős–Rényi,LCF-active,Erdős–Rényi,Erdős–Rényi,99,99,True,2,0.0080025168657302803,99.799999999999997,91,8.7999999999999972,6.2313638265542037
Base,Erdős–Rényi,LCF-active,Erdős–Rényi,Erdős–Rényi,99,99,True,3,0.012866466999053916,99.599999999999994,88.200000000000003,11.399999999999991,3.2005573313662827
Base,Erdős–Rényi,LCF-active,Erdős–Rényi,Erdős–Rényi,99,99,True,4,0.012625048279762296,99.599999999999994,87.599999999999994,12,1.8264840182648401
Base,Erdős–Rényi,LCF-active,Erdős–Rényi,Erdős–Rényi,99,99,True,5,0.012545989751815756,99.599999999999994,87.599999999999994,12,0.25581779171480745
Base,Erdős–Rényi,LCF-active,Erdős–Rényi,Erdős–Rényi,99,99,False,1,0.0034103021621704199,100,100,0,12.800000000000001
Base,Erdős–Rényi,LCF-active,Erdős–Rényi,Erdős–Rényi,99,99,False,2,0.0023368219137192003,100,100,0,7.7999999999999954
Base,Erdős–Rényi,LCF-active,Erdős–Rényi,Erdős–Rényi,99,99,False,3,0.0019016642570496289,100,100,0,5.2000000000000046
Base,Erdős–Rényi,LCF-active,Erdős–Rényi,Erdős–Rényi,99,99,False,4,0.0010867488384247448,100,100,0,3.400000000000003
Base,Erdős–Rényi,LCF-active,Erdős–Rényi,Erdős–Rényi,99,99,False,5,0.00072709584236141378,100,100,0,1.6000000000000014
Base,Erdős–Rényi,EO,Erdős–Rényi,Erdős–Rényi,99,99,True,1,0.0006307339524530553,100,100,0,3.8000000000000034
Base,Erdős–Rényi,EO,Erdős–Rényi,Erdős–Rényi,99,99,True,2,0.054892585887693413,85.799999999999997,78.400000000000006,7.3999999999999915,-0.91337234194376338
Base,Erdős–Rényi,EO,Erdős–Rényi,Erdős–Rényi,99,99,True,3,0.034882546860549424,69.399999999999991,65,4.3999999999999915,0.78297495012191742
Base,Erdős–Rényi,EO,Erdős–Rényi,Erdős–Rényi,99,99,True,4,0.032099082096773368,55.800000000000004,52,3.8000000000000043,-1.768679349324509
Base,Erdős–Rényi,EO,Erdős–Rényi,Erdős–Rényi,99,99,True,5,0.020151424989242439,46.800000000000004,44.200000000000003,2.6000000000000014,-4.1729512317747686
Base,Erdős–Rényi,EO,Erdős–Rényi,Erdős–Rényi,99,99,False,1,0.0006307339524530553,100,100,0,3.8000000000000034
Base,Erdős–Rényi,EO,Erdős–Rényi,Erdős–Rényi,99,99,False,2,0.0006308858787642535,100,100,0,0
Base,Erdős–Rényi,EO,Erdős–Rényi,Erdős–Rényi,99,99,False,3,0.00063088595904514655,100,100,0,-0.20000000000000018
Base,Erdős–Rényi,EO,Erdős–Rényi,Erdős–Rényi,99,99,False,4,0.00063095864995899031,100,100,0,-4.5999999999999925
Base,Erdős–Rényi,EO,Erdős–Rényi,Erdős–Rényi,99,99,False,5,0.00063090588951453253,100,100,0,-4.1999999999999922
Base,Erdős–Rényi,DP,Erdős–Rényi,Erdős–Rényi,99,99,True,1,0.0011461604442812856,100,100,0,3.5999999999999921
Base,Erdős–Rényi,DP,Erdős–Rényi,Erdős–Rényi,99,99,True,2,0.052812520701098653,88.599999999999994,81.200000000000003,7.3999999999999915,-0.73280032025264674
Base,Erdős–Rényi,DP,Erdős–Rényi,Erdős–Rényi,99,99,True,3,0.033006994005153056,73.400000000000006,68.799999999999997,4.6000000000000085,0.58693999112857664
Base,Erdős–Rényi,DP,Erdős–Rényi,Erdős–Rényi,99,99,True,4,0.021563211675964811,60.799999999999997,57.799999999999997,3,-3.9485066472409458
Base,Erdős–Rényi,DP,Erdős–Rényi,Erdős–Rényi,99,99,True,5,0.012029921645173969,50.200000000000003,52,1.7999999999999972,-4.9770150168556571
Base,Erdős–Rényi,DP,Erdős–Rényi,Erdős–Rényi,99,99,False,1,0.0011461604442812856,100,100,0,3.5999999999999921
Base,Erdős–Rényi,DP,Erdős–Rényi,Erdős–Rényi,99,99,False,2,0.0011466458301464533,100,100,0,-0.20000000000000018
Base,Erdős–Rényi,DP,Erdős–Rényi,Erdős–Rényi,99,99,False,3,0.0011466900843264405,100,100,0,-0.40000000000000036
Base,Erdős–Rényi,DP,Erdős–Rényi,Erdős–Rényi,99,99,False,4,0.0011469309901407376,100,100,0,-5.9999999999999947
Base,Erdős–Rényi,DP,Erdős–Rényi,Erdős–Rényi,99,99,False,5,0.0011465355460584803,100,100,0,-4.5999999999999925
Base,Watts–Strogatz,Baseline,Watts–Strogatz,Watts–Strogatz,2026,2026,True,1,0.0022370665517963406,100,100,0,1.4000000000000012
Base,Watts–Strogatz,Baseline,Watts–Strogatz,Watts–Strogatz,2026,2026,True,2,0.0021062975948866747,100,100,0,0.80000000000000071
Base,Watts–Strogatz,Baseline,Watts–Strogatz,Watts–Strogatz,2026,2026,True,3,0.0039668089585197519,100,99.799999999999997,0.20000000000000284,0.80320641282565219
Base,Watts–Strogatz,Baseline,Watts–Strogatz,Watts–Strogatz,2026,2026,True,4,0.0038642744022043818,100,99.400000000000006,0.59999999999999432,1.8144869215291792
Base,Watts–Strogatz,Baseline,Watts–Strogatz,Watts–Strogatz,2026,2026,True,5,0.0076826063108771381,100,99,1,1.4242424242424279
Base,Watts–Strogatz,Baseline,Watts–Strogatz,Watts–Strogatz,2026,2026,False,1,0.0022370665517963406,100,100,0,1.4000000000000012
Base,Watts–Strogatz,Baseline,Watts–Strogatz,Watts–Strogatz,2026,2026,False,2,0.0021062975948866747,100,100,0,0.80000000000000071
Base,Watts–Strogatz,Baseline,Watts–Strogatz,Watts–Strogatz,2026,2026,False,3,0.0020071113136995722,100,100,0,0.80000000000000071
Base,Watts–Strogatz,Baseline,Watts–Strogatz,Watts–Strogatz,2026,2026,False,4,0.0019015653312289826,100,100,0,1.8000000000000016
Base,Watts–Strogatz,Baseline,Watts–Strogatz,Watts–Strogatz,2026,2026,False,5,0.0017887449528553034,100,100,0,1.4000000000000012
Base,Watts–Strogatz,LCF-full,Watts–Strogatz,Watts–Strogatz,2026,2026,True,1,0.0034433914422988821,100,100,0,13.4
Base,Watts–Strogatz,LCF-full,Watts–Strogatz,Watts–Strogatz,2026,2026,True,2,0.0037362076044082926,99.400000000000006,89.200000000000003,10.200000000000003,8.5892033817253299
Base,Watts–Strogatz,LCF-full,Watts–Strogatz,Watts–Strogatz,2026,2026,True,3,0.0024505674839019331,99.400000000000006,86.200000000000003,13.200000000000003,3.27907117881302
Base,Watts–Strogatz,LCF-full,Watts–Strogatz,Watts–Strogatz,2026,2026,True,4,0.0030319408178329788,99.400000000000006,85.399999999999991,14.000000000000014,2.1407131312464966
Base,Watts–Strogatz,LCF-full,Watts–Strogatz,Watts–Strogatz,2026,2026,True,5,0.0035991325378418315,99.400000000000006,84.599999999999994,14.800000000000011,0.47281323877068626
Base,Watts–Strogatz,LCF-full,Watts–Strogatz,Watts–Strogatz,2026,2026,False,1,0.0034433914422988821,100,100,0,13.4
Base,Watts–Strogatz,LCF-full,Watts–Strogatz,Watts–Strogatz,2026,2026,False,2,0.001661232709884608,100,100,0,10.799999999999999
Base,Watts–Strogatz,LCF-full,Watts–Strogatz,Watts–Strogatz,2026,2026,False,3,0.0012906005382538055,100,100,0,5.600000000000005
Base,Watts–Strogatz,LCF-full,Watts–Strogatz,Watts–Strogatz,2026,2026,False,4,0.00086664760112764583,100,100,0,4.4000000000000039
Base,Watts–Strogatz,LCF-full,Watts–Strogatz,Watts–Strogatz,2026,2026,False,5,0.00036382627487174801,100,100,0,1.4000000000000012
Base,Watts–Strogatz,LCF-active,Watts–Strogatz,Watts–Strogatz,2026,2026,True,1,0.0034177410602569402,100,100,0,13.4
Base,Watts–Strogatz,LCF-active,Watts–Strogatz,Watts–Strogatz,2026,2026,True,2,0.0037648620605468253,99.400000000000006,89.200000000000003,10.200000000000003,8.1407728884517851
Base,Watts–Strogatz,LCF-active,Watts–Strogatz,Watts–Strogatz,2026,2026,True,3,0.0024723529815674494,99.400000000000006,86.200000000000003,13.200000000000003,3.27907117881302
Base,Watts–Strogatz,LCF-active,Watts–Strogatz,Watts–Strogatz,2026,2026,True,4,0.003049857974052439,99.400000000000006,85.399999999999991,14.000000000000014,1.9065210937757704
Base,Watts–Strogatz,LCF-active,Watts–Strogatz,Watts–Strogatz,2026,2026,True,5,0.0036097303628921384,99.400000000000006,84.599999999999994,14.800000000000011,0.47281323877068626
Base,Watts–Strogatz,LCF-active,Watts–Strogatz,Watts–Strogatz,2026,2026,False,1,0.0034177410602569402,100,100,0,13.4
Base,Watts–Strogatz,LCF-active,Watts–Strogatz,Watts–Strogatz,2026,2026,False,2,0.001635745525360166,100,100,0,10.399999999999999
Base,Watts–Strogatz,LCF-active,Watts–Strogatz,Watts–Strogatz,2026,2026,False,3,0.0012721908092498957,100,100,0,5.4000000000000048
Base,Watts–Strogatz,LCF-active,Watts–Strogatz,Watts–Strogatz,2026,2026,False,4,0.00085103869438174495,100,100,0,4.2000000000000037
Base,Watts–Strogatz,LCF-active,Watts–Strogatz,Watts–Strogatz,2026,2026,False,5,0.00035443890094755126,100,100,0,1.4000000000000012
Base,Watts–Strogatz,EO,Watts–Strogatz,Watts–Strogatz,2026,2026,True,1,0.00061955845521954878,100,100,0,1.6000000000000014
Base,Watts–Strogatz,EO,Watts–Strogatz,Watts–Strogatz,2026,2026,True,2,0.023077885501998852,85.399999999999991,82,3.3999999999999915,-5.5680584908893493
Base,Watts–Strogatz,EO,Watts–Strogatz,Watts–Strogatz,2026,2026,True,3,0.019460364569043209,66.799999999999997,69.799999999999997,3,-2.5487706535353372
Base,Watts–Strogatz,EO,Watts–Strogatz,Watts–Strogatz,2026,2026,True,4,0.026217332395945758,55.200000000000003,59.199999999999996,3.9999999999999929,2.8397963180571861
Base,Watts–Strogatz,EO,Watts–Strogatz,Watts–Strogatz,2026,2026,True,5,0.0037414466115177625,44.600000000000001,45.200000000000003,0.60000000000000142,-11.597682447716185
Base,Watts–Strogatz,EO,Watts–Strogatz,Watts–Strogatz,2026,2026,False,1,0.00061955845521954878,100,100,0,1.6000000000000014
Base,Watts–Strogatz,EO,Watts–Strogatz,Watts–Strogatz,2026,2026,False,2,0.00061964772644884647,100,100,0,-3.400000000000003
Base,Watts–Strogatz,EO,Watts–Strogatz,Watts–Strogatz,2026,2026,False,3,0.00061961593547332772,100,100,0,-4.3999999999999932
Base,Watts–Strogatz,EO,Watts–Strogatz,Watts–Strogatz,2026,2026,False,4,0.00061956504043314542,100,100,0,2.4000000000000021
Base,Watts–Strogatz,EO,Watts–Strogatz,Watts–Strogatz,2026,2026,False,5,0.00061966067206664643,100,100,0,-6.399999999999995
Base,Watts–Strogatz,DP,Watts–Strogatz,Watts–Strogatz,2026,2026,True,1,0.0011261766189617495,100,100,0,1.0000000000000009
Base,Watts–Strogatz,DP,Watts–Strogatz,Watts–Strogatz,2026,2026,True,2,0.020695298878260937,87.799999999999997,85,2.7999999999999972,-0.89937022645049103
Base,Watts–Strogatz,DP,Watts–Strogatz,Watts–Strogatz,2026,2026,True,3,0.013460197314004829,73,71.200000000000003,1.7999999999999972,-7.0478682468831817
Base,Watts–Strogatz,DP,Watts–Strogatz,Watts–Strogatz,2026,2026,True,4,0.030150802812474342,59.599999999999994,64,4.4000000000000057,6.5687919463087274
Base,Watts–Strogatz,DP,Watts–Strogatz,Watts–Strogatz,2026,2026,True,5,0.011824771852728622,52.200000000000003,50.600000000000001,1.6000000000000014,-12.324140959823115
Base,Watts–Strogatz,DP,Watts–Strogatz,Watts–Strogatz,2026,2026,False,1,0.0011261766189617495,100,100,0,1.0000000000000009
Base,Watts–Strogatz,DP,Watts–Strogatz,Watts–Strogatz,2026,2026,False,2,0.0011263374155023875,100,100,0,0.20000000000000018
Base,Watts–Strogatz,DP,Watts–Strogatz,Watts–Strogatz,2026,2026,False,3,0.0011266644589352781,100,100,0,-5.3999999999999932
Base,Watts–Strogatz,DP,Watts–Strogatz,Watts–Strogatz,2026,2026,False,4,0.0011264005311442116,100,100,0,2.9999999999999916
Base,Watts–Strogatz,DP,Watts–Strogatz,Watts–Strogatz,2026,2026,False,5,0.0011267977933158146,100,100,0,-5.9999999999999947
Base,Watts–Strogatz,Baseline,Watts–Strogatz,Watts–Strogatz,7,7,True,1,0.0022370665517963406,100,100,0,2.8000000000000025
Base,Watts–Strogatz,Baseline,Watts–Strogatz,Watts–Strogatz,7,7,True,2,0.0021199774860041209,100,100,0,0.40000000000000036
Base,Watts–Strogatz,Baseline,Watts–Strogatz,Watts–Strogatz,7,7,True,3,0.0039565536570582704,100,99.799999999999997,0.20000000000000284,0.60280561122244558
Base,Watts–Strogatz,Baseline,Watts–Strogatz,Watts–Strogatz,7,7,True,4,0.0038369146158734324,100,99.799999999999997,0.20000000000000284,1.0036072144288588
Base,Watts–Strogatz,Baseline,Watts–Strogatz,Watts–Strogatz,7,7,True,5,0.0037039979116541,100,99.400000000000006,0.59999999999999432,1.8156941649899339
Base,Watts–Strogatz,Baseline,Watts–Strogatz,Watts–Strogatz,7,7,False,1,0.0022370665517963406,100,100,0,2.8000000000000025
Base,Watts–Strogatz,Baseline,Watts–Strogatz,Watts–Strogatz,7,7,False,2,0.0021199774860041209,100,100,0,0.40000000000000036
Base,Watts–Strogatz,Baseline,Watts–Strogatz,Watts–Strogatz,7,7,False,3,0.0019947215590312428,100,100,0,0.60000000000000053
Base,Watts–Strogatz,Baseline,Watts–Strogatz,Watts–Strogatz,7,7,False,4,0.0018722247138087678,100,100,0,1.0000000000000009
Base,Watts–Strogatz,Baseline,Watts–Strogatz,Watts–Strogatz,7,7,False,5,0.0017366569094030559,100,100,0,1.8000000000000016
Base,Watts–Strogatz,LCF-full,Watts–Strogatz,Watts–Strogatz,7,7,True,1,0.0034433914422988821,100,100,0,13.600000000000001
Base,Watts–Strogatz,LCF-full,Watts–Strogatz,Watts–Strogatz,7,7,True,2,0.0061393443346023924,100,93.200000000000003,6.7999999999999972,6.6815450643776808
Base,Watts–Strogatz,LCF-full,Watts–Strogatz,Watts–Strogatz,7,7,True,3,0.0052888989448547363,100,90.200000000000003,9.7999999999999972,3.1259423503325889
Base,Watts–Strogatz,LCF-full,Watts–Strogatz,Watts–Strogatz,7,7,True,4,0.0065688009262084845,100,89.200000000000003,10.799999999999997,1.1210762331838597
Base,Watts–Strogatz,LCF-full,Watts–Strogatz,Watts–Strogatz,7,7,True,5,0.0062836585044860893,100,89,11,1.3730337078651678
Base,Watts–Strogatz,LCF-full,Watts–Strogatz,Watts–Strogatz,7,7,False,1,0.0034433914422988821,100,100,0,13.600000000000001
Base,Watts–Strogatz,LCF-full,Watts–Strogatz,Watts–Strogatz,7,7,False,2,0.0023135670423507504,100,100,0,7.1999999999999957
Base,Watts–Strogatz,LCF-full,Watts–Strogatz,Watts–Strogatz,7,7,False,3,0.0013543409109115778,100,100,0,4.8000000000000043
Base,Watts–Strogatz,LCF-full,Watts–Strogatz,Watts–Strogatz,7,7,False,4,0.0007706887722015443,100,100,0,3.2000000000000028
Base,Watts–Strogatz,LCF-full,Watts–Strogatz,Watts–Strogatz,7,7,False,5,0.00036410486698146283,100,100,0,3.2000000000000028
Base,Watts–Strogatz,LCF-active,Watts–Strogatz,Watts–Strogatz,7,7,True,1,0.0034177410602569402,100,100,0,13.4
Base,Watts–Strogatz,LCF-active,Watts–Strogatz,Watts–Strogatz,7,7,True,2,0.0061168284416198704,100,93.400000000000006,6.5999999999999943,6.6663811563169144
Base,Watts–Strogatz,LCF-active,Watts–Strogatz,Watts–Strogatz,7,7,True,3,0.0052703098058700659,100,90.400000000000006,9.5999999999999943,3.1185840707964596
Base,Watts–Strogatz,LCF-active,Watts–Strogatz,Watts–Strogatz,7,7,True,4,0.0065557714700699155,100,89.400000000000006,10.599999999999994,1.1185682326621871
Base,Watts–Strogatz,LCF-active,Watts–Strogatz,Watts–Strogatz,7,7,True,5,0.006275903701782215,100,89.200000000000003,10.799999999999997,1.3695067264574035
Base,Watts–Strogatz,LCF-active,Watts–Strogatz,Watts–Strogatz,7,7,False,1,0.0034177410602569402,100,100,0,13.4
Base,Watts–Strogatz,LCF-active,Watts–Strogatz,Watts–Strogatz,7,7,False,2,0.0022891522645950291,100,100,0,7.1999999999999957
Base,Watts–Strogatz,LCF-active,Watts–Strogatz,Watts–Strogatz,7,7,False,3,0.0013344068527222364,100,100,0,4.8000000000000043
Base,Watts–Strogatz,LCF-active,Watts–Strogatz,Watts–Strogatz,7,7,False,4,0.00075659859180454703,100,100,0,3.2000000000000028
Base,Watts–Strogatz,LCF-active,Watts–Strogatz,Watts–Strogatz,7,7,False,5,0.00035525572299954788,100,100,0,3.2000000000000028
Base,Watts–Strogatz,EO,Watts–Strogatz,Watts–Strogatz,7,7,True,1,0.00061955845521954878,100,100,0,2.200000000000002
Base,Watts–Strogatz,EO,Watts–Strogatz,Watts–Strogatz,7,7,True,2,0.03629867576236312,88,82.599999999999994,5.4000000000000057,-6.655844155844159
Base,Watts–Strogatz,EO,Watts–Strogatz,Watts–Strogatz,7,7,True,3,0.01149900277253546,67.200000000000003,69,1.7999999999999972,-2.1143892339544501
Base,Watts–Strogatz,EO,Watts–Strogatz,Watts–Strogatz,7,7,True,4,0.023540479824717297,53.200000000000003,56.799999999999997,3.5999999999999943,0.27268876416393084
Base,Watts–Strogatz,EO,Watts–Strogatz,Watts–Strogatz,7,7,True,5,0.026302909010935405,41.799999999999997,45.800000000000004,4.0000000000000071,6.1010008148596917
Base,Watts–Strogatz,EO,Watts–Strogatz,Watts–Strogatz,7,7,False,1,0.00061955845521954878,100,100,0,2.200000000000002
Base,Watts–Strogatz,EO,Watts–Strogatz,Watts–Strogatz,7,7,False,2,0.00061966682210223833,100,100,0,-4.5999999999999925
Base,Watts–Strogatz,EO,Watts–Strogatz,Watts–Strogatz,7,7,False,3,0.00061958409849016682,100,100,0,-2.8000000000000025
Base,Watts–Strogatz,EO,Watts–Strogatz,Watts–Strogatz,7,7,False,4,0.00061953320232444042,100,100,0,-0.20000000000000018
Base,Watts–Strogatz,EO,Watts–Strogatz,Watts–Strogatz,7,7,False,5,0.0006195651152911541,100,100,0,3.0000000000000027
Base,Watts–Strogatz,DP,Watts–Strogatz,Watts–Strogatz,7,7,True,1,0.0011261766189617495,100,100,0,1.4000000000000012
Base,Watts–Strogatz,DP,Watts–Strogatz,Watts–Strogatz,7,7,True,2,0.020502485178964691,87.799999999999997,85,2.7999999999999972,-4.3987672517754266
Base,Watts–Strogatz,DP,Watts–Strogatz,Watts–Strogatz,7,7,True,3,0.0061548740137456481,71,72.200000000000003,1.2000000000000028,0.039015254964691604
Base,Watts–Strogatz,DP,Watts–Strogatz,Watts–Strogatz,7,7,True,4,0.011922729334011617,58.199999999999996,60.399999999999999,2.2000000000000028,2.5784574770715274
Base,Watts–Strogatz,DP,Watts–Strogatz,Watts–Strogatz,7,7,True,5,0.0079004302210208821,48.600000000000001,50,1.3999999999999986,3.1588477366255141
Base,Watts–Strogatz,DP,Watts–Strogatz,Watts–Strogatz,7,7,False,1,0.0011261766189617495,100,100,0,1.4000000000000012
Base,Watts–Strogatz,DP,Watts–Strogatz,Watts–Strogatz,7,7,False,2,0.0011265274377280088,100,100,0,-4.2000000000000037
Base,Watts–Strogatz,DP,Watts–Strogatz,Watts–Strogatz,7,7,False,3,0.0011263805991470477,100,100,0,-2.5999999999999912
Base,Watts–Strogatz,DP,Watts–Strogatz,Watts–Strogatz,7,7,False,4,0.0011262585490594557,100,100,0,0.80000000000000071
Base,Watts–Strogatz,DP,Watts–Strogatz,Watts–Strogatz,7,7,False,5,0.0011265387809127336,100,100,0,1.9999999999999907
Base,Watts–Strogatz,Baseline,Watts–Strogatz,Watts–Strogatz,13,13,True,1,0.0022370665517963406,100,100,0,1.2000000000000011
Base,Watts–Strogatz,Baseline,Watts–Strogatz,Watts–Strogatz,13,13,True,2,0.00011806695201310724,99.799999999999997,100,0.20000000000000284,0.7975951903807621
Base,Watts–Strogatz,Baseline,Watts–Strogatz,Watts–Strogatz,13,13,True,3,2.7377819178941998e-05,99.799999999999997,99.599999999999994,0.20000000000000284,0.80442008515021479
Base,Watts–Strogatz,Baseline,Watts–Strogatz,Watts–Strogatz,13,13,True,4,9.3530819990861325e-05,99.799999999999997,99.200000000000003,0.59999999999999432,1.6177516322968488
Base,Watts–Strogatz,Baseline,Watts–Strogatz,Watts–Strogatz,13,13,True,5,0.00019247651031761848,99.799999999999997,99.200000000000003,0.59999999999999432,1.8169403322774613
Base,Watts–Strogatz,Baseline,Watts–Strogatz,Watts–Strogatz,13,13,False,1,0.0022370665517963406,100,100,0,1.2000000000000011
Base,Watts–Strogatz,Baseline,Watts–Strogatz,Watts–Strogatz,13,13,False,2,0.0021026677450936004,100,100,0,0.80000000000000071
Base,Watts–Strogatz,Baseline,Watts–Strogatz,Watts–Strogatz,13,13,False,3,0.0020131569875463384,100,100,0,0.80000000000000071
Base,Watts–Strogatz,Baseline,Watts–Strogatz,Watts–Strogatz,13,13,False,4,0.0018933377701404464,100,100,0,1.6000000000000014
Base,Watts–Strogatz,Baseline,Watts–Strogatz,Watts–Strogatz,13,13,False,5,0.00179539908389037,100,100,0,1.8000000000000016
Base,Watts–Strogatz,LCF-full,Watts–Strogatz,Watts–Strogatz,13,13,True,1,0.0034433914422988821,100,100,0,14.400000000000002
Base,Watts–Strogatz,LCF-full,Watts–Strogatz,Watts–Strogatz,13,13,True,2,0.0017740736007689772,100,91.400000000000006,8.5999999999999943,6.9527352297592993
Base,Watts–Strogatz,LCF-full,Watts–Strogatz,Watts–Strogatz,13,13,True,3,0.0012393560409545978,99.799999999999997,87,12.799999999999997,2.5877041439200221
Base,Watts–Strogatz,LCF-full,Watts–Strogatz,Watts–Strogatz,13,13,True,4,0.0011026152372359821,99.599999999999994,86,13.599999999999994,1.4271037638927786
Base,Watts–Strogatz,LCF-full,Watts–Strogatz,Watts–Strogatz,13,13,True,5,0.0015795032978057622,99.599999999999994,86,13.599999999999994,1.6279069767441867
Base,Watts–Strogatz,LCF-full,Watts–Strogatz,Watts–Strogatz,13,13,False,1,0.0034433914422988821,100,100,0,14.400000000000002
Base,Watts–Strogatz,LCF-full,Watts–Strogatz,Watts–Strogatz,13,13,False,2,0.0017740736007689772,100,100,0,8.3999999999999968
Base,Watts–Strogatz,LCF-full,Watts–Strogatz,Watts–Strogatz,13,13,False,3,0.0012888383865355957,100,100,0,4.0000000000000036
Base,Watts–Strogatz,LCF-full,Watts–Strogatz,Watts–Strogatz,13,13,False,4,0.00061876440048214132,100,100,0,3.2000000000000028
Base,Watts–Strogatz,LCF-full,Watts–Strogatz,Watts–Strogatz,13,13,False,5,0.0002944315671921105,100,100,0,2.8000000000000025
Base,Watts–Strogatz,LCF-active,Watts–Strogatz,Watts–Strogatz,13,13,True,1,0.0034177410602569402,100,100,0,14.400000000000002
Base,Watts–Strogatz,LCF-active,Watts–Strogatz,Watts–Strogatz,13,13,True,2,0.0017499485015868288,100,91.400000000000006,8.5999999999999943,6.9527352297592993
Base,Watts–Strogatz,LCF-active,Watts–Strogatz,Watts–Strogatz,13,13,True,3,0.001222661972045902,99.799999999999997,87,12.799999999999997,2.5877041439200221
Base,Watts–Strogatz,LCF-active,Watts–Strogatz,Watts–Strogatz,13,13,True,4,0.0011185156106948702,99.599999999999994,86,13.599999999999994,1.4271037638927786
Base,Watts–Strogatz,LCF-active,Watts–Strogatz,Watts–Strogatz,13,13,True,5,0.0015894250869750159,99.599999999999994,86,13.599999999999994,1.6279069767441867
Base,Watts–Strogatz,LCF-active,Watts–Strogatz,Watts–Strogatz,13,13,False,1,0.0034177410602569402,100,100,0,14.400000000000002
Base,Watts–Strogatz,LCF-active,Watts–Strogatz,Watts–Strogatz,13,13,False,2,0.0017499485015868288,100,100,0,8.3999999999999968
Base,Watts–Strogatz,LCF-active,Watts–Strogatz,Watts–Strogatz,13,13,False,3,0.0012717515230178389,100,100,0,4.0000000000000036
Base,Watts–Strogatz,LCF-active,Watts–Strogatz,Watts–Strogatz,13,13,False,4,0.00060477781295775745,100,100,0,3.2000000000000028
Base,Watts–Strogatz,LCF-active,Watts–Strogatz,Watts–Strogatz,13,13,False,5,0.00028656816482541814,100,100,0,2.8000000000000025
Base,Watts–Strogatz,EO,Watts–Strogatz,Watts–Strogatz,13,13,True,1,0.00061955845521954878,100,100,0,0.20000000000000018
Base,Watts–Strogatz,EO,Watts–Strogatz,Watts–Strogatz,13,13,True,2,0.0074889566726045187,85,86.200000000000003,1.2000000000000028,-5.8801692370683778
Base,Watts–Strogatz,EO,Watts–Strogatz,Watts–Strogatz,13,13,True,3,0.038119832018115529,63.800000000000004,70,6.1999999999999957,-2.7407075682937765
Base,Watts–Strogatz,EO,Watts–Strogatz,Watts–Strogatz,13,13,True,4,0.04214363445749697,51.200000000000003,58.199999999999996,6.9999999999999929,5.3318298969072142
Base,Watts–Strogatz,EO,Watts–Strogatz,Watts–Strogatz,13,13,True,5,0.019664452549705558,43,46.400000000000006,3.4000000000000057,-7.1732157177225364
Base,Watts–Strogatz,EO,Watts–Strogatz,Watts–Strogatz,13,13,False,1,0.00061955845521954878,100,100,0,0.20000000000000018
Base,Watts–Strogatz,EO,Watts–Strogatz,Watts–Strogatz,13,13,False,2,0.00061961586355896436,100,100,0,-4.0000000000000036
Base,Watts–Strogatz,EO,Watts–Strogatz,Watts–Strogatz,13,13,False,3,0.00061959681511303266,100,100,0,-3.2000000000000028
Base,Watts–Strogatz,EO,Watts–Strogatz,Watts–Strogatz,13,13,False,4,0.00061957141201751664,100,100,0,2.4000000000000021
Base,Watts–Strogatz,EO,Watts–Strogatz,Watts–Strogatz,13,13,False,5,0.00061966069201979668,100,100,0,-3.6000000000000032
Base,Watts–Strogatz,DP,Watts–Strogatz,Watts–Strogatz,13,13,True,1,0.0011261766189617495,100,100,0,2.0000000000000018
Base,Watts–Strogatz,DP,Watts–Strogatz,Watts–Strogatz,13,13,True,2,0.0093010590116482383,86.599999999999994,85.399999999999991,1.2000000000000028,-4.4474852751080434
Base,Watts–Strogatz,DP,Watts–Strogatz,Watts–Strogatz,13,13,True,3,0.019003416020098807,68.400000000000006,71.399999999999991,2.9999999999999858,-1.2162759840778414
Base,Watts–Strogatz,DP,Watts–Strogatz,Watts–Strogatz,13,13,True,4,0.017683857587409424,57.599999999999994,60.399999999999999,2.8000000000000043,3.267568064753501
Base,Watts–Strogatz,DP,Watts–Strogatz,Watts–Strogatz,13,13,True,5,0.0065262440896738383,49,50.399999999999999,1.3999999999999986,-4.1156462585033911
Base,Watts–Strogatz,DP,Watts–Strogatz,Watts–Strogatz,13,13,False,1,0.0011261766189617495,100,100,0,2.0000000000000018
Base,Watts–Strogatz,DP,Watts–Strogatz,Watts–Strogatz,13,13,False,2,0.0011265977155425766,100,100,0,-2.399999999999991
Base,Watts–Strogatz,DP,Watts–Strogatz,Watts–Strogatz,13,13,False,3,0.0011267121620827103,100,100,0,-2.4000000000000021
Base,Watts–Strogatz,DP,Watts–Strogatz,Watts–Strogatz,13,13,False,4,0.001126731487361643,100,100,0,2.0000000000000018
Base,Watts–Strogatz,DP,Watts–Strogatz,Watts–Strogatz,13,13,False,5,0.001127104720119787,100,100,0,-4.5999999999999925
Base,Watts–Strogatz,Baseline,Watts–Strogatz,Watts–Strogatz,42,42,True,1,0.0022370665517963406,100,100,0,0
Base,Watts–Strogatz,Baseline,Watts–Strogatz,Watts–Strogatz,42,42,True,2,0.0020966297865913086,100,100,0,2.0000000000000018
Base,Watts–Strogatz,Baseline,Watts–Strogatz,Watts–Strogatz,42,42,True,3,0.0019727790107509913,100,99.599999999999994,0.40000000000000568,0.80642570281124204
Base,Watts–Strogatz,Baseline,Watts–Strogatz,Watts–Strogatz,42,42,True,4,0.0018519158053027507,100,99.599999999999994,0.40000000000000568,1.4072289156626505
Base,Watts–Strogatz,Baseline,Watts–Strogatz,Watts–Strogatz,42,42,True,5,0.0017607686908187592,100,99.599999999999994,0.40000000000000568,0.20401606425702878
Base,Watts–Strogatz,Baseline,Watts–Strogatz,Watts–Strogatz,42,42,False,1,0.0022370665517963406,100,100,0,0
Base,Watts–Strogatz,Baseline,Watts–Strogatz,Watts–Strogatz,42,42,False,2,0.0020966297865913086,100,100,0,2.0000000000000018
Base,Watts–Strogatz,Baseline,Watts–Strogatz,Watts–Strogatz,42,42,False,3,0.0019727790107509913,100,100,0,0.80000000000000071
Base,Watts–Strogatz,Baseline,Watts–Strogatz,Watts–Strogatz,42,42,False,4,0.0018519158053027507,100,100,0,1.4000000000000012
Base,Watts–Strogatz,Baseline,Watts–Strogatz,Watts–Strogatz,42,42,False,5,0.0017607686908187592,100,100,0,0.20000000000000018
Base,Watts–Strogatz,LCF-full,Watts–Strogatz,Watts–Strogatz,42,42,True,1,0.0034433914422988821,100,100,0,10.399999999999999
Base,Watts–Strogatz,LCF-full,Watts–Strogatz,Watts–Strogatz,42,42,True,2,0.0077742086648940889,99.200000000000003,94.199999999999989,5.0000000000000142,6.4122320389014442
Base,Watts–Strogatz,LCF-full,Watts–Strogatz,Watts–Strogatz,42,42,True,3,0.0089973367452621522,98.799999999999997,91.400000000000006,7.3999999999999915,4.1903276960284845
Base,Watts–Strogatz,LCF-full,Watts–Strogatz,Watts–Strogatz,42,42,True,4,0.0097688581943511377,98.799999999999997,90.200000000000003,8.5999999999999943,2.6607538802660757
Base,Watts–Strogatz,LCF-full,Watts–Strogatz,Watts–Strogatz,42,42,True,5,0.0098283407688141144,98.799999999999997,89.400000000000006,9.3999999999999915,0.67114093959731447
Base,Watts–Strogatz,LCF-full,Watts–Strogatz,Watts–Strogatz,42,42,False,1,0.0034433914422988821,100,100,0,10.399999999999999
Base,Watts–Strogatz,LCF-full,Watts–Strogatz,Watts–Strogatz,42,42,False,2,0.001532510995864933,100,100,0,7.399999999999995
Base,Watts–Strogatz,LCF-full,Watts–Strogatz,Watts–Strogatz,42,42,False,3,0.00099541664123536933,100,100,0,5.600000000000005
Base,Watts–Strogatz,LCF-full,Watts–Strogatz,Watts–Strogatz,42,42,False,4,0.00052022957801811653,100,100,0,3.6000000000000032
Base,Watts–Strogatz,LCF-full,Watts–Strogatz,Watts–Strogatz,42,42,False,5,0.00035288822650914042,100,100,0,2.200000000000002
Base,Watts–Strogatz,LCF-active,Watts–Strogatz,Watts–Strogatz,42,42,True,1,0.0034177410602569402,100,100,0,10.199999999999998
Base,Watts–Strogatz,LCF-active,Watts–Strogatz,Watts–Strogatz,42,42,True,2,0.0098807009458542483,99.200000000000003,94.599999999999994,4.6000000000000085,6.5931255541157974
Base,Watts–Strogatz,LCF-active,Watts–Strogatz,Watts–Strogatz,42,42,True,3,0.011050886273384131,98.799999999999997,91.600000000000009,7.1999999999999886,4.3827236886303851
Base,Watts–Strogatz,LCF-active,Watts–Strogatz,Watts–Strogatz,42,42,True,4,0.011790582776069591,98.799999999999997,90.400000000000006,8.3999999999999915,2.433628318584069
Base,Watts–Strogatz,LCF-active,Watts–Strogatz,Watts–Strogatz,42,42,True,5,0.011838220477104255,98.799999999999997,89.799999999999997,9,0.66815144766146917
Base,Watts–Strogatz,LCF-active,Watts–Strogatz,Watts–Strogatz,42,42,False,1,0.0034177410602569402,100,100,0,10.199999999999998
Base,Watts–Strogatz,LCF-active,Watts–Strogatz,Watts–Strogatz,42,42,False,2,0.0014154803752898237,100,100,0,7.399999999999995
Base,Watts–Strogatz,LCF-active,Watts–Strogatz,Watts–Strogatz,42,42,False,3,0.00094119334220876816,100,100,0,5.8000000000000052
Base,Watts–Strogatz,LCF-active,Watts–Strogatz,Watts–Strogatz,42,42,False,4,0.00049986612796781849,100,100,0,3.400000000000003
Base,Watts–Strogatz,LCF-active,Watts–Strogatz,Watts–Strogatz,42,42,False,5,0.00034240460395817962,100,100,0,2.200000000000002
Base,Watts–Strogatz,EO,Watts–Strogatz,Watts–Strogatz,42,42,True,1,0.00061955845521954878,100,100,0,-5.7999999999999936
Base,Watts–Strogatz,EO,Watts–Strogatz,Watts–Strogatz,42,42,True,2,0.057837916623917462,80.200000000000003,89,8.7999999999999972,3.0620079015943324
Base,Watts–Strogatz,EO,Watts–Strogatz,Watts–Strogatz,42,42,True,3,0.023369718418410568,65.600000000000009,69.399999999999991,3.7999999999999829,-1.5314191326351256
Base,Watts–Strogatz,EO,Watts–Strogatz,Watts–Strogatz,42,42,True,4,0.026098919354894168,54.400000000000006,58.599999999999994,4.1999999999999886,2.2497992371009801
Base,Watts–Strogatz,EO,Watts–Strogatz,Watts–Strogatz,42,42,True,5,0.016887988070682369,46.800000000000004,49.600000000000001,2.7999999999999972,9.842845326716299
Base,Watts–Strogatz,EO,Watts–Strogatz,Watts–Strogatz,42,42,False,1,0.00061955845521954878,100,100,0,-5.7999999999999936
Base,Watts–Strogatz,EO,Watts–Strogatz,Watts–Strogatz,42,42,False,2,0.0006193992556409178,100,100,0,1.4000000000000012
Base,Watts–Strogatz,EO,Watts–Strogatz,Watts–Strogatz,42,42,False,3,0.00061947580266064062,100,100,0,-1.8000000000000016
Base,Watts–Strogatz,EO,Watts–Strogatz,Watts–Strogatz,42,42,False,4,0.00061938029104813275,100,100,0,-2.9999999999999916
Base,Watts–Strogatz,EO,Watts–Strogatz,Watts–Strogatz,42,42,False,5,0.00061938672007699758,100,100,0,1.7999999999999905
Base,Watts–Strogatz,DP,Watts–Strogatz,Watts–Strogatz,42,42,True,1,0.0011261766189617495,100,100,0,-5.3999999999999932
Base,Watts–Strogatz,DP,Watts–Strogatz,Watts–Strogatz,42,42,True,2,0.05087726804846382,82.799999999999997,90.200000000000003,7.4000000000000057,0.40543290808402466
Base,Watts–Strogatz,DP,Watts–Strogatz,Watts–Strogatz,42,42,True,3,0.033991217601110901,68.799999999999997,74,5.2000000000000028,-2.1904462602137076
Base,Watts–Strogatz,DP,Watts–Strogatz,Watts–Strogatz,42,42,True,4,0.052334763711212207,59.599999999999994,67.400000000000006,7.8000000000000114,3.5767629896640396
Base,Watts–Strogatz,DP,Watts–Strogatz,Watts–Strogatz,42,42,True,5,0.048234279533807489,52,59.399999999999999,7.3999999999999986,7.3698523698523699
Base,Watts–Strogatz,DP,Watts–Strogatz,Watts–Strogatz,42,42,False,1,0.0011261766189617495,100,100,0,-5.3999999999999932
Base,Watts–Strogatz,DP,Watts–Strogatz,Watts–Strogatz,42,42,False,2,0.0011256292638082144,100,100,0,-0.80000000000000071
Base,Watts–Strogatz,DP,Watts–Strogatz,Watts–Strogatz,42,42,False,3,0.0011256946722003613,100,100,0,-0.40000000000000036
Base,Watts–Strogatz,DP,Watts–Strogatz,Watts–Strogatz,42,42,False,4,0.0011255023034264511,100,100,0,-2.4000000000000021
Base,Watts–Strogatz,DP,Watts–Strogatz,Watts–Strogatz,42,42,False,5,0.0011256403179934482,100,100,0,2.200000000000002
Base,Watts–Strogatz,Baseline,Watts–Strogatz,Watts–Strogatz,99,99,True,1,0.0022370665517963406,100,100,0,2.200000000000002
Base,Watts–Strogatz,Baseline,Watts–Strogatz,Watts–Strogatz,99,99,True,2,0.006090895884224734,100,99.200000000000003,0.79999999999999716,1.4193548387096744
Base,Watts–Strogatz,Baseline,Watts–Strogatz,Watts–Strogatz,99,99,True,3,0.0059618388691243807,100,99.200000000000003,0.79999999999999716,0.40967741935483692
Base,Watts–Strogatz,Baseline,Watts–Strogatz,Watts–Strogatz,99,99,True,4,0.003887954341446398,99.799999999999997,99.200000000000003,0.59999999999999432,1.6165395306742547
Base,Watts–Strogatz,Baseline,Watts–Strogatz,Watts–Strogatz,99,99,True,5,0.00010303299121383613,99.400000000000006,99.200000000000003,0.20000000000000284,-0.40038618809631332
Base,Watts–Strogatz,Baseline,Watts–Strogatz,Watts–Strogatz,99,99,False,1,0.0022370665517963406,100,100,0,2.200000000000002
Base,Watts–Strogatz,Baseline,Watts–Strogatz,Watts–Strogatz,99,99,False,2,0.0021216511269293026,100,100,0,1.6000000000000014
Base,Watts–Strogatz,Baseline,Watts–Strogatz,Watts–Strogatz,99,99,False,3,0.0019912476235555143,100,100,0,0.40000000000000036
Base,Watts–Strogatz,Baseline,Watts–Strogatz,Watts–Strogatz,99,99,False,4,0.0018811766093792537,100,100,0,1.6000000000000014
Base,Watts–Strogatz,Baseline,Watts–Strogatz,Watts–Strogatz,99,99,False,5,0.0018032479253102807,100,100,0,-0.40000000000000036
Base,Watts–Strogatz,LCF-full,Watts–Strogatz,Watts–Strogatz,99,99,True,1,0.0034433914422988821,100,100,0,12.800000000000001
Base,Watts–Strogatz,LCF-full,Watts–Strogatz,Watts–Strogatz,99,99,True,2,0.0015486441850661725,99.400000000000006,91.200000000000003,8.2000000000000028,6.4320131314200886
Base,Watts–Strogatz,LCF-full,Watts–Strogatz,Watts–Strogatz,99,99,True,3,0.0030808279514312753,99.200000000000003,88,11.200000000000003,3.6620234604105573
Base,Watts–Strogatz,LCF-full,Watts–Strogatz,Watts–Strogatz,99,99,True,4,0.0027125335931778016,99.200000000000003,87.400000000000006,11.799999999999997,1.6018306636155555
Base,Watts–Strogatz,LCF-full,Watts–Strogatz,Watts–Strogatz,99,99,True,5,0.0025809804201125663,99.200000000000003,87.400000000000006,11.799999999999997,0.48488595260942624
Base,Watts–Strogatz,LCF-full,Watts–Strogatz,Watts–Strogatz,99,99,False,1,0.0034433914422988821,100,100,0,12.800000000000001
Base,Watts–Strogatz,LCF-full,Watts–Strogatz,Watts–Strogatz,99,99,False,2,0.0023659067153930513,100,100,0,7.9999999999999964
Base,Watts–Strogatz,LCF-full,Watts–Strogatz,Watts–Strogatz,99,99,False,3,0.0019248996973036947,100,100,0,5.2000000000000046
Base,Watts–Strogatz,LCF-full,Watts–Strogatz,Watts–Strogatz,99,99,False,4,0.0011074557304382449,100,100,0,3.400000000000003
Base,Watts–Strogatz,LCF-full,Watts–Strogatz,Watts–Strogatz,99,99,False,5,0.00074039626121524815,100,100,0,1.6000000000000014
Base,Watts–Strogatz,LCF-active,Watts–Strogatz,Watts–Strogatz,99,99,True,1,0.0034177410602569402,100,100,0,12.800000000000001
Base,Watts–Strogatz,LCF-active,Watts–Strogatz,Watts–Strogatz,99,99,True,2,0.0015728015899657555,99.400000000000006,91.200000000000003,8.2000000000000028,6.2127148858060588
Base,Watts–Strogatz,LCF-active,Watts–Strogatz,Watts–Strogatz,99,99,True,3,0.0030657889842987673,99.200000000000003,88,11.200000000000003,3.6620234604105573
Base,Watts–Strogatz,LCF-active,Watts–Strogatz,Watts–Strogatz,99,99,True,4,0.0027002923488617103,99.200000000000003,87.400000000000006,11.799999999999997,1.6018306636155555
Base,Watts–Strogatz,LCF-active,Watts–Strogatz,Watts–Strogatz,99,99,True,5,0.0025735709667205064,99.200000000000003,87.400000000000006,11.799999999999997,0.48488595260942624
Base,Watts–Strogatz,LCF-active,Watts–Strogatz,Watts–Strogatz,99,99,False,1,0.0034177410602569402,100,100,0,12.800000000000001
Base,Watts–Strogatz,LCF-active,Watts–Strogatz,Watts–Strogatz,99,99,False,2,0.0023430732488632922,100,100,0,7.7999999999999954
Base,Watts–Strogatz,LCF-active,Watts–Strogatz,Watts–Strogatz,99,99,False,3,0.0019074134826659872,100,100,0,5.2000000000000046
Base,Watts–Strogatz,LCF-active,Watts–Strogatz,Watts–Strogatz,99,99,False,4,0.0010908786058426712,100,100,0,3.400000000000003
Base,Watts–Strogatz,LCF-active,Watts–Strogatz,Watts–Strogatz,99,99,False,5,0.00072968065738676646,100,100,0,1.6000000000000014
Base,Watts–Strogatz,EO,Watts–Strogatz,Watts–Strogatz,99,99,True,1,0.00061955845521954878,100,100,0,3.8000000000000034
Base,Watts–Strogatz,EO,Watts–Strogatz,Watts–Strogatz,99,99,True,2,0.040300557888016231,86,80,6,0.97674418604650759
Base,Watts–Strogatz,EO,Watts–Strogatz,Watts–Strogatz,99,99,True,3,0.046770811950845148,69.399999999999991,62.399999999999999,6.9999999999999929,0.57729254415133102
Base,Watts–Strogatz,EO,Watts–Strogatz,Watts–Strogatz,99,99,True,4,0.022863555045357253,57.399999999999999,54,3.3999999999999986,-4.1902180926571164
Base,Watts–Strogatz,EO,Watts–Strogatz,Watts–Strogatz,99,99,True,5,0.009585011406923527,47.799999999999997,46.400000000000006,1.3999999999999915,-0.67630933487230482
Base,Watts–Strogatz,EO,Watts–Strogatz,Watts–Strogatz,99,99,False,1,0.00061955845521954878,100,100,0,3.8000000000000034
Base,Watts–Strogatz,EO,Watts–Strogatz,Watts–Strogatz,99,99,False,2,0.00061970505253561292,100,100,0,0
Base,Watts–Strogatz,EO,Watts–Strogatz,Watts–Strogatz,99,99,False,3,0.00061970512812348222,100,100,0,-0.20000000000000018
Base,Watts–Strogatz,EO,Watts–Strogatz,Watts–Strogatz,99,99,False,4,0.00061977526856682452,100,100,0,-4.5999999999999925
Base,Watts–Strogatz,EO,Watts–Strogatz,Watts–Strogatz,99,99,False,5,0.00061972435687773775,100,100,0,-4.1999999999999922
Base,Watts–Strogatz,DP,Watts–Strogatz,Watts–Strogatz,99,99,True,1,0.0011261766189617495,100,100,0,3.5999999999999921
Base,Watts–Strogatz,DP,Watts–Strogatz,Watts–Strogatz,99,99,True,2,0.031806679947448901,87.200000000000003,82.799999999999997,4.4000000000000057,0.36453485795329144
Base,Watts–Strogatz,DP,Watts–Strogatz,Watts–Strogatz,99,99,True,3,0.041381424784993681,73.400000000000006,67.800000000000011,5.5999999999999943,-1.0867031580301001
Base,Watts–Strogatz,DP,Watts–Strogatz,Watts–Strogatz,99,99,True,4,0.0090676282592587754,61.600000000000001,60.600000000000001,1,-3.4674896061034688
Base,Watts–Strogatz,DP,Watts–Strogatz,Watts–Strogatz,99,99,True,5,0.01056278160303048,52.600000000000001,54.400000000000006,1.8000000000000043,-1.7669425184522525
Base,Watts–Strogatz,DP,Watts–Strogatz,Watts–Strogatz,99,99,False,1,0.0011261766189617495,100,100,0,3.5999999999999921
Base,Watts–Strogatz,DP,Watts–Strogatz,Watts–Strogatz,99,99,False,2,0.0011266453664200426,100,100,0,-0.20000000000000018
Base,Watts–Strogatz,DP,Watts–Strogatz,Watts–Strogatz,99,99,False,3,0.001126688168888168,100,100,0,-0.40000000000000036
Base,Watts–Strogatz,DP,Watts–Strogatz,Watts–Strogatz,99,99,False,4,0.0011269208439256273,100,100,0,-5.9999999999999947
Base,Watts–Strogatz,DP,Watts–Strogatz,Watts–Strogatz,99,99,False,5,0.0011265390650714302,100,100,0,-4.5999999999999925
Variant I,Base (80/20),Baseline,Base (80/20),Base (80/20),2026,2026,True,1,0.0029512137812132133,100,100,0,0.40000000000000036
Variant I,Base (80/20),Baseline,Base (80/20),Base (80/20),2026,2026,True,2,0.0086085315532566931,100,99.400000000000006,0.59999999999999432,0.60845070422534953
Variant I,Base (80/20),Baseline,Base (80/20),Base (80/20),2026,2026,True,3,0.012285034900026748,100,99,1,0.81212121212120847
Variant I,Base (80/20),Baseline,Base (80/20),Base (80/20),2026,2026,True,4,0.012061668336915576,100,99,1,0.014141414141410902
Variant I,Base (80/20),Baseline,Base (80/20),Base (80/20),2026,2026,True,5,0.0059441252597848271,99.400000000000006,99,0.40000000000000568,0.81051968375911443
Variant I,Base (80/20),Baseline,Base (80/20),Base (80/20),2026,2026,False,1,0.0029512137812132133,100,100,0,0.40000000000000036
Variant I,Base (80/20),Baseline,Base (80/20),Base (80/20),2026,2026,False,2,0.0027074541697935661,100,100,0,0.60000000000000053
Variant I,Base (80/20),Baseline,Base (80/20),Base (80/20),2026,2026,False,3,0.0024215762963758491,100,100,0,0.80000000000000071
Variant I,Base (80/20),Baseline,Base (80/20),Base (80/20),2026,2026,False,4,0.0021828937667784931,100,100,0,0
Variant I,Base (80/20),Baseline,Base (80/20),Base (80/20),2026,2026,False,5,0.0019617227500071666,100,100,0,0.80000000000000071
Variant I,Base (80/20),LCF-full,Base (80/20),Base (80/20),2026,2026,True,1,0.0029729660749435727,100,100,0,12.800000000000001
Variant I,Base (80/20),LCF-full,Base (80/20),Base (80/20),2026,2026,True,2,0.0057946425676346225,100,89.600000000000009,10.399999999999991,5.9428571428571386
Variant I,Base (80/20),LCF-full,Base (80/20),Base (80/20),2026,2026,True,3,0.0068323513269423763,99.799999999999997,86.799999999999997,13,3.7166498896410327
Variant I,Base (80/20),LCF-full,Base (80/20),Base (80/20),2026,2026,True,4,0.006305602550506606,99.799999999999997,85.200000000000003,14.599999999999994,1.2080499026221436
Variant I,Base (80/20),LCF-full,Base (80/20),Base (80/20),2026,2026,True,5,0.0061726281642914271,99.799999999999997,85.200000000000003,14.599999999999994,0.26908276647190643
Variant I,Base (80/20),LCF-full,Base (80/20),Base (80/20),2026,2026,False,1,0.0029729660749435727,100,100,0,12.800000000000001
Variant I,Base (80/20),LCF-full,Base (80/20),Base (80/20),2026,2026,False,2,0.0018518154621124383,100,100,0,7.9999999999999964
Variant I,Base (80/20),LCF-full,Base (80/20),Base (80/20),2026,2026,False,3,0.00064833402633668324,100,100,0,5.8000000000000052
Variant I,Base (80/20),LCF-full,Base (80/20),Base (80/20),2026,2026,False,4,9.4056129462671834e-07,100,100,0,2.8000000000000025
Variant I,Base (80/20),LCF-full,Base (80/20),Base (80/20),2026,2026,False,5,0.00017918813228601227,100,100,0,1.6000000000000014
Variant I,Base (80/20),LCF-active,Base (80/20),Base (80/20),2026,2026,True,1,0.0029077841043472219,100,100,0,12.4
Variant I,Base (80/20),LCF-active,Base (80/20),Base (80/20),2026,2026,True,2,0.005754553914070204,100,89.600000000000009,10.399999999999991,5.9428571428571386
Variant I,Base (80/20),LCF-active,Base (80/20),Base (80/20),2026,2026,True,3,0.0068137428760528529,99.799999999999997,86.799999999999997,13,3.7166498896410327
Variant I,Base (80/20),LCF-active,Base (80/20),Base (80/20),2026,2026,True,4,0.0062967668771743979,99.799999999999997,85.200000000000003,14.599999999999994,1.2080499026221436
Variant I,Base (80/20),LCF-active,Base (80/20),Base (80/20),2026,2026,True,5,0.0061670190095901578,99.799999999999997,85.200000000000003,14.599999999999994,0.26908276647190643
Variant I,Base (80/20),LCF-active,Base (80/20),Base (80/20),2026,2026,False,1,0.0029077841043472219,100,100,0,12.4
Variant I,Base (80/20),LCF-active,Base (80/20),Base (80/20),2026,2026,False,2,0.0018106878995896025,100,100,0,7.9999999999999964
Variant I,Base (80/20),LCF-active,Base (80/20),Base (80/20),2026,2026,False,3,0.00063059031963341727,100,100,0,5.8000000000000052
Variant I,Base (80/20),LCF-active,Base (80/20),Base (80/20),2026,2026,False,4,7.0855617523291059e-06,100,100,0,2.8000000000000025
Variant I,Base (80/20),LCF-active,Base (80/20),Base (80/20),2026,2026,False,5,0.00018112158775329679,100,100,0,1.6000000000000014
Variant I,Base (80/20),EO,Base (80/20),Base (80/20),2026,2026,True,1,0.0005539046922832247,100,100,0,0.60000000000000053
Variant I,Base (80/20),EO,Base (80/20),Base (80/20),2026,2026,True,2,0.0058061379995477669,85.200000000000003,84.399999999999991,0.80000000000001137,-3.2251963598335709
Variant I,Base (80/20),EO,Base (80/20),Base (80/20),2026,2026,True,3,0.0088765459349324782,68,69.399999999999991,1.3999999999999915,-1.8053907441939243
Variant I,Base (80/20),EO,Base (80/20),Base (80/20),2026,2026,True,4,0.003032412161457998,57.199999999999996,56.799999999999997,0.39999999999999858,0.22899635575691635
Variant I,Base (80/20),EO,Base (80/20),Base (80/20),2026,2026,True,5,0.018261776720856271,46.200000000000003,49,2.7999999999999972,4.7990105132962313
Variant I,Base (80/20),EO,Base (80/20),Base (80/20),2026,2026,False,1,0.0005539046922832247,100,100,0,0.60000000000000053
Variant I,Base (80/20),EO,Base (80/20),Base (80/20),2026,2026,False,2,0.00055396732952350813,100,100,0,-2.200000000000002
Variant I,Base (80/20),EO,Base (80/20),Base (80/20),2026,2026,False,3,0.00055387588922484188,100,100,0,0
Variant I,Base (80/20),EO,Base (80/20),Base (80/20),2026,2026,False,4,0.00055389519299775536,100,100,0,1.0000000000000009
Variant I,Base (80/20),EO,Base (80/20),Base (80/20),2026,2026,False,5,0.00055392894532590997,100,100,0,1.0000000000000009
Variant I,Base (80/20),DP,Base (80/20),Base (80/20),2026,2026,True,1,0.001013248346873219,100,100,0,-0.80000000000000071
Variant I,Base (80/20),DP,Base (80/20),Base (80/20),2026,2026,True,2,0.001899884524102613,86,86.400000000000006,0.40000000000000568,-1.9896640826873369
Variant I,Base (80/20),DP,Base (80/20),Base (80/20),2026,2026,True,3,0.018865529050050012,69.199999999999989,72.399999999999991,3.2000000000000028,-2.4079455817072826
Variant I,Base (80/20),DP,Base (80/20),Base (80/20),2026,2026,True,4,0.0077002557690994955,59.399999999999999,61.199999999999996,1.7999999999999972,0.14854426619131944
Variant I,Base (80/20),DP,Base (80/20),Base (80/20),2026,2026,True,5,0.026079423964306847,50,54.400000000000006,4.4000000000000057,1.7147058823529404
Variant I,Base (80/20),DP,Base (80/20),Base (80/20),2026,2026,False,1,0.001013248346873219,100,100,0,-0.80000000000000071
Variant I,Base (80/20),DP,Base (80/20),Base (80/20),2026,2026,False,2,0.00101335442305861,100,100,0,-1.6000000000000014
Variant I,Base (80/20),DP,Base (80/20),Base (80/20),2026,2026,False,3,0.0010130982065588157,100,100,0,0.20000000000000018
Variant I,Base (80/20),DP,Base (80/20),Base (80/20),2026,2026,False,4,0.001013167800733461,100,100,0,2.1999999999999909
Variant I,Base (80/20),DP,Base (80/20),Base (80/20),2026,2026,False,5,0.0010134183111042416,100,100,0,-0.20000000000000018
Variant I,Base (80/20),Baseline,Base (80/20),Base (80/20),7,7,True,1,0.0029512137812132133,100,100,0,0.40000000000000036
Variant I,Base (80/20),Baseline,Base (80/20),Base (80/20),7,7,True,2,0.0027281602631482604,100,100,0,1.2000000000000011
Variant I,Base (80/20),Baseline,Base (80/20),Base (80/20),7,7,True,3,0.0005414753119692417,99.799999999999997,100,0.20000000000000284,0.39839679358717461
Variant I,Base (80/20),Baseline,Base (80/20),Base (80/20),7,7,True,4,0.0061766399271402372,99.799999999999997,99.799999999999997,0,0.60120240480961984
Variant I,Base (80/20),Baseline,Base (80/20),Base (80/20),7,7,True,5,0.0059363266094331069,99.799999999999997,99.799999999999997,0,-1.0020040080160331
Variant I,Base (80/20),Baseline,Base (80/20),Base (80/20),7,7,False,1,0.0029512137812132133,100,100,0,0.40000000000000036
Variant I,Base (80/20),Baseline,Base (80/20),Base (80/20),7,7,False,2,0.0027281602631482604,100,100,0,1.2000000000000011
Variant I,Base (80/20),Baseline,Base (80/20),Base (80/20),7,7,False,3,0.0024696018092196237,100,100,0,0.40000000000000036
Variant I,Base (80/20),Baseline,Base (80/20),Base (80/20),7,7,False,4,0.0022701158329445636,100,100,0,0.60000000000000053
Variant I,Base (80/20),Baseline,Base (80/20),Base (80/20),7,7,False,5,0.0020194521409434563,100,100,0,-1.0000000000000009
Variant I,Base (80/20),LCF-full,Base (80/20),Base (80/20),7,7,True,1,0.0029729660749435727,100,100,0,11.6
Variant I,Base (80/20),LCF-full,Base (80/20),Base (80/20),7,7,True,2,0.0030463737249374345,100,92.400000000000006,7.5999999999999943,8.2909090909090928
Variant I,Base (80/20),LCF-full,Base (80/20),Base (80/20),7,7,True,3,0.00029056787490844282,99.799999999999997,88.799999999999997,11,2.7027027027026973
Variant I,Base (80/20),LCF-full,Base (80/20),Base (80/20),7,7,True,4,0.0011451812982559151,99.799999999999997,88.200000000000003,11.599999999999994,1.3869007856983862
Variant I,Base (80/20),LCF-full,Base (80/20),Base (80/20),7,7,True,5,0.0017193812131881536,99.799999999999997,87.799999999999997,12,0.48297049680225967
Variant I,Base (80/20),LCF-full,Base (80/20),Base (80/20),7,7,False,1,0.0029729660749435727,100,100,0,11.6
Variant I,Base (80/20),LCF-full,Base (80/20),Base (80/20),7,7,False,2,0.0030463737249374345,100,100,0,9.3999999999999968
Variant I,Base (80/20),LCF-full,Base (80/20),Base (80/20),7,7,False,3,0.0014024565219878937,100,100,0,4.8000000000000043
Variant I,Base (80/20),LCF-full,Base (80/20),Base (80/20),7,7,False,4,0.00072157263755789902,100,100,0,3.0000000000000027
Variant I,Base (80/20),LCF-full,Base (80/20),Base (80/20),7,7,False,5,0.00023081910610200929,100,100,0,1.4000000000000012
Variant I,Base (80/20),LCF-active,Base (80/20),Base (80/20),7,7,True,1,0.0029077841043472219,100,100,0,11.6
Variant I,Base (80/20),LCF-active,Base (80/20),Base (80/20),7,7,True,2,0.0029955906867981108,100,92.400000000000006,7.5999999999999943,8.2909090909090928
Variant I,Base (80/20),LCF-active,Base (80/20),Base (80/20),7,7,True,3,0.00032739233970646708,99.799999999999997,88.799999999999997,11,2.7027027027026973
Variant I,Base (80/20),LCF-active,Base (80/20),Base (80/20),7,7,True,4,0.0011727526187896853,99.799999999999997,88.200000000000003,11.599999999999994,1.3869007856983862
Variant I,Base (80/20),LCF-active,Base (80/20),Base (80/20),7,7,True,5,0.0017304420471191406,99.799999999999997,87.799999999999997,12,0.48297049680225967
Variant I,Base (80/20),LCF-active,Base (80/20),Base (80/20),7,7,False,1,0.0029077841043472219,100,100,0,11.6
Variant I,Base (80/20),LCF-active,Base (80/20),Base (80/20),7,7,False,2,0.0029955906867981108,100,100,0,9.3999999999999968
Variant I,Base (80/20),LCF-active,Base (80/20),Base (80/20),7,7,False,3,0.0013693934679031017,100,100,0,4.8000000000000043
Variant I,Base (80/20),LCF-active,Base (80/20),Base (80/20),7,7,False,4,0.00069662833213801623,100,100,0,3.0000000000000027
Variant I,Base (80/20),LCF-active,Base (80/20),Base (80/20),7,7,False,5,0.0002210973501205471,100,100,0,1.4000000000000012
Variant I,Base (80/20),EO,Base (80/20),Base (80/20),7,7,True,1,0.0005539046922832247,100,100,0,-1.2000000000000011
Variant I,Base (80/20),EO,Base (80/20),Base (80/20),7,7,True,2,0.014131732520483609,82.399999999999991,84.599999999999994,2.2000000000000028,-0.10500585278523378
Variant I,Base (80/20),EO,Base (80/20),Base (80/20),7,7,True,3,0.006226037566108289,66.200000000000003,67.600000000000009,1.4000000000000057,-2.2488782423711551
Variant I,Base (80/20),EO,Base (80/20),Base (80/20),7,7,True,4,0.014272026252087899,52.600000000000001,55.400000000000006,2.8000000000000043,0.75908360901016936
Variant I,Base (80/20),EO,Base (80/20),Base (80/20),7,7,True,5,0.020975483698573993,42,45.600000000000001,3.6000000000000014,7.8696741854636603
Variant I,Base (80/20),EO,Base (80/20),Base (80/20),7,7,False,1,0.0005539046922832247,100,100,0,-1.2000000000000011
Variant I,Base (80/20),EO,Base (80/20),Base (80/20),7,7,False,2,0.00055391436019358586,100,100,0,1.9999999999999907
Variant I,Base (80/20),EO,Base (80/20),Base (80/20),7,7,False,3,0.00055400108237380064,100,100,0,0.40000000000000036
Variant I,Base (80/20),EO,Base (80/20),Base (80/20),7,7,False,4,0.00055403963923350563,100,100,0,1.8000000000000016
Variant I,Base (80/20),EO,Base (80/20),Base (80/20),7,7,False,5,0.00055409265261552321,100,100,0,4.0000000000000036
Variant I,Base (80/20),DP,Base (80/20),Base (80/20),7,7,True,1,0.001013248346873219,100,100,0,-0.20000000000000018
Variant I,Base (80/20),DP,Base (80/20),Base (80/20),7,7,True,2,0.0061629051159867165,83.200000000000003,84.399999999999991,1.1999999999999886,1.9902934742982104
Variant I,Base (80/20),DP,Base (80/20),Base (80/20),7,7,True,3,0.0063748809855039279,69.799999999999997,69.399999999999991,0.40000000000000568,-0.96942272280621244
Variant I,Base (80/20),DP,Base (80/20),Base (80/20),7,7,True,4,0.0034321835641083487,57.399999999999999,56.999999999999993,0.40000000000000568,0.22495262546610162
Variant I,Base (80/20),DP,Base (80/20),Base (80/20),7,7,True,5,0.00046816124487580879,47.399999999999999,47.399999999999999,0,5.9071729957805967
Variant I,Base (80/20),DP,Base (80/20),Base (80/20),7,7,False,1,0.001013248346873219,100,100,0,-0.20000000000000018
Variant I,Base (80/20),DP,Base (80/20),Base (80/20),7,7,False,2,0.0010133908223320942,100,100,0,3.2000000000000028
Variant I,Base (80/20),DP,Base (80/20),Base (80/20),7,7,False,3,0.0010137495992860179,100,100,0,1.3999999999999901
Variant I,Base (80/20),DP,Base (80/20),Base (80/20),7,7,False,4,0.0010139824813218956,100,100,0,2.399999999999991
Variant I,Base (80/20),DP,Base (80/20),Base (80/20),7,7,False,5,0.0010142330331631699,100,100,0,4.5999999999999925
Variant I,Base (80/20),Baseline,Base (80/20),Base (80/20),13,13,True,1,0.0029512137812132133,100,100,0,0.80000000000000071
Variant I,Base (80/20),Baseline,Base (80/20),Base (80/20),13,13,True,2,0.0066654046121491506,100,99.599999999999994,0.40000000000000568,0.0040160642570286065
Variant I,Base (80/20),Baseline,Base (80/20),Base (80/20),13,13,True,3,0.0063581870947750918,100,99.599999999999994,0.40000000000000568,0.40240963855421308
Variant I,Base (80/20),Baseline,Base (80/20),Base (80/20),13,13,True,4,0.0060964823639357846,100,99.599999999999994,0.40000000000000568,0.20321285140562084
Variant I,Base (80/20),Baseline,Base (80/20),Base (80/20),13,13,True,5,0.0058336222971556717,100,99.599999999999994,0.40000000000000568,0.80401606425702932
Variant I,Base (80/20),Baseline,Base (80/20),Base (80/20),13,13,False,1,0.0029512137812132133,100,100,0,0.80000000000000071
Variant I,Base (80/20),Baseline,Base (80/20),Base (80/20),13,13,False,2,0.0027125155516263266,100,100,0,0
Variant I,Base (80/20),Baseline,Base (80/20),Base (80/20),13,13,False,3,0.0023999656211285414,100,100,0,0.40000000000000036
Variant I,Base (80/20),Baseline,Base (80/20),Base (80/20),13,13,False,4,0.0021335201519229186,100,100,0,0.20000000000000018
Variant I,Base (80/20),Baseline,Base (80/20),Base (80/20),13,13,False,5,0.0018664479100596321,100,100,0,0.80000000000000071
Variant I,Base (80/20),LCF-full,Base (80/20),Base (80/20),13,13,True,1,0.0029729660749435727,100,100,0,12
Variant I,Base (80/20),LCF-full,Base (80/20),Base (80/20),13,13,True,2,0.014284116029739335,100,90.400000000000006,9.5999999999999943,4.9946902654867227
Variant I,Base (80/20),LCF-full,Base (80/20),Base (80/20),13,13,True,3,0.016702755093574551,100,88.799999999999997,11.200000000000003,2.7531531531531539
Variant I,Base (80/20),LCF-full,Base (80/20),Base (80/20),13,13,True,4,0.014224006533622768,99.799999999999997,87,12.799999999999997,0.94902448575311382
Variant I,Base (80/20),LCF-full,Base (80/20),Base (80/20),13,13,True,5,0.014064451694488556,99.799999999999997,87,12.799999999999997,0.91954022988506301
Variant I,Base (80/20),LCF-full,Base (80/20),Base (80/20),13,13,False,1,0.0029729660749435727,100,100,0,12
Variant I,Base (80/20),LCF-full,Base (80/20),Base (80/20),13,13,False,2,0.0028194282054900821,100,100,0,6.9999999999999947
Variant I,Base (80/20),LCF-full,Base (80/20),Base (80/20),13,13,False,3,0.0011500082015991619,100,100,0,4.0000000000000036
Variant I,Base (80/20),LCF-full,Base (80/20),Base (80/20),13,13,False,4,0.00035992205142976186,100,100,0,2.0000000000000018
Variant I,Base (80/20),LCF-full,Base (80/20),Base (80/20),13,13,False,5,0.00011158239841457807,100,100,0,2.4000000000000021
Variant I,Base (80/20),LCF-active,Base (80/20),Base (80/20),13,13,True,1,0.0029077841043472219,100,100,0,12
Variant I,Base (80/20),LCF-active,Base (80/20),Base (80/20),13,13,True,2,0.014243963360786482,100,90.400000000000006,9.5999999999999943,4.9946902654867227
Variant I,Base (80/20),LCF-active,Base (80/20),Base (80/20),13,13,True,3,0.016686021447181676,100,88.799999999999997,11.200000000000003,2.9531531531531541
Variant I,Base (80/20),LCF-active,Base (80/20),Base (80/20),13,13,True,4,0.014257393240928562,99.799999999999997,87,12.799999999999997,0.94902448575311382
Variant I,Base (80/20),LCF-active,Base (80/20),Base (80/20),13,13,True,5,0.014076273322105481,99.799999999999997,87,12.799999999999997,0.68965517241379448
Variant I,Base (80/20),LCF-active,Base (80/20),Base (80/20),13,13,False,1,0.0029077841043472219,100,100,0,12
Variant I,Base (80/20),LCF-active,Base (80/20),Base (80/20),13,13,False,2,0.0027702671289444591,100,100,0,6.7999999999999954
Variant I,Base (80/20),LCF-active,Base (80/20),Base (80/20),13,13,False,3,0.0011234852075576729,100,100,0,4.2000000000000037
Variant I,Base (80/20),LCF-active,Base (80/20),Base (80/20),13,13,False,4,0.00038910675048831056,100,100,0,2.0000000000000018
Variant I,Base (80/20),LCF-active,Base (80/20),Base (80/20),13,13,False,5,0.00012164235115053046,100,100,0,2.200000000000002
Variant I,Base (80/20),EO,Base (80/20),Base (80/20),13,13,True,1,0.0005539046922832247,100,100,0,1.6000000000000014
Variant I,Base (80/20),EO,Base (80/20),Base (80/20),13,13,True,2,0.017743436608790075,87,84.399999999999991,2.6000000000000085,4.3798006210165052
Variant I,Base (80/20),EO,Base (80/20),Base (80/20),13,13,True,3,0.041479192536748422,69.199999999999989,63.200000000000003,5.9999999999999858,-4.6462281407770529
Variant I,Base (80/20),EO,Base (80/20),Base (80/20),13,13,True,4,0.016267459472779411,56.399999999999991,54.200000000000003,2.1999999999999886,5.0430504305043033
Variant I,Base (80/20),EO,Base (80/20),Base (80/20),13,13,True,5,0.020257046637109755,47,44.399999999999999,2.6000000000000014,2.0682384512171748
Variant I,Base (80/20),EO,Base (80/20),Base (80/20),13,13,False,1,0.0005539046922832247,100,100,0,1.6000000000000014
Variant I,Base (80/20),EO,Base (80/20),Base (80/20),13,13,False,2,0.00055399141546497166,100,100,0,3.0000000000000027
Variant I,Base (80/20),EO,Base (80/20),Base (80/20),13,13,False,3,0.00055404923560697927,100,100,0,-2.6000000000000023
Variant I,Base (80/20),EO,Base (80/20),Base (80/20),13,13,False,4,0.00055400595922228124,100,100,0,2.0000000000000018
Variant I,Base (80/20),EO,Base (80/20),Base (80/20),13,13,False,5,0.00055404454110952184,100,100,0,1.4000000000000012
Variant I,Base (80/20),DP,Base (80/20),Base (80/20),13,13,True,1,0.001013248346873219,100,100,0,3.400000000000003
Variant I,Base (80/20),DP,Base (80/20),Base (80/20),13,13,True,2,0.028978713196458283,89,85,4,3.7699933906146788
Variant I,Base (80/20),DP,Base (80/20),Base (80/20),13,13,True,3,0.049810888704419909,73,66.200000000000003,6.7999999999999972,-2.6445391714604916
Variant I,Base (80/20),DP,Base (80/20),Base (80/20),13,13,True,4,0.037156880798026926,61.199999999999996,56.399999999999991,4.8000000000000043,5.937978028090674
Variant I,Base (80/20),DP,Base (80/20),Base (80/20),13,13,True,5,0.038544098029752227,53,47.799999999999997,5.2000000000000028,1.0199731586010841
Variant I,Base (80/20),DP,Base (80/20),Base (80/20),13,13,False,1,0.001013248346873219,100,100,0,3.400000000000003
Variant I,Base (80/20),DP,Base (80/20),Base (80/20),13,13,False,2,0.0010137338750683123,100,100,0,3.3999999999999919
Variant I,Base (80/20),DP,Base (80/20),Base (80/20),13,13,False,3,0.0010139484943398891,100,100,0,0
Variant I,Base (80/20),DP,Base (80/20),Base (80/20),13,13,False,4,0.0010140173069890235,100,100,0,2.0000000000000018
Variant I,Base (80/20),DP,Base (80/20),Base (80/20),13,13,False,5,0.0010141041131735973,100,100,0,1.8000000000000016
Variant I,Base (80/20),Baseline,Base (80/20),Base (80/20),42,42,True,1,0.0029512137812132133,100,100,0,1.2000000000000011
Variant I,Base (80/20),Baseline,Base (80/20),Base (80/20),42,42,True,2,0.010544874349001643,100,99.200000000000003,0.79999999999999716,0.40645161290322473
Variant I,Base (80/20),Baseline,Base (80/20),Base (80/20),42,42,True,3,0.010313667727439579,100,99.200000000000003,0.79999999999999716,1.0145161290322613
Variant I,Base (80/20),Baseline,Base (80/20),Base (80/20),42,42,True,4,0.014054864455803839,100,98.799999999999997,1.2000000000000028,0.0097165991902792292
Variant I,Base (80/20),Baseline,Base (80/20),Base (80/20),42,42,True,5,0.01382837156393113,100,98.799999999999997,1.2000000000000028,0.80971659919027994
Variant I,Base (80/20),Baseline,Base (80/20),Base (80/20),42,42,False,1,0.0029512137812132133,100,100,0,1.2000000000000011
Variant I,Base (80/20),Baseline,Base (80/20),Base (80/20),42,42,False,2,0.0027197728827083045,100,100,0,0.40000000000000036
Variant I,Base (80/20),Baseline,Base (80/20),Base (80/20),42,42,False,3,0.0024692177208914812,100,100,0,1.0000000000000009
Variant I,Base (80/20),Baseline,Base (80/20),Base (80/20),42,42,False,4,0.0022269297408992195,100,100,0,0
Variant I,Base (80/20),Baseline,Base (80/20),Base (80/20),42,42,False,5,0.0019811450099821437,100,100,0,0.80000000000000071
Variant I,Base (80/20),LCF-full,Base (80/20),Base (80/20),42,42,True,1,0.0029729660749435727,100,100,0,13.800000000000001
Variant I,Base (80/20),LCF-full,Base (80/20),Base (80/20),42,42,True,2,0.0030008250474929943,100,89,11,6.5910112359550581
Variant I,Base (80/20),LCF-full,Base (80/20),Base (80/20),42,42,True,3,0.0035548770427703547,100,86.400000000000006,13.599999999999994,2.8092592592592558
Variant I,Base (80/20),LCF-full,Base (80/20),Base (80/20),42,42,True,4,0.002638859748840372,100,85.599999999999994,14.400000000000006,-0.16635514018691344
Variant I,Base (80/20),LCF-full,Base (80/20),Base (80/20),42,42,True,5,0.002080096602439907,100,85.599999999999994,14.400000000000006,0.23364485981308691
Variant I,Base (80/20),LCF-full,Base (80/20),Base (80/20),42,42,False,1,0.0029729660749435727,100,100,0,13.800000000000001
Variant I,Base (80/20),LCF-full,Base (80/20),Base (80/20),42,42,False,2,0.0030008250474929943,100,100,0,8.1999999999999957
Variant I,Base (80/20),LCF-full,Base (80/20),Base (80/20),42,42,False,3,0.0016572717428207095,100,100,0,4.6000000000000041
Variant I,Base (80/20),LCF-full,Base (80/20),Base (80/20),42,42,False,4,0.00074125444889072689,100,100,0,1.6000000000000014
Variant I,Base (80/20),LCF-full,Base (80/20),Base (80/20),42,42,False,5,0.00011734771728522109,100,100,0,1.2000000000000011
Variant I,Base (80/20),LCF-active,Base (80/20),Base (80/20),42,42,True,1,0.0029077841043472219,100,100,0,13.600000000000001
Variant I,Base (80/20),LCF-active,Base (80/20),Base (80/20),42,42,True,2,0.002949090719223002,100,89,11,6.5910112359550581
Variant I,Base (80/20),LCF-active,Base (80/20),Base (80/20),42,42,True,3,0.0035235629081725728,100,86.400000000000006,13.599999999999994,2.5777777777777788
Variant I,Base (80/20),LCF-active,Base (80/20),Base (80/20),42,42,True,4,0.0026222891807556881,100,85.599999999999994,14.400000000000006,-0.16635514018691344
Variant I,Base (80/20),LCF-active,Base (80/20),Base (80/20),42,42,True,5,0.0020766627788544323,100,85.599999999999994,14.400000000000006,0.23364485981308691
Variant I,Base (80/20),LCF-active,Base (80/20),Base (80/20),42,42,False,1,0.0029077841043472219,100,100,0,13.600000000000001
Variant I,Base (80/20),LCF-active,Base (80/20),Base (80/20),42,42,False,2,0.002949090719223002,100,100,0,8.1999999999999957
Variant I,Base (80/20),LCF-active,Base (80/20),Base (80/20),42,42,False,3,0.0016245290040970417,100,100,0,4.4000000000000039
Variant I,Base (80/20),LCF-active,Base (80/20),Base (80/20),42,42,False,4,0.00072325527668004597,100,100,0,1.6000000000000014
Variant I,Base (80/20),LCF-active,Base (80/20),Base (80/20),42,42,False,5,0.00011315929889688103,100,100,0,1.2000000000000011
Variant I,Base (80/20),EO,Base (80/20),Base (80/20),42,42,True,1,0.0005539046922832247,100,100,0,0.60000000000000053
Variant I,Base (80/20),EO,Base (80/20),Base (80/20),42,42,True,2,0.013810205234076278,87.799999999999997,85.799999999999997,2,4.0067753051807653
Variant I,Base (80/20),EO,Base (80/20),Base (80/20),42,42,True,3,0.028250626815571223,69,64.799999999999997,4.2000000000000028,-0.83199141170156032
Variant I,Base (80/20),EO,Base (80/20),Base (80/20),42,42,True,4,0.002982226430239876,56.399999999999991,56.000000000000007,0.39999999999998437,-1.2031408308003977
Variant I,Base (80/20),EO,Base (80/20),Base (80/20),42,42,True,5,0.012223078492144435,47.799999999999997,46,1.7999999999999972,1.2279425140986011
Variant I,Base (80/20),EO,Base (80/20),Base (80/20),42,42,False,1,0.0005539046922832247,100,100,0,0.60000000000000053
Variant I,Base (80/20),EO,Base (80/20),Base (80/20),42,42,False,2,0.00055397696477255121,100,100,0,5.0000000000000044
Variant I,Base (80/20),EO,Base (80/20),Base (80/20),42,42,False,3,0.00055410701454594591,100,100,0,-0.40000000000000036
Variant I,Base (80/20),EO,Base (80/20),Base (80/20),42,42,False,4,0.00055409742008394325,100,100,0,-2.9999999999999916
Variant I,Base (80/20),EO,Base (80/20),Base (80/20),42,42,False,5,0.00055403488246030808,100,100,0,0.60000000000000053
Variant I,Base (80/20),DP,Base (80/20),Base (80/20),42,42,True,1,0.001013248346873219,100,100,0,-1.2000000000000011
Variant I,Base (80/20),DP,Base (80/20),Base (80/20),42,42,True,2,0.001792473988541321,87.200000000000003,87.599999999999994,0.39999999999999147,3.9797243517238567
Variant I,Base (80/20),DP,Base (80/20),Base (80/20),42,42,True,3,0.02034004119113908,71,68.200000000000003,2.7999999999999972,4.0312254760232928
Variant I,Base (80/20),DP,Base (80/20),Base (80/20),42,42,True,4,0.017499556067466393,61,58.599999999999994,2.4000000000000057,0.10406758798187088
Variant I,Base (80/20),DP,Base (80/20),Base (80/20),42,42,True,5,0.038450216478325694,53.400000000000006,48,5.4000000000000057,2.9494382022471899
Variant I,Base (80/20),DP,Base (80/20),Base (80/20),42,42,False,1,0.001013248346873219,100,100,0,-1.2000000000000011
Variant I,Base (80/20),DP,Base (80/20),Base (80/20),42,42,False,2,0.001013353984190668,100,100,0,3.9999999999999925
Variant I,Base (80/20),DP,Base (80/20),Base (80/20),42,42,False,3,0.0010137314772608041,100,100,0,3.0000000000000027
Variant I,Base (80/20),DP,Base (80/20),Base (80/20),42,42,False,4,0.0010140003823657651,100,100,0,-2.8000000000000025
Variant I,Base (80/20),DP,Base (80/20),Base (80/20),42,42,False,5,0.0010137792690148029,100,100,0,0
Variant I,Base (80/20),Baseline,Base (80/20),Base (80/20),99,99,True,1,0.0029512137812132133,100,100,0,0.40000000000000036
Variant I,Base (80/20),Baseline,Base (80/20),Base (80/20),99,99,True,2,0.01066317459075472,99.799999999999997,99.200000000000003,0.59999999999999432,0.40928631456461639
Variant I,Base (80/20),Baseline,Base (80/20),Base (80/20),99,99,True,3,0.0084319705018194302,99.599999999999994,99.200000000000003,0.39999999999999147,0.0016193807487963063
Variant I,Base (80/20),Baseline,Base (80/20),Base (80/20),99,99,True,4,0.008152817431418713,99.599999999999994,99.200000000000003,0.39999999999999147,1.0096838968778332
Variant I,Base (80/20),Baseline,Base (80/20),Base (80/20),99,99,True,5,0.011921334213214618,99.599999999999994,98.799999999999997,0.79999999999999716,-0.39510267791815767
Variant I,Base (80/20),Baseline,Base (80/20),Base (80/20),99,99,False,1,0.0029512137812132133,100,100,0,0.40000000000000036
Variant I,Base (80/20),Baseline,Base (80/20),Base (80/20),99,99,False,2,0.0027439086405949276,100,100,0,0.20000000000000018
Variant I,Base (80/20),Baseline,Base (80/20),Base (80/20),99,99,False,3,0.0024532943226210913,100,100,0,0
Variant I,Base (80/20),Baseline,Base (80/20),Base (80/20),99,99,False,4,0.0021712920620606813,100,100,0,1.0000000000000009
Variant I,Base (80/20),Baseline,Base (80/20),Base (80/20),99,99,False,5,0.0019743199120746402,100,100,0,-0.40000000000000036
Variant I,Base (80/20),LCF-full,Base (80/20),Base (80/20),99,99,True,1,0.0029729660749435727,100,100,0,12
Variant I,Base (80/20),LCF-full,Base (80/20),Base (80/20),99,99,True,2,0.0024104878902435622,99,88.599999999999994,10.400000000000006,6.1896618555760679
Variant I,Base (80/20),LCF-full,Base (80/20),Base (80/20),99,99,True,3,0.0034828071594238397,99,86,13,3.0232558139534849
Variant I,Base (80/20),LCF-full,Base (80/20),Base (80/20),99,99,True,4,0.002600157856941232,99,85,14,1.6470588235294126
Variant I,Base (80/20),LCF-full,Base (80/20),Base (80/20),99,99,True,5,0.0022162218093871866,99,84.799999999999997,14.200000000000003,0.94339622641509413
Variant I,Base (80/20),LCF-full,Base (80/20),Base (80/20),99,99,False,1,0.0029729660749435727,100,100,0,12
Variant I,Base (80/20),LCF-full,Base (80/20),Base (80/20),99,99,False,2,0.0025597143173218262,100,100,0,7.7999999999999954
Variant I,Base (80/20),LCF-full,Base (80/20),Base (80/20),99,99,False,3,0.0016906675100326618,100,100,0,4.0000000000000036
Variant I,Base (80/20),LCF-full,Base (80/20),Base (80/20),99,99,False,4,0.00068023741245260005,100,100,0,3.6000000000000032
Variant I,Base (80/20),LCF-full,Base (80/20),Base (80/20),99,99,False,5,0.00024440848827356199,100,100,0,2.6000000000000023
Variant I,Base (80/20),LCF-active,Base (80/20),Base (80/20),99,99,True,1,0.0029077841043472219,100,100,0,12
Variant I,Base (80/20),LCF-active,Base (80/20),Base (80/20),99,99,True,2,0.0023778841495513126,99,88.799999999999997,10.200000000000003,6.1739011739011644
Variant I,Base (80/20),LCF-active,Base (80/20),Base (80/20),99,99,True,3,0.0034620947837830096,99,86.200000000000003,12.799999999999997,2.784222737819031
Variant I,Base (80/20),LCF-active,Base (80/20),Base (80/20),99,99,True,4,0.002588272809982306,99,85.200000000000003,13.799999999999997,1.4084507042253502
Variant I,Base (80/20),LCF-active,Base (80/20),Base (80/20),99,99,True,5,0.002210362195968596,99,85,14,0.7058823529411784
Variant I,Base (80/20),LCF-active,Base (80/20),Base (80/20),99,99,False,1,0.0029077841043472219,100,100,0,12
Variant I,Base (80/20),LCF-active,Base (80/20),Base (80/20),99,99,False,2,0.0025245403051376014,100,100,0,7.7999999999999954
Variant I,Base (80/20),LCF-active,Base (80/20),Base (80/20),99,99,False,3,0.0016644904613495326,100,100,0,3.8000000000000034
Variant I,Base (80/20),LCF-active,Base (80/20),Base (80/20),99,99,False,4,0.00066558670997618474,100,100,0,3.400000000000003
Variant I,Base (80/20),LCF-active,Base (80/20),Base (80/20),99,99,False,5,0.0002373805046080868,100,100,0,2.4000000000000021
Variant I,Base (80/20),EO,Base (80/20),Base (80/20),99,99,True,1,0.0005539046922832247,100,100,0,-6.0000000000000053
Variant I,Base (80/20),EO,Base (80/20),Base (80/20),99,99,True,2,0.064480187108837406,78.400000000000006,88.400000000000006,10,0.32089758980515803
Variant I,Base (80/20),EO,Base (80/20),Base (80/20),99,99,True,3,0.055377700524048334,61.199999999999996,69.799999999999997,8.6000000000000014,4.0770080716145074
Variant I,Base (80/20),EO,Base (80/20),Base (80/20),99,99,True,4,0.052805341242319837,49.799999999999997,57.999999999999993,8.1999999999999957,3.4413516133499522
Variant I,Base (80/20),EO,Base (80/20),Base (80/20),99,99,True,5,0.030318492595362845,43.399999999999999,48.399999999999999,5,-1.4567543893057033
Variant I,Base (80/20),EO,Base (80/20),Base (80/20),99,99,False,1,0.0005539046922832247,100,100,0,-6.0000000000000053
Variant I,Base (80/20),EO,Base (80/20),Base (80/20),99,99,False,2,0.00055381324388736886,100,100,0,0.80000000000000071
Variant I,Base (80/20),EO,Base (80/20),Base (80/20),99,99,False,3,0.00055384217211595921,100,100,0,3.2000000000000028
Variant I,Base (80/20),EO,Base (80/20),Base (80/20),99,99,False,4,0.00055386148709801741,100,100,0,1.9999999999999907
Variant I,Base (80/20),EO,Base (80/20),Base (80/20),99,99,False,5,0.00055389041327835731,100,100,0,-0.40000000000000036
Variant I,Base (80/20),DP,Base (80/20),Base (80/20),99,99,True,1,0.001013248346873219,100,100,0,-5.5999999999999943
Variant I,Base (80/20),DP,Base (80/20),Base (80/20),99,99,True,2,0.050935211117587587,81.799999999999997,89.200000000000003,7.4000000000000057,0.76584034120187328
Variant I,Base (80/20),DP,Base (80/20),Base (80/20),99,99,True,3,0.032939573104477593,67.400000000000006,72.200000000000003,4.7999999999999972,3.6463171046466791
Variant I,Base (80/20),DP,Base (80/20),Base (80/20),99,99,True,4,0.028824353201962138,55.800000000000004,60,4.1999999999999957,1.4265232974910336
Variant I,Base (80/20),DP,Base (80/20),Base (80/20),99,99,True,5,0.010708872437924899,48.399999999999999,50,1.6000000000000014,-2.6049586776859424
Variant I,Base (80/20),DP,Base (80/20),Base (80/20),99,99,False,1,0.001013248346873219,100,100,0,-5.5999999999999943
Variant I,Base (80/20),DP,Base (80/20),Base (80/20),99,99,False,2,0.0010129560528396864,100,100,0,0.20000000000000018
Variant I,Base (80/20),DP,Base (80/20),Base (80/20),99,99,False,3,0.0010130078683061594,100,100,0,2.4000000000000021
Variant I,Base (80/20),DP,Base (80/20),Base (80/20),99,99,False,4,0.0010130041085130159,100,100,0,2.200000000000002
Variant I,Base (80/20),DP,Base (80/20),Base (80/20),99,99,False,5,0.0010131102066802677,100,100,0,-1.6000000000000014
Variant I,Erdős–Rényi,Baseline,Erdős–Rényi,Erdős–Rényi,2026,2026,True,1,0.0029258707788977212,100,100,0,0.40000000000000036
Variant I,Erdős–Rényi,Baseline,Erdős–Rényi,Erdős–Rényi,2026,2026,True,2,0.0066009980452184092,100,99.599999999999994,0.40000000000000568,0.60562248995983392
Variant I,Erdős–Rényi,Baseline,Erdős–Rényi,Erdős–Rényi,2026,2026,True,3,0.0043461672016373853,99.799999999999997,99.599999999999994,0.20000000000000284,0.80401767390202439
Variant I,Erdős–Rényi,Baseline,Erdős–Rényi,Erdős–Rényi,2026,2026,True,4,0.0041169161598652027,99.799999999999997,99.599999999999994,0.20000000000000284,0.0028168787373883397
Variant I,Erdős–Rényi,Baseline,Erdős–Rényi,Erdős–Rényi,2026,2026,True,5,0.0019545890683423384,99.599999999999994,99.599999999999994,0,0.80321285140562138
Variant I,Erdős–Rényi,Baseline,Erdős–Rényi,Erdős–Rényi,2026,2026,False,1,0.0029258707788977212,100,100,0,0.40000000000000036
Variant I,Erdős–Rényi,Baseline,Erdős–Rényi,Erdős–Rényi,2026,2026,False,2,0.0026855467794183463,100,100,0,0.60000000000000053
Variant I,Erdős–Rényi,Baseline,Erdős–Rényi,Erdős–Rényi,2026,2026,False,3,0.0024035221735961843,100,100,0,0.80000000000000071
Variant I,Erdős–Rényi,Baseline,Erdős–Rényi,Erdős–Rényi,2026,2026,False,4,0.0021679581249520741,100,100,0,0
Variant I,Erdős–Rényi,Baseline,Erdős–Rényi,Erdős–Rényi,2026,2026,False,5,0.0019494818337432163,100,100,0,0.80000000000000071
Variant I,Erdős–Rényi,LCF-full,Erdős–Rényi,Erdős–Rényi,2026,2026,True,1,0.0033805735111236412,100,100,0,12.800000000000001
Variant I,Erdős–Rényi,LCF-full,Erdős–Rényi,Erdős–Rényi,2026,2026,True,2,0.0013437356948853285,99.799999999999997,92,7.7999999999999972,7.7276291713862522
Variant I,Erdős–Rényi,LCF-full,Erdős–Rényi,Erdős–Rényi,2026,2026,True,3,0.002737607836723388,99.599999999999994,88.200000000000003,11.399999999999991,4.5611015490533591
Variant I,Erdős–Rényi,LCF-full,Erdős–Rényi,Erdős–Rényi,2026,2026,True,4,0.0034190706014632921,99.599999999999994,85.799999999999997,13.799999999999997,0.99699497289857941
Variant I,Erdős–Rényi,LCF-full,Erdős–Rényi,Erdős–Rényi,2026,2026,True,5,0.0036913793087005597,99.599999999999994,85.599999999999994,14,0.76661787336260723
Variant I,Erdős–Rényi,LCF-full,Erdős–Rényi,Erdős–Rényi,2026,2026,False,1,0.0033805735111236412,100,100,0,12.800000000000001
Variant I,Erdős–Rényi,LCF-full,Erdős–Rényi,Erdős–Rényi,2026,2026,False,2,0.0023140604496001416,100,100,0,8.9999999999999964
Variant I,Erdős–Rényi,LCF-full,Erdős–Rényi,Erdős–Rényi,2026,2026,False,3,0.00088868033885958209,100,100,0,7.1999999999999957
Variant I,Erdős–Rényi,LCF-full,Erdős–Rényi,Erdős–Rényi,2026,2026,False,4,0.00019104743003850455,100,100,0,3.0000000000000027
Variant I,Erdős–Rényi,LCF-full,Erdős–Rényi,Erdős–Rényi,2026,2026,False,5,8.7737321853631478e-05,100,100,0,1.6000000000000014
Variant I,Erdős–Rényi,LCF-active,Erdős–Rényi,Erdős–Rényi,2026,2026,True,1,0.0029070339202881268,100,100,0,12.4
Variant I,Erdős–Rényi,LCF-active,Erdős–Rényi,Erdős–Rényi,2026,2026,True,2,0.0018868660926819603,99.799999999999997,92.200000000000003,7.5999999999999943,6.3897860797516914
Variant I,Erdős–Rényi,LCF-active,Erdős–Rényi,Erdős–Rényi,2026,2026,True,3,0.003029528975486695,99.400000000000006,89.200000000000003,10.200000000000003,3.3862367027275742
Variant I,Erdős–Rényi,LCF-active,Erdős–Rényi,Erdős–Rényi,2026,2026,True,4,0.0036473485231399705,99.400000000000006,87.599999999999994,11.800000000000011,1.1686557702378697
Variant I,Erdős–Rényi,LCF-active,Erdős–Rényi,Erdős–Rényi,2026,2026,True,5,0.0038141673803329113,99.400000000000006,87.400000000000006,12,0.71412456431955151
Variant I,Erdős–Rényi,LCF-active,Erdős–Rényi,Erdős–Rényi,2026,2026,False,1,0.0029070339202881268,100,100,0,12.4
Variant I,Erdős–Rényi,LCF-active,Erdős–Rényi,Erdős–Rényi,2026,2026,False,2,0.0018092216253280391,100,100,0,7.9999999999999964
Variant I,Erdős–Rényi,LCF-active,Erdős–Rényi,Erdős–Rényi,2026,2026,False,3,0.00062962508201602763,100,100,0,5.8000000000000052
Variant I,Erdős–Rényi,LCF-active,Erdős–Rényi,Erdős–Rényi,2026,2026,False,4,7.3645114898601705e-06,100,100,0,2.8000000000000025
Variant I,Erdős–Rényi,LCF-active,Erdős–Rényi,Erdős–Rényi,2026,2026,False,5,0.00018118309974668456,100,100,0,1.6000000000000014
Variant I,Erdős–Rényi,EO,Erdős–Rényi,Erdős–Rényi,2026,2026,True,1,0.00055108946004123194,100,100,0,0.60000000000000053
Variant I,Erdős–Rényi,EO,Erdős–Rényi,Erdős–Rényi,2026,2026,True,2,0.013735942742732044,84.200000000000003,82.199999999999989,2.0000000000000142,-3.524223982985708
Variant I,Erdős–Rényi,EO,Erdős–Rényi,Erdős–Rényi,2026,2026,True,3,0.028775728087531427,64.799999999999997,69.199999999999989,4.3999999999999915,-4.4708484978234431
Variant I,Erdős–Rényi,EO,Erdős–Rényi,Erdős–Rényi,2026,2026,True,4,0.030186979734113106,54.800000000000004,59.399999999999999,4.5999999999999943,1.1034923443682509
Variant I,Erdős–Rényi,EO,Erdős–Rényi,Erdős–Rényi,2026,2026,True,5,0.030245381374751801,45.399999999999999,50,4.6000000000000014,0.51982378854624756
Variant I,Erdős–Rényi,EO,Erdős–Rényi,Erdős–Rényi,2026,2026,False,1,0.00055108946004123194,100,100,0,0.60000000000000053
Variant I,Erdős–Rényi,EO,Erdős–Rényi,Erdős–Rényi,2026,2026,False,2,0.00055115152227169784,100,100,0,-2.200000000000002
Variant I,Erdős–Rényi,EO,Erdős–Rényi,Erdős–Rényi,2026,2026,False,3,0.00055106092065693169,100,100,0,0
Variant I,Erdős–Rényi,EO,Erdős–Rényi,Erdős–Rényi,2026,2026,False,4,0.00055108004700188395,100,100,0,1.0000000000000009
Variant I,Erdős–Rényi,EO,Erdős–Rényi,Erdős–Rényi,2026,2026,False,5,0.00055111348928971182,100,100,0,1.0000000000000009
Variant I,Erdős–Rényi,DP,Erdős–Rényi,Erdős–Rényi,2026,2026,True,1,0.0010081518437671244,100,100,0,-0.80000000000000071
Variant I,Erdős–Rényi,DP,Erdős–Rényi,Erdős–Rényi,2026,2026,True,2,0.0019447550072310138,85.399999999999991,85.799999999999997,0.40000000000000568,-2.4729368991664114
Variant I,Erdős–Rényi,DP,Erdős–Rényi,Erdős–Rényi,2026,2026,True,3,0.030110813223392929,69.599999999999994,74,4.4000000000000057,-2.3345759552656054
Variant I,Erdős–Rényi,DP,Erdős–Rényi,Erdős–Rényi,2026,2026,True,4,0.023235231114820176,60.399999999999999,64,3.6000000000000014,1.7611754966887494
Variant I,Erdős–Rényi,DP,Erdős–Rényi,Erdős–Rényi,2026,2026,True,5,0.024704999295114549,51.800000000000004,55.600000000000009,3.8000000000000043,-1.3916280103330458
Variant I,Erdős–Rényi,DP,Erdős–Rényi,Erdős–Rényi,2026,2026,False,1,0.0010081518437671244,100,100,0,-0.80000000000000071
Variant I,Erdős–Rényi,DP,Erdős–Rényi,Erdős–Rényi,2026,2026,False,2,0.0010082569715419432,100,100,0,-1.6000000000000014
Variant I,Erdős–Rényi,DP,Erdős–Rényi,Erdős–Rényi,2026,2026,False,3,0.0010080030875155854,100,100,0,0.20000000000000018
Variant I,Erdős–Rényi,DP,Erdős–Rényi,Erdős–Rényi,2026,2026,False,4,0.0010080720648143471,100,100,0,2.1999999999999909
Variant I,Erdős–Rényi,DP,Erdős–Rényi,Erdős–Rényi,2026,2026,False,5,0.0010083203213764325,100,100,0,-0.20000000000000018
Variant I,Erdős–Rényi,Baseline,Erdős–Rényi,Erdős–Rényi,7,7,True,1,0.0029258707788977212,100,100,0,0.40000000000000036
Variant I,Erdős–Rényi,Baseline,Erdős–Rényi,Erdős–Rényi,7,7,True,2,0.0027059079124052143,100,100,0,1.2000000000000011
Variant I,Erdős–Rényi,Baseline,Erdős–Rényi,Erdős–Rényi,7,7,True,3,0.0044842963970830318,99.799999999999997,99.599999999999994,0.20000000000000284,0.40321607069561116
Variant I,Erdős–Rényi,Baseline,Erdős–Rényi,Erdős–Rényi,7,7,True,4,0.0022855214236291443,99.400000000000006,99.400000000000006,0,0.60362173038228661
Variant I,Erdős–Rényi,Baseline,Erdős–Rényi,Erdős–Rényi,7,7,True,5,0.0039971734344258492,99.400000000000006,99.200000000000003,0.20000000000000284,-1.0048192380086918
Variant I,Erdős–Rényi,Baseline,Erdős–Rényi,Erdős–Rényi,7,7,False,1,0.0029258707788977212,100,100,0,0.40000000000000036
Variant I,Erdős–Rényi,Baseline,Erdős–Rényi,Erdős–Rényi,7,7,False,2,0.0027059079124052143,100,100,0,1.2000000000000011
Variant I,Erdős–Rényi,Baseline,Erdős–Rényi,Erdős–Rényi,7,7,False,3,0.00244596085000226,100,100,0,0.40000000000000036
Variant I,Erdős–Rényi,Baseline,Erdős–Rényi,Erdős–Rényi,7,7,False,4,0.0022496165344935148,100,100,0,0.60000000000000053
Variant I,Erdős–Rényi,Baseline,Erdős–Rényi,Erdős–Rényi,7,7,False,5,0.002002613007591969,100,100,0,-1.0000000000000009
Variant I,Erdős–Rényi,LCF-full,Erdős–Rényi,Erdős–Rényi,7,7,True,1,0.0033805735111236412,100,100,0,12
Variant I,Erdős–Rényi,LCF-full,Erdős–Rényi,Erdős–Rényi,7,7,True,2,0.002479527115821889,99.799999999999997,93.200000000000003,6.5999999999999943,9.4988259781365265
Variant I,Erdős–Rényi,LCF-full,Erdős–Rényi,Erdős–Rényi,7,7,True,3,0.0019140275716781341,99.599999999999994,89.600000000000009,9.9999999999999858,3.5714285714285698
Variant I,Erdős–Rényi,LCF-full,Erdős–Rényi,Erdős–Rényi,7,7,True,4,0.0028472908735275304,99.599999999999994,88.400000000000006,11.199999999999989,1.6345926693198121
Variant I,Erdős–Rényi,LCF-full,Erdős–Rényi,Erdős–Rényi,7,7,True,5,0.0035686401128768308,99.599999999999994,88,11.599999999999994,0.70828769623949572
Variant I,Erdős–Rényi,LCF-full,Erdős–Rényi,Erdős–Rényi,7,7,False,1,0.0033805735111236412,100,100,0,12
Variant I,Erdős–Rényi,LCF-full,Erdős–Rényi,Erdős–Rényi,7,7,False,2,0.0034097056388854297,100,100,0,10.199999999999998
Variant I,Erdős–Rényi,LCF-full,Erdős–Rényi,Erdős–Rényi,7,7,False,3,0.0017587020397186182,100,100,0,5.600000000000005
Variant I,Erdős–Rényi,LCF-full,Erdős–Rényi,Erdős–Rényi,7,7,False,4,0.00099286448955537843,100,100,0,3.2000000000000028
Variant I,Erdős–Rényi,LCF-full,Erdős–Rényi,Erdős–Rényi,7,7,False,5,0.00036298084259034358,100,100,0,1.8000000000000016
Variant I,Erdős–Rényi,LCF-active,Erdős–Rényi,Erdős–Rényi,7,7,True,1,0.0029070339202881268,100,100,0,11.6
Variant I,Erdős–Rényi,LCF-active,Erdős–Rényi,Erdős–Rényi,7,7,True,2,0.0029437807798384785,99.799999999999997,94,5.7999999999999972,8.56009892124675
Variant I,Erdős–Rényi,LCF-active,Erdős–Rényi,Erdős–Rényi,7,7,True,3,0.0023425564765929829,99.599999999999994,91.200000000000003,8.3999999999999915,2.8508771929824595
Variant I,Erdős–Rényi,LCF-active,Erdős–Rényi,Erdős–Rényi,7,7,True,4,0.0031789600849151389,99.599999999999994,90,9.5999999999999943,1.3547523427041464
Variant I,Erdős–Rényi,LCF-active,Erdős–Rényi,Erdős–Rényi,7,7,True,5,0.0037327857017516175,99.599999999999994,89.600000000000009,9.9999999999999858,0.4688396442914522
Variant I,Erdős–Rényi,LCF-active,Erdős–Rényi,Erdős–Rényi,7,7,False,1,0.0029070339202881268,100,100,0,11.6
Variant I,Erdős–Rényi,LCF-active,Erdős–Rényi,Erdős–Rényi,7,7,False,2,0.0029694621562957879,100,100,0,9.3999999999999968
Variant I,Erdős–Rényi,LCF-active,Erdős–Rényi,Erdős–Rényi,7,7,False,3,0.0013587540388106945,100,100,0,4.8000000000000043
Variant I,Erdős–Rényi,LCF-active,Erdős–Rényi,Erdős–Rényi,7,7,False,4,0.00069216275215155942,100,100,0,3.0000000000000027
Variant I,Erdős–Rényi,LCF-active,Erdős–Rényi,Erdős–Rényi,7,7,False,5,0.00021940541267395641,100,100,0,1.4000000000000012
Variant I,Erdős–Rényi,EO,Erdős–Rényi,Erdős–Rényi,7,7,True,1,0.00055108946004123194,100,100,0,-1.2000000000000011
Variant I,Erdős–Rényi,EO,Erdős–Rényi,Erdős–Rényi,7,7,True,2,0.0022328239330957622,83,83.399999999999991,0.39999999999999147,1.0522666204385911
Variant I,Erdős–Rényi,EO,Erdős–Rényi,Erdős–Rényi,7,7,True,3,0.0022808808264100922,69.399999999999991,70.599999999999994,1.2000000000000028,-0.045717644561638071
Variant I,Erdős–Rényi,EO,Erdős–Rényi,Erdős–Rényi,7,7,True,4,0.006902616992075894,57.799999999999997,56.999999999999993,0.80000000000000426,3.6095428883627712
Variant I,Erdős–Rényi,EO,Erdős–Rényi,Erdős–Rényi,7,7,True,5,0.0055384348472966582,48,47.399999999999999,0.60000000000000142,7.9588607594936693
Variant I,Erdős–Rényi,EO,Erdős–Rényi,Erdős–Rényi,7,7,False,1,0.00055108946004123194,100,100,0,-1.2000000000000011
Variant I,Erdős–Rényi,EO,Erdős–Rényi,Erdős–Rényi,7,7,False,2,0.00055109903899053236,100,100,0,1.9999999999999907
Variant I,Erdős–Rényi,EO,Erdős–Rényi,Erdős–Rényi,7,7,False,3,0.00055118496509187764,100,100,0,0.40000000000000036
Variant I,Erdős–Rényi,EO,Erdős–Rényi,Erdős–Rényi,7,7,False,4,0.00055122316791877957,100,100,0,1.8000000000000016
Variant I,Erdős–Rényi,EO,Erdős–Rényi,Erdős–Rényi,7,7,False,5,0.00055127569454949121,100,100,0,4.0000000000000036
Variant I,Erdős–Rényi,DP,Erdős–Rényi,Erdős–Rényi,7,7,True,1,0.0010081518437671244,100,100,0,-0.20000000000000018
Variant I,Erdős–Rényi,DP,Erdős–Rényi,Erdős–Rényi,7,7,True,2,0.010611585356460451,86,84.599999999999994,1.4000000000000057,2.8066413766562159
Variant I,Erdős–Rényi,DP,Erdős–Rényi,Erdős–Rényi,7,7,True,3,0.018908867252586226,74.400000000000006,71.799999999999997,2.6000000000000085,1.1097133614880073
Variant I,Erdős–Rényi,DP,Erdős–Rényi,Erdős–Rényi,7,7,True,4,0.032784670752077916,64,59.399999999999999,4.6000000000000014,2.6357323232323204
Variant I,Erdős–Rényi,DP,Erdős–Rényi,Erdős–Rényi,7,7,True,5,0.024245756391416573,54,50.600000000000001,3.3999999999999986,6.5349143610013094
Variant I,Erdős–Rényi,DP,Erdős–Rényi,Erdős–Rényi,7,7,False,1,0.0010081518437671244,100,100,0,-0.20000000000000018
Variant I,Erdős–Rényi,DP,Erdős–Rényi,Erdős–Rényi,7,7,False,2,0.0010082930397478096,100,100,0,3.2000000000000028
Variant I,Erdős–Rényi,DP,Erdős–Rényi,Erdős–Rényi,7,7,False,3,0.0010086485838622927,100,100,0,1.3999999999999901
Variant I,Erdős–Rényi,DP,Erdős–Rényi,Erdős–Rényi,7,7,False,4,0.0010088793688952657,100,100,0,2.399999999999991
Variant I,Erdős–Rényi,DP,Erdős–Rényi,Erdős–Rényi,7,7,False,5,0.0010091276657612225,100,100,0,4.5999999999999925
Variant I,Erdős–Rényi,Baseline,Erdős–Rényi,Erdős–Rényi,13,13,True,1,0.0029258707788977212,100,100,0,0.80000000000000071
Variant I,Erdős–Rényi,Baseline,Erdős–Rényi,Erdős–Rényi,13,13,True,2,0.0065956612364580502,100,99.599999999999994,0.40000000000000568,0.0040160642570286065
Variant I,Erdős–Rényi,Baseline,Erdős–Rényi,Erdős–Rényi,13,13,True,3,0.0062975362649314581,100,99.599999999999994,0.40000000000000568,0.40240963855421308
Variant I,Erdős–Rényi,Baseline,Erdős–Rényi,Erdős–Rényi,13,13,True,4,0.0060437208810782961,100,99.599999999999994,0.40000000000000568,0.20321285140562084
Variant I,Erdős–Rényi,Baseline,Erdős–Rényi,Erdős–Rényi,13,13,True,5,0.0057881550505849422,100,99.599999999999994,0.40000000000000568,0.80401606425702932
Variant I,Erdős–Rényi,Baseline,Erdős–Rényi,Erdős–Rényi,13,13,False,1,0.0029258707788977212,100,100,0,0.80000000000000071
Variant I,Erdős–Rényi,Baseline,Erdős–Rényi,Erdős–Rényi,13,13,False,2,0.0026905216036798851,100,100,0,0
Variant I,Erdős–Rényi,Baseline,Erdős–Rényi,Erdős–Rényi,13,13,False,3,0.0023821954054360495,100,100,0,0.40000000000000036
Variant I,Erdős–Rényi,Baseline,Erdős–Rényi,Erdős–Rényi,13,13,False,4,0.0021192094904044501,100,100,0,0.20000000000000018
Variant I,Erdős–Rényi,Baseline,Erdős–Rényi,Erdős–Rényi,13,13,False,5,0.0018554129981565026,100,100,0,0.80000000000000071
Variant I,Erdős–Rényi,LCF-full,Erdős–Rényi,Erdős–Rényi,13,13,True,1,0.0033805735111236412,100,100,0,11.799999999999999
Variant I,Erdős–Rényi,LCF-full,Erdős–Rényi,Erdős–Rényi,13,13,True,2,0.0070049811601639034,100,93,7,7.8623655913978467
Variant I,Erdős–Rényi,LCF-full,Erdős–Rényi,Erdős–Rényi,13,13,True,3,0.0073235706090927222,99.799999999999997,89,10.799999999999997,3.8688613181419029
Variant I,Erdős–Rényi,LCF-full,Erdős–Rényi,Erdős–Rényi,13,13,True,4,0.0064212541580199733,99.599999999999994,87,12.599999999999994,1.6382772469187068
Variant I,Erdős–Rényi,LCF-full,Erdős–Rényi,Erdős–Rényi,13,13,True,5,0.0061263809204101793,99.599999999999994,86.200000000000003,13.399999999999991,1.1600928074245953
Variant I,Erdős–Rényi,LCF-full,Erdős–Rényi,Erdős–Rényi,13,13,False,1,0.0033805735111236412,100,100,0,11.799999999999999
Variant I,Erdős–Rényi,LCF-full,Erdős–Rényi,Erdős–Rényi,13,13,False,2,0.0031165684461593735,100,100,0,8.1999999999999957
Variant I,Erdős–Rényi,LCF-full,Erdős–Rényi,Erdős–Rényi,13,13,False,3,0.0012415928840636692,100,100,0,5.0000000000000044
Variant I,Erdős–Rényi,LCF-full,Erdős–Rényi,Erdős–Rényi,13,13,False,4,0.00054390287399286308,100,100,0,2.200000000000002
Variant I,Erdős–Rényi,LCF-full,Erdős–Rényi,Erdős–Rényi,13,13,False,5,0.00018145179748541018,100,100,0,2.200000000000002
Variant I,Erdős–Rényi,LCF-active,Erdős–Rényi,Erdős–Rényi,13,13,True,1,0.0029070339202881268,100,100,0,12
Variant I,Erdős–Rényi,LCF-active,Erdős–Rényi,Erdős–Rényi,13,13,True,2,0.0066802113056183554,100,93.400000000000006,6.5999999999999943,6.2946466809421846
Variant I,Erdős–Rényi,LCF-active,Erdős–Rényi,Erdős–Rényi,13,13,True,3,0.0070214548110962838,100,90,10,2.9111111111111088
Variant I,Erdős–Rényi,LCF-active,Erdős–Rényi,Erdős–Rényi,13,13,True,4,0.0043813010454177848,99.799999999999997,88.799999999999997,11,1.376175774973365
Variant I,Erdős–Rényi,LCF-active,Erdős–Rényi,Erdős–Rényi,13,13,True,5,0.0041189942359923792,99.799999999999997,88.400000000000006,11.399999999999991,0.90497737556560764
Variant I,Erdős–Rényi,LCF-active,Erdős–Rényi,Erdős–Rényi,13,13,False,1,0.0029070339202881268,100,100,0,12
Variant I,Erdős–Rényi,LCF-active,Erdős–Rényi,Erdős–Rényi,13,13,False,2,0.0027684518098831656,100,100,0,6.7999999999999954
Variant I,Erdős–Rényi,LCF-active,Erdős–Rényi,Erdős–Rényi,13,13,False,3,0.0011223512887955645,100,100,0,4.2000000000000037
Variant I,Erdős–Rényi,LCF-active,Erdős–Rényi,Erdős–Rényi,13,13,False,4,0.00038841319084159664,100,100,0,2.0000000000000018
Variant I,Erdős–Rényi,LCF-active,Erdős–Rényi,Erdős–Rényi,13,13,False,5,0.00012131130695347547,100,100,0,2.200000000000002
Variant I,Erdős–Rényi,EO,Erdős–Rényi,Erdős–Rényi,13,13,True,1,0.00055108946004123194,100,100,0,1.6000000000000014
Variant I,Erdős–Rényi,EO,Erdős–Rényi,Erdős–Rényi,13,13,True,2,0.0044944532043098562,85.799999999999997,85.200000000000003,0.59999999999999432,2.3638333497488451
Variant I,Erdős–Rényi,EO,Erdős–Rényi,Erdős–Rényi,13,13,True,3,0.024239526071225814,68.600000000000009,65,3.6000000000000085,-2.4507737160798349
Variant I,Erdős–Rényi,EO,Erdős–Rényi,Erdős–Rényi,13,13,True,4,0.00098719308731387567,56.399999999999991,56.599999999999994,0.20000000000000284,2.7065634162844798
Variant I,Erdős–Rényi,EO,Erdős–Rényi,Erdős–Rényi,13,13,True,5,0.010913157622849778,46.800000000000004,45.399999999999999,1.4000000000000057,2.0539176926842151
Variant I,Erdős–Rényi,EO,Erdős–Rényi,Erdős–Rényi,13,13,False,1,0.00055108946004123194,100,100,0,1.6000000000000014
Variant I,Erdős–Rényi,EO,Erdős–Rényi,Erdős–Rényi,13,13,False,2,0.00055117538714166692,100,100,0,3.0000000000000027
Variant I,Erdős–Rényi,EO,Erdős–Rényi,Erdős–Rényi,13,13,False,3,0.00055123267647583241,100,100,0,-2.6000000000000023
Variant I,Erdős–Rényi,EO,Erdős–Rényi,Erdős–Rényi,13,13,False,4,0.00055118979675461421,100,100,0,2.0000000000000018
Variant I,Erdős–Rényi,EO,Erdős–Rényi,Erdős–Rényi,13,13,False,5,0.00055122802421070372,100,100,0,1.4000000000000012
Variant I,Erdős–Rényi,DP,Erdős–Rényi,Erdős–Rényi,13,13,True,1,0.0010081518437671244,100,100,0,3.400000000000003
Variant I,Erdős–Rényi,DP,Erdős–Rényi,Erdős–Rényi,13,13,True,2,0.021960968514109225,89.200000000000003,86.200000000000003,3,3.5978483659858784
Variant I,Erdős–Rényi,DP,Erdős–Rényi,Erdős–Rényi,13,13,True,3,0.042776536063723725,75.200000000000003,69.799999999999997,5.4000000000000057,-2.3006462232518454
Variant I,Erdős–Rényi,DP,Erdős–Rényi,Erdős–Rényi,13,13,True,4,0.0077261726286024235,62.399999999999999,62.200000000000003,0.19999999999999574,5.2353862643251698
Variant I,Erdős–Rényi,DP,Erdős–Rényi,Erdős–Rényi,13,13,True,5,0.032845273983586443,53.800000000000004,50.200000000000003,3.6000000000000014,-1.6113982730786791
Variant I,Erdős–Rényi,DP,Erdős–Rényi,Erdős–Rényi,13,13,False,1,0.0010081518437671244,100,100,0,3.400000000000003
Variant I,Erdős–Rényi,DP,Erdős–Rényi,Erdős–Rényi,13,13,False,2,0.0010086329908864933,100,100,0,3.3999999999999919
Variant I,Erdős–Rényi,DP,Erdős–Rényi,Erdős–Rényi,13,13,False,3,0.0010088456790549039,100,100,0,0
Variant I,Erdős–Rényi,DP,Erdős–Rényi,Erdős–Rényi,13,13,False,4,0.0010089138850550849,100,100,0,2.0000000000000018
Variant I,Erdős–Rényi,DP,Erdős–Rényi,Erdős–Rényi,13,13,False,5,0.0010089999218275691,100,100,0,1.8000000000000016
Variant I,Erdős–Rényi,Baseline,Erdős–Rényi,Erdős–Rényi,42,42,True,1,0.0029258707788977212,100,100,0,1.2000000000000011
Variant I,Erdős–Rényi,Baseline,Erdős–Rényi,Erdős–Rényi,42,42,True,2,0.0026977079264979276,100,100,0,0.40000000000000036
Variant I,Erdős–Rényi,Baseline,Erdős–Rényi,Erdős–Rényi,42,42,True,3,0.0014212031704723405,99.599999999999994,100,0.40000000000000568,0.99678714859438022
Variant I,Erdős–Rényi,Baseline,Erdős–Rényi,Erdős–Rényi,42,42,True,4,0.00025955519576281727,99.599999999999994,99.799999999999997,0.20000000000000284,-0.001609644992794923
Variant I,Erdős–Rényi,Baseline,Erdős–Rényi,Erdős–Rényi,42,42,True,5,2.8370287721957155e-05,99.599999999999994,99.799999999999997,0.20000000000000284,1.0020040080160331
Variant I,Erdős–Rényi,Baseline,Erdős–Rényi,Erdős–Rényi,42,42,False,1,0.0029258707788977212,100,100,0,1.2000000000000011
Variant I,Erdős–Rényi,Baseline,Erdős–Rényi,Erdős–Rényi,42,42,False,2,0.0026977079264979276,100,100,0,0.40000000000000036
Variant I,Erdős–Rényi,Baseline,Erdős–Rényi,Erdős–Rényi,42,42,False,3,0.0024505520510326173,100,100,0,1.0000000000000009
Variant I,Erdős–Rényi,Baseline,Erdős–Rényi,Erdős–Rényi,42,42,False,4,0.0022114725232630361,100,100,0,0
Variant I,Erdős–Rényi,Baseline,Erdős–Rényi,Erdős–Rényi,42,42,False,5,0.0019688088561592432,100,100,0,1.0000000000000009
Variant I,Erdős–Rényi,LCF-full,Erdős–Rényi,Erdős–Rényi,42,42,True,1,0.0033805735111236412,100,100,0,13.800000000000001
Variant I,Erdős–Rényi,LCF-full,Erdős–Rényi,Erdős–Rényi,42,42,True,2,0.007208884954452488,100,92,8,7.6608695652173875
Variant I,Erdős–Rényi,LCF-full,Erdős–Rényi,Erdős–Rényi,42,42,True,3,0.0059727606773376518,99.599999999999994,88.599999999999994,11,4.3138694733788396
Variant I,Erdős–Rényi,LCF-full,Erdős–Rényi,Erdős–Rényi,42,42,True,4,0.0067322833538056015,99.599999999999994,88,11.599999999999994,0.5339539978094221
Variant I,Erdős–Rényi,LCF-full,Erdős–Rényi,Erdős–Rényi,42,42,True,5,0.006302408695220918,99.599999999999994,88,11.599999999999994,0.90909090909090384
Variant I,Erdős–Rényi,LCF-full,Erdős–Rényi,Erdős–Rényi,42,42,False,1,0.0033805735111236412,100,100,0,13.800000000000001
Variant I,Erdős–Rényi,LCF-full,Erdős–Rényi,Erdős–Rényi,42,42,False,2,0.0032967189550400233,100,100,0,8.5999999999999961
Variant I,Erdős–Rényi,LCF-full,Erdős–Rényi,Erdős–Rényi,42,42,False,3,0.0020263054370880385,100,100,0,5.8000000000000052
Variant I,Erdős–Rényi,LCF-full,Erdős–Rényi,Erdős–Rényi,42,42,False,4,0.0011326174736022709,100,100,0,2.200000000000002
Variant I,Erdős–Rényi,LCF-full,Erdős–Rényi,Erdős–Rényi,42,42,False,5,0.00030276846885679554,100,100,0,1.8000000000000016
Variant I,Erdős–Rényi,LCF-active,Erdős–Rényi,Erdős–Rényi,42,42,True,1,0.0029070339202881268,100,100,0,13.600000000000001
Variant I,Erdős–Rényi,LCF-active,Erdős–Rényi,Erdős–Rényi,42,42,True,2,0.0068762606382369862,100,92.400000000000006,7.5999999999999943,7.1922077922077943
Variant I,Erdős–Rényi,LCF-active,Erdős–Rényi,Erdős–Rényi,42,42,True,3,0.0036652610301971533,99.599999999999994,89.600000000000009,9.9999999999999858,2.9241967871485919
Variant I,Erdős–Rényi,LCF-active,Erdős–Rényi,Erdős–Rényi,42,42,True,4,0.0026767002344131319,99.599999999999994,89.400000000000006,10.199999999999989,0.26953451389449823
Variant I,Erdős–Rényi,LCF-active,Erdős–Rényi,Erdős–Rényi,42,42,True,5,0.0022453606128692849,99.599999999999994,89.400000000000006,10.199999999999989,0.44742729306487261
Variant I,Erdős–Rényi,LCF-active,Erdős–Rényi,Erdős–Rényi,42,42,False,1,0.0029070339202881268,100,100,0,13.600000000000001
Variant I,Erdős–Rényi,LCF-active,Erdős–Rényi,Erdős–Rényi,42,42,False,2,0.0029467597007751811,100,100,0,8.1999999999999957
Variant I,Erdős–Rényi,LCF-active,Erdős–Rényi,Erdős–Rényi,42,42,False,3,0.0016222714185714082,100,100,0,4.4000000000000039
Variant I,Erdős–Rényi,LCF-active,Erdős–Rényi,Erdős–Rényi,42,42,False,4,0.00072175717353828439,100,100,0,1.6000000000000014
Variant I,Erdős–Rényi,LCF-active,Erdős–Rényi,Erdős–Rényi,42,42,False,5,0.00011237514019013517,100,100,0,1.2000000000000011
Variant I,Erdős–Rényi,EO,Erdős–Rényi,Erdős–Rényi,42,42,True,1,0.00055108946004123194,100,100,0,0.60000000000000053
Variant I,Erdős–Rényi,EO,Erdős–Rényi,Erdős–Rényi,42,42,True,2,0.0044842013091930255,84.799999999999997,84.200000000000003,0.59999999999999432,5.2183704566844513
Variant I,Erdős–Rényi,EO,Erdős–Rényi,Erdős–Rényi,42,42,True,3,0.034944336400036358,69.799999999999997,64.600000000000009,5.1999999999999886,-1.5435521214970604
Variant I,Erdős–Rényi,EO,Erdős–Rényi,Erdős–Rényi,42,42,True,4,0.018999242554706419,57.799999999999997,55.000000000000007,2.7999999999999901,-5.1827618748033988
Variant I,Erdős–Rényi,EO,Erdős–Rényi,Erdős–Rényi,42,42,True,5,0.0036271338918604235,47.799999999999997,48.399999999999999,0.60000000000000142,-1.2362114872575103
Variant I,Erdős–Rényi,EO,Erdős–Rényi,Erdős–Rényi,42,42,False,1,0.00055108946004123194,100,100,0,0.60000000000000053
Variant I,Erdős–Rényi,EO,Erdős–Rényi,Erdős–Rényi,42,42,False,2,0.00055116106908625895,100,100,0,5.0000000000000044
Variant I,Erdős–Rényi,EO,Erdős–Rényi,Erdős–Rényi,42,42,False,3,0.00055128992530883991,100,100,0,-0.40000000000000036
Variant I,Erdős–Rényi,EO,Erdős–Rényi,Erdős–Rényi,42,42,False,4,0.00055128041862761989,100,100,0,-2.9999999999999916
Variant I,Erdős–Rényi,EO,Erdős–Rényi,Erdős–Rényi,42,42,False,5,0.00055121845441241657,100,100,0,0.60000000000000053
Variant I,Erdős–Rényi,DP,Erdős–Rényi,Erdős–Rényi,42,42,True,1,0.0010081518437671244,100,100,0,-1.2000000000000011
Variant I,Erdős–Rényi,DP,Erdős–Rényi,Erdős–Rényi,42,42,True,2,0.017344495695156503,85.799999999999997,88.400000000000006,2.6000000000000085,3.2154120389414453
Variant I,Erdős–Rényi,DP,Erdős–Rényi,Erdős–Rényi,42,42,True,3,0.016232335692355215,73,71.200000000000003,1.7999999999999972,2.0901954748345442
Variant I,Erdős–Rényi,DP,Erdős–Rényi,Erdős–Rényi,42,42,True,4,0.0091071759384373507,62.399999999999999,61.399999999999999,1,-5.6930176229850531
Variant I,Erdős–Rényi,DP,Erdős–Rényi,Erdős–Rényi,42,42,True,5,0.016193247319173043,53.200000000000003,55.800000000000004,2.6000000000000014,0.49586331419947394
Variant I,Erdős–Rényi,DP,Erdős–Rényi,Erdős–Rényi,42,42,False,1,0.0010081518437671244,100,100,0,-1.2000000000000011
Variant I,Erdős–Rényi,DP,Erdős–Rényi,Erdős–Rényi,42,42,False,2,0.0010082565378682906,100,100,0,3.9999999999999925
Variant I,Erdős–Rényi,DP,Erdős–Rényi,Erdős–Rényi,42,42,False,3,0.001008630624758533,100,100,0,3.0000000000000027
Variant I,Erdős–Rényi,DP,Erdős–Rényi,Erdős–Rényi,42,42,False,4,0.0010088971073759501,100,100,0,-2.6000000000000023
Variant I,Erdős–Rényi,DP,Erdős–Rényi,Erdős–Rényi,42,42,False,5,0.0010086959338099222,100,100,0,0
Variant I,Erdős–Rényi,Baseline,Erdős–Rényi,Erdős–Rényi,99,99,True,1,0.0029258707788977212,100,100,0,0.40000000000000036
Variant I,Erdős–Rényi,Baseline,Erdős–Rényi,Erdős–Rényi,99,99,True,2,0.001271396349215137,99.200000000000003,99.599999999999994,0.39999999999999147,0.39755797383079772
Variant I,Erdős–Rényi,Baseline,Erdős–Rényi,Erdős–Rényi,99,99,True,3,0.00040649755284005717,99,99.200000000000003,0.20000000000000284,-0.00081459758879409705
Variant I,Erdős–Rényi,Baseline,Erdős–Rényi,Erdős–Rényi,99,99,True,4,0.00013135315397905245,99,99.200000000000003,0.20000000000000284,1.0072499185402428
Variant I,Erdős–Rényi,Baseline,Erdős–Rényi,Erdős–Rényi,99,99,True,5,6.0320116253675948e-05,99,99.200000000000003,0.20000000000000284,-0.40566959921798373
Variant I,Erdős–Rényi,Baseline,Erdős–Rényi,Erdős–Rényi,99,99,False,1,0.0029258707788977212,100,100,0,0.40000000000000036
Variant I,Erdős–Rényi,Baseline,Erdős–Rényi,Erdős–Rényi,99,99,False,2,0.002721478598217697,100,100,0,0.20000000000000018
Variant I,Erdős–Rényi,Baseline,Erdős–Rényi,Erdős–Rényi,99,99,False,3,0.0024348330148337149,100,100,0,0
Variant I,Erdős–Rényi,Baseline,Erdős–Rényi,Erdős–Rényi,99,99,False,4,0.0021564540677633248,100,100,0,1.0000000000000009
Variant I,Erdős–Rényi,Baseline,Erdős–Rényi,Erdős–Rényi,99,99,False,5,0.0019619092239179237,100,100,0,-0.40000000000000036
Variant I,Erdős–Rényi,LCF-full,Erdős–Rényi,Erdős–Rényi,99,99,True,1,0.0033805735111236412,100,100,0,12.199999999999999
Variant I,Erdős–Rényi,LCF-full,Erdős–Rényi,Erdős–Rényi,99,99,True,2,0.0085580536127090046,99.799999999999997,91.200000000000003,8.5999999999999943,6.9116302781000556
Variant I,Erdős–Rényi,LCF-full,Erdős–Rényi,Erdős–Rényi,99,99,True,3,0.0075635739564895443,99.599999999999994,87,12.599999999999994,3.0175875917462958
Variant I,Erdős–Rényi,LCF-full,Erdős–Rényi,Erdős–Rényi,99,99,True,4,0.0049587321281433505,99.400000000000006,86.200000000000003,13.200000000000003,1.6241299303944357
Variant I,Erdős–Rényi,LCF-full,Erdős–Rényi,Erdős–Rényi,99,99,True,5,0.0044014675617217724,99.400000000000006,86.200000000000003,13.200000000000003,1.6549412484185844
Variant I,Erdős–Rényi,LCF-full,Erdős–Rényi,Erdős–Rényi,99,99,False,1,0.0033805735111236412,100,100,0,12.199999999999999
Variant I,Erdős–Rényi,LCF-full,Erdős–Rényi,Erdős–Rényi,99,99,False,2,0.0028094679117203203,100,100,0,8.5999999999999961
Variant I,Erdős–Rényi,LCF-full,Erdős–Rényi,Erdős–Rényi,99,99,False,3,0.0018516321182250328,100,100,0,4.4000000000000039
Variant I,Erdős–Rényi,LCF-full,Erdős–Rényi,Erdős–Rényi,99,99,False,4,0.00092025530338291084,100,100,0,4.2000000000000037
Variant I,Erdős–Rényi,LCF-full,Erdős–Rényi,Erdős–Rényi,99,99,False,5,0.00038143730163564538,100,100,0,2.8000000000000025
Variant I,Erdős–Rényi,LCF-active,Erdős–Rényi,Erdős–Rényi,99,99,True,1,0.0029070339202881268,100,100,0,12.199999999999999
Variant I,Erdős–Rényi,LCF-active,Erdős–Rényi,Erdős–Rényi,99,99,True,2,0.0063517401218413649,99.799999999999997,92.400000000000006,7.3999999999999915,6.3573033512913213
Variant I,Erdős–Rényi,LCF-active,Erdős–Rényi,Erdős–Rényi,99,99,True,3,0.0054725800752639664,99.599999999999994,88.400000000000006,11.199999999999989,2.4886877828054321
Variant I,Erdős–Rényi,LCF-active,Erdős–Rényi,Erdős–Rényi,99,99,True,4,0.0045919346809387696,99.599999999999994,87.799999999999997,11.799999999999997,1.3667425968109326
Variant I,Erdős–Rényi,LCF-active,Erdős–Rényi,Erdős–Rényi,99,99,True,5,0.0042114703655243835,99.599999999999994,87.799999999999997,11.799999999999997,0.91116173120728838
Variant I,Erdős–Rényi,LCF-active,Erdős–Rényi,Erdős–Rényi,99,99,False,1,0.0029070339202881268,100,100,0,12.199999999999999
Variant I,Erdős–Rényi,LCF-active,Erdős–Rényi,Erdős–Rényi,99,99,False,2,0.0025455964803695608,100,100,0,7.7999999999999954
Variant I,Erdős–Rényi,LCF-active,Erdős–Rényi,Erdős–Rényi,99,99,False,3,0.0016705917119980151,100,100,0,3.8000000000000034
Variant I,Erdős–Rényi,LCF-active,Erdős–Rényi,Erdős–Rényi,99,99,False,4,0.0006669542789459193,100,100,0,3.400000000000003
Variant I,Erdős–Rényi,LCF-active,Erdős–Rényi,Erdős–Rényi,99,99,False,5,0.00023760581016540883,100,100,0,2.4000000000000021
Variant I,Erdős–Rényi,EO,Erdős–Rényi,Erdős–Rényi,99,99,True,1,0.00055108946004123194,100,100,0,-6.0000000000000053
Variant I,Erdős–Rényi,EO,Erdős–Rényi,Erdős–Rényi,99,99,True,2,0.049911821436233628,77.799999999999997,85.599999999999994,7.7999999999999972,-0.45167335367464201
Variant I,Erdős–Rényi,EO,Erdős–Rényi,Erdős–Rényi,99,99,True,3,0.030094336684161727,63.600000000000001,68.400000000000006,4.8000000000000043,5.0369634778770767
Variant I,Erdős–Rényi,EO,Erdős–Rényi,Erdős–Rényi,99,99,True,4,0.0016088200532980435,54,53.600000000000001,0.39999999999999858,1.3460475400773886
Variant I,Erdős–Rényi,EO,Erdős–Rényi,Erdős–Rényi,99,99,True,5,0.02013853722494563,46.800000000000004,44.200000000000003,2.6000000000000014,0.62845651080944975
Variant I,Erdős–Rényi,EO,Erdős–Rényi,Erdős–Rényi,99,99,False,1,0.00055108946004123194,100,100,0,-6.0000000000000053
Variant I,Erdős–Rényi,EO,Erdős–Rényi,Erdős–Rényi,99,99,False,2,0.00055099885045706287,100,100,0,0.80000000000000071
Variant I,Erdős–Rényi,EO,Erdős–Rényi,Erdős–Rényi,99,99,False,3,0.00055102751300095676,100,100,0,3.2000000000000028
Variant I,Erdős–Rényi,EO,Erdős–Rényi,Erdős–Rényi,99,99,False,4,0.00055104665040983658,100,100,0,1.9999999999999907
Variant I,Erdős–Rényi,EO,Erdős–Rényi,Erdős–Rényi,99,99,False,5,0.00055107531093145923,100,100,0,-0.40000000000000036
Variant I,Erdős–Rényi,DP,Erdős–Rényi,Erdős–Rényi,99,99,True,1,0.0010081518437671244,100,100,0,-5.5999999999999943
Variant I,Erdős–Rényi,DP,Erdős–Rényi,Erdős–Rényi,99,99,True,2,0.057928731969465574,80.400000000000006,88.799999999999997,8.3999999999999915,-0.7025682398816735
Variant I,Erdős–Rényi,DP,Erdős–Rényi,Erdős–Rényi,99,99,True,3,0.049628595414091314,67.400000000000006,74.599999999999994,7.1999999999999886,3.5990167142663898
Variant I,Erdős–Rényi,DP,Erdős–Rényi,Erdős–Rényi,99,99,True,4,0.023183843616159272,58.399999999999999,61.799999999999997,3.3999999999999986,2.1091013875958575
Variant I,Erdős–Rényi,DP,Erdős–Rényi,Erdős–Rényi,99,99,True,5,0.0050913714767725771,51,51.800000000000004,0.80000000000000426,-2.4210765387235988
Variant I,Erdős–Rényi,DP,Erdős–Rényi,Erdős–Rényi,99,99,False,1,0.0010081518437671244,100,100,0,-5.5999999999999943
Variant I,Erdős–Rényi,DP,Erdős–Rényi,Erdős–Rényi,99,99,False,2,0.0010078622077188681,100,100,0,0.20000000000000018
Variant I,Erdős–Rényi,DP,Erdős–Rényi,Erdős–Rényi,99,99,False,3,0.001007913565569396,100,100,0,2.4000000000000021
Variant I,Erdős–Rényi,DP,Erdős–Rényi,Erdős–Rényi,99,99,False,4,0.0010079098557425059,100,100,0,2.200000000000002
Variant I,Erdős–Rényi,DP,Erdős–Rényi,Erdős–Rényi,99,99,False,5,0.0010080150059682547,100,100,0,-1.6000000000000014
Variant I,Watts–Strogatz,Baseline,Watts–Strogatz,Watts–Strogatz,2026,2026,True,1,0.0029338215030014769,100,100,0,0.40000000000000036
Variant I,Watts–Strogatz,Baseline,Watts–Strogatz,Watts–Strogatz,2026,2026,True,2,0.0026929377113582564,100,100,0,0.60000000000000053
Variant I,Watts–Strogatz,Baseline,Watts–Strogatz,Watts–Strogatz,2026,2026,True,3,0.0015553943544879267,99.599999999999994,100,0.40000000000000568,0.79839357429718483
Variant I,Watts–Strogatz,Baseline,Watts–Strogatz,Watts–Strogatz,2026,2026,True,4,0.0017954016763461755,99.599999999999994,100,0.40000000000000568,-0.0056224899598333877
Variant I,Watts–Strogatz,Baseline,Watts–Strogatz,Watts–Strogatz,2026,2026,True,5,0.0059586493586972766,99.200000000000003,100,0.79999999999999716,0.79516129032257687
Variant I,Watts–Strogatz,Baseline,Watts–Strogatz,Watts–Strogatz,2026,2026,False,1,0.0029338215030014769,100,100,0,0.40000000000000036
Variant I,Watts–Strogatz,Baseline,Watts–Strogatz,Watts–Strogatz,2026,2026,False,2,0.0026929377113582564,100,100,0,0.60000000000000053
Variant I,Watts–Strogatz,Baseline,Watts–Strogatz,Watts–Strogatz,2026,2026,False,3,0.0024102544101823886,100,100,0,0.80000000000000071
Variant I,Watts–Strogatz,Baseline,Watts–Strogatz,Watts–Strogatz,2026,2026,False,4,0.0021741295444960285,100,100,0,0
Variant I,Watts–Strogatz,Baseline,Watts–Strogatz,Watts–Strogatz,2026,2026,False,5,0.0019550972405883993,100,100,0,0.80000000000000071
Variant I,Watts–Strogatz,LCF-full,Watts–Strogatz,Watts–Strogatz,2026,2026,True,1,0.0034086370468139338,100,100,0,13
Variant I,Watts–Strogatz,LCF-full,Watts–Strogatz,Watts–Strogatz,2026,2026,True,2,0.0025217748880386193,99.799999999999997,90.200000000000003,9.5999999999999943,7.7094321681056126
Variant I,Watts–Strogatz,LCF-full,Watts–Strogatz,Watts–Strogatz,2026,2026,True,3,0.0044810310602187986,98.799999999999997,87,11.799999999999997,5.5446972869840465
Variant I,Watts–Strogatz,LCF-full,Watts–Strogatz,Watts–Strogatz,2026,2026,True,4,0.0052897820472717072,98.799999999999997,84.399999999999991,14.400000000000006,1.9648099468503544
Variant I,Watts–Strogatz,LCF-full,Watts–Strogatz,Watts–Strogatz,2026,2026,True,5,0.0056269478797912331,98.799999999999997,84.200000000000003,14.599999999999994,1.25784953888467
Variant I,Watts–Strogatz,LCF-full,Watts–Strogatz,Watts–Strogatz,2026,2026,False,1,0.0034086370468139338,100,100,0,13
Variant I,Watts–Strogatz,LCF-full,Watts–Strogatz,Watts–Strogatz,2026,2026,False,2,0.0022584339380263829,100,100,0,8.9999999999999964
Variant I,Watts–Strogatz,LCF-full,Watts–Strogatz,Watts–Strogatz,2026,2026,False,3,0.00086372876167295498,100,100,0,7.5999999999999961
Variant I,Watts–Strogatz,LCF-full,Watts–Strogatz,Watts–Strogatz,2026,2026,False,4,0.00019923019409173737,100,100,0,3.400000000000003
Variant I,Watts–Strogatz,LCF-full,Watts–Strogatz,Watts–Strogatz,2026,2026,False,5,7.130396366117342e-05,100,100,0,2.0000000000000018
Variant I,Watts–Strogatz,LCF-active,Watts–Strogatz,Watts–Strogatz,2026,2026,True,1,0.0029203983545303958,100,100,0,12.4
Variant I,Watts–Strogatz,LCF-active,Watts–Strogatz,Watts–Strogatz,2026,2026,True,2,0.0017571774721145683,99.799999999999997,92.200000000000003,7.5999999999999943,6.606705819448
Variant I,Watts–Strogatz,LCF-active,Watts–Strogatz,Watts–Strogatz,2026,2026,True,3,0.004903924584388708,99.200000000000003,89.200000000000003,10,3.8342615362360721
Variant I,Watts–Strogatz,LCF-active,Watts–Strogatz,Watts–Strogatz,2026,2026,True,4,0.0056026794910430944,99.200000000000003,88,11.200000000000003,1.3892961876832755
Variant I,Watts–Strogatz,LCF-active,Watts–Strogatz,Watts–Strogatz,2026,2026,True,5,0.0057985526323318659,99.200000000000003,87.799999999999997,11.400000000000006,0.70954882798147656
Variant I,Watts–Strogatz,LCF-active,Watts–Strogatz,Watts–Strogatz,2026,2026,False,1,0.0029203983545303958,100,100,0,12.4
Variant I,Watts–Strogatz,LCF-active,Watts–Strogatz,Watts–Strogatz,2026,2026,False,2,0.0018182886838913337,100,100,0,7.9999999999999964
Variant I,Watts–Strogatz,LCF-active,Watts–Strogatz,Watts–Strogatz,2026,2026,False,3,0.00063331067562100163,100,100,0,5.8000000000000052
Variant I,Watts–Strogatz,LCF-active,Watts–Strogatz,Watts–Strogatz,2026,2026,False,4,6.5480470656797962e-06,100,100,0,2.8000000000000025
Variant I,Watts–Strogatz,LCF-active,Watts–Strogatz,Watts–Strogatz,2026,2026,False,5,0.00018131446838387522,100,100,0,1.6000000000000014
Variant I,Watts–Strogatz,EO,Watts–Strogatz,Watts–Strogatz,2026,2026,True,1,0.00055164615987157717,100,100,0,0.60000000000000053
Variant I,Watts–Strogatz,EO,Watts–Strogatz,Watts–Strogatz,2026,2026,True,2,0.0084302194946047626,82.799999999999997,81.599999999999994,1.2000000000000028,-2.9127593066212043
Variant I,Watts–Strogatz,EO,Watts–Strogatz,Watts–Strogatz,2026,2026,True,3,0.0036166602411877302,66.799999999999997,67.400000000000006,0.60000000000000853,0.91241848646919088
Variant I,Watts–Strogatz,EO,Watts–Strogatz,Watts–Strogatz,2026,2026,True,4,0.0042943596539378182,56.000000000000007,55.400000000000006,0.60000000000000142,1.7998968540484772
Variant I,Watts–Strogatz,EO,Watts–Strogatz,Watts–Strogatz,2026,2026,True,5,0.010900297334076547,47,45.399999999999999,1.6000000000000014,-1.3684506514199946
Variant I,Watts–Strogatz,EO,Watts–Strogatz,Watts–Strogatz,2026,2026,False,1,0.00055164615987157717,100,100,0,0.60000000000000053
Variant I,Watts–Strogatz,EO,Watts–Strogatz,Watts–Strogatz,2026,2026,False,2,0.00055170836901308196,100,100,0,-2.200000000000002
Variant I,Watts–Strogatz,EO,Watts–Strogatz,Watts–Strogatz,2026,2026,False,3,0.00055161755315280558,100,100,0,0
Variant I,Watts–Strogatz,EO,Watts–Strogatz,Watts–Strogatz,2026,2026,False,4,0.00055163672483526938,100,100,0,1.0000000000000009
Variant I,Watts–Strogatz,EO,Watts–Strogatz,Watts–Strogatz,2026,2026,False,5,0.00055167024632951644,100,100,0,1.0000000000000009
Variant I,Watts–Strogatz,DP,Watts–Strogatz,Watts–Strogatz,2026,2026,True,1,0.0010091538594094729,100,100,0,-0.80000000000000071
Variant I,Watts–Strogatz,DP,Watts–Strogatz,Watts–Strogatz,2026,2026,True,2,0.0075218918722322892,84,85.200000000000003,1.2000000000000028,-2.075788061703554
Variant I,Watts–Strogatz,DP,Watts–Strogatz,Watts–Strogatz,2026,2026,True,3,0.011926065328815627,69.799999999999997,72.200000000000003,2.4000000000000057,0.20319234218860727
Variant I,Watts–Strogatz,DP,Watts–Strogatz,Watts–Strogatz,2026,2026,True,4,0.014811608742918758,59,62,3,1.0552214324767606
Variant I,Watts–Strogatz,DP,Watts–Strogatz,Watts–Strogatz,2026,2026,True,5,0.0078857853392967914,49.600000000000001,51.600000000000001,2,-2.0411352838209607
Variant I,Watts–Strogatz,DP,Watts–Strogatz,Watts–Strogatz,2026,2026,False,1,0.0010091538594094729,100,100,0,-0.80000000000000071
Variant I,Watts–Strogatz,DP,Watts–Strogatz,Watts–Strogatz,2026,2026,False,2,0.0010092592286015112,100,100,0,-1.6000000000000014
Variant I,Watts–Strogatz,DP,Watts–Strogatz,Watts–Strogatz,2026,2026,False,3,0.0010090047553658055,100,100,0,0.20000000000000018
Variant I,Watts–Strogatz,DP,Watts–Strogatz,Watts–Strogatz,2026,2026,False,4,0.0010090738902723828,100,100,0,2.1999999999999909
Variant I,Watts–Strogatz,DP,Watts–Strogatz,Watts–Strogatz,2026,2026,False,5,0.001009322719232153,100,100,0,-0.20000000000000018
Variant I,Watts–Strogatz,Baseline,Watts–Strogatz,Watts–Strogatz,7,7,True,1,0.0029338215030014769,100,100,0,0.40000000000000036
Variant I,Watts–Strogatz,Baseline,Watts–Strogatz,Watts–Strogatz,7,7,True,2,0.0027133302356593392,100,100,0,1.2000000000000011
Variant I,Watts–Strogatz,Baseline,Watts–Strogatz,Watts–Strogatz,7,7,True,3,0.0044888686984423387,99.799999999999997,99.599999999999994,0.20000000000000284,0.40321607069561116
Variant I,Watts–Strogatz,Baseline,Watts–Strogatz,Watts–Strogatz,7,7,True,4,0.00624900289119934,99.799999999999997,99.400000000000006,0.39999999999999147,0.60604105595496449
Variant I,Watts–Strogatz,Baseline,Watts–Strogatz,Watts–Strogatz,7,7,True,5,0.0060024306490310542,99.799999999999997,99.400000000000006,0.39999999999999147,-0.99958468244335519
Variant I,Watts–Strogatz,Baseline,Watts–Strogatz,Watts–Strogatz,7,7,False,1,0.0029338215030014769,100,100,0,0.40000000000000036
Variant I,Watts–Strogatz,Baseline,Watts–Strogatz,Watts–Strogatz,7,7,False,2,0.0027133302356593392,100,100,0,1.2000000000000011
Variant I,Watts–Strogatz,Baseline,Watts–Strogatz,Watts–Strogatz,7,7,False,3,0.0024577365935920525,100,100,0,0.40000000000000036
Variant I,Watts–Strogatz,Baseline,Watts–Strogatz,Watts–Strogatz,7,7,False,4,0.0022603854102132281,100,100,0,0.60000000000000053
Variant I,Watts–Strogatz,Baseline,Watts–Strogatz,Watts–Strogatz,7,7,False,5,0.0020123103607416759,100,100,0,-1.0000000000000009
Variant I,Watts–Strogatz,LCF-full,Watts–Strogatz,Watts–Strogatz,7,7,True,1,0.0034086370468139338,100,100,0,12.199999999999999
Variant I,Watts–Strogatz,LCF-full,Watts–Strogatz,Watts–Strogatz,7,7,True,2,0.0034166755676270366,100,92.200000000000003,7.7999999999999972,9.1783080260303684
Variant I,Watts–Strogatz,LCF-full,Watts–Strogatz,Watts–Strogatz,7,7,True,3,0.0040872946977614788,99.799999999999997,88,11.799999999999997,3.1818181818181857
Variant I,Watts–Strogatz,LCF-full,Watts–Strogatz,Watts–Strogatz,7,7,True,4,0.0031926250457763317,99.799999999999997,87.599999999999994,12.200000000000003,1.6539929173415291
Variant I,Watts–Strogatz,LCF-full,Watts–Strogatz,Watts–Strogatz,7,7,True,5,0.0024634504318237216,99.799999999999997,86.799999999999997,13,0.260428691484349
Variant I,Watts–Strogatz,LCF-full,Watts–Strogatz,Watts–Strogatz,7,7,False,1,0.0034086370468139338,100,100,0,12.199999999999999
Variant I,Watts–Strogatz,LCF-full,Watts–Strogatz,Watts–Strogatz,7,7,False,2,0.0034166755676270366,100,100,0,10.799999999999999
Variant I,Watts–Strogatz,LCF-full,Watts–Strogatz,Watts–Strogatz,7,7,False,3,0.0018509055376052519,100,100,0,5.8000000000000052
Variant I,Watts–Strogatz,LCF-full,Watts–Strogatz,Watts–Strogatz,7,7,False,4,0.0010651654005050526,100,100,0,3.2000000000000028
Variant I,Watts–Strogatz,LCF-full,Watts–Strogatz,Watts–Strogatz,7,7,False,5,0.00040516805648804777,100,100,0,2.0000000000000018
Variant I,Watts–Strogatz,LCF-active,Watts–Strogatz,Watts–Strogatz,7,7,True,1,0.0029203983545303958,100,100,0,11.6
Variant I,Watts–Strogatz,LCF-active,Watts–Strogatz,Watts–Strogatz,7,7,True,2,0.0030063655376434406,100,93.200000000000003,6.7999999999999972,8.2128755364806914
Variant I,Watts–Strogatz,LCF-active,Watts–Strogatz,Watts–Strogatz,7,7,True,3,0.0036127283573149649,99.799999999999997,89,10.799999999999997,2.4719101123595544
Variant I,Watts–Strogatz,LCF-active,Watts–Strogatz,Watts–Strogatz,7,7,True,4,0.002811925053596509,99.799999999999997,88.799999999999997,11,1.601401000198599
Variant I,Watts–Strogatz,LCF-active,Watts–Strogatz,Watts–Strogatz,7,7,True,5,0.0022644112110138392,99.799999999999997,88,11.799999999999997,0.026871925669524899
Variant I,Watts–Strogatz,LCF-active,Watts–Strogatz,Watts–Strogatz,7,7,False,1,0.0029203983545303958,100,100,0,11.6
Variant I,Watts–Strogatz,LCF-active,Watts–Strogatz,Watts–Strogatz,7,7,False,2,0.0030063655376434406,100,100,0,9.3999999999999968
Variant I,Watts–Strogatz,LCF-active,Watts–Strogatz,Watts–Strogatz,7,7,False,3,0.0013749341964721662,100,100,0,4.8000000000000043
Variant I,Watts–Strogatz,LCF-active,Watts–Strogatz,Watts–Strogatz,7,7,False,4,0.00070349955558779431,100,100,0,3.0000000000000027
Variant I,Watts–Strogatz,LCF-active,Watts–Strogatz,Watts–Strogatz,7,7,False,5,0.00022334814071656162,100,100,0,1.4000000000000012
Variant I,Watts–Strogatz,EO,Watts–Strogatz,Watts–Strogatz,7,7,True,1,0.00055164615987157717,100,100,0,-1.2000000000000011
Variant I,Watts–Strogatz,EO,Watts–Strogatz,Watts–Strogatz,7,7,True,2,0.010129309427113209,83.799999999999997,85.399999999999991,1.5999999999999943,0.35548003778372861
Variant I,Watts–Strogatz,EO,Watts–Strogatz,Watts–Strogatz,7,7,True,3,0.00095595041063289976,69,69.799999999999997,0.79999999999999716,-1.2648976371413156
Variant I,Watts–Strogatz,EO,Watts–Strogatz,Watts–Strogatz,7,7,True,4,0.0029733225528219553,56.999999999999993,56.999999999999993,0,4.5614035087719333
Variant I,Watts–Strogatz,EO,Watts–Strogatz,Watts–Strogatz,7,7,True,5,0.028098764450549929,47.599999999999994,43.799999999999997,3.7999999999999972,6.5519358428302805
Variant I,Watts–Strogatz,EO,Watts–Strogatz,Watts–Strogatz,7,7,False,1,0.00055164615987157717,100,100,0,-1.2000000000000011
Variant I,Watts–Strogatz,EO,Watts–Strogatz,Watts–Strogatz,7,7,False,2,0.00055165576156535057,100,100,0,1.9999999999999907
Variant I,Watts–Strogatz,EO,Watts–Strogatz,Watts–Strogatz,7,7,False,3,0.00055174189105056115,100,100,0,0.40000000000000036
Variant I,Watts–Strogatz,EO,Watts–Strogatz,Watts–Strogatz,7,7,False,4,0.00055178018433155174,100,100,0,1.8000000000000016
Variant I,Watts–Strogatz,EO,Watts–Strogatz,Watts–Strogatz,7,7,False,5,0.00055183283532878047,100,100,0,4.0000000000000036
Variant I,Watts–Strogatz,DP,Watts–Strogatz,Watts–Strogatz,7,7,True,1,0.0010091538594094729,100,100,0,-0.20000000000000018
Variant I,Watts–Strogatz,DP,Watts–Strogatz,Watts–Strogatz,7,7,True,2,0.0092855252529862042,86.799999999999997,85.799999999999997,1,3.1114047243079535
Variant I,Watts–Strogatz,DP,Watts–Strogatz,Watts–Strogatz,7,7,True,3,0.037150928360434432,75.200000000000003,70.399999999999991,4.8000000000000114,-0.70116054158607666
Variant I,Watts–Strogatz,DP,Watts–Strogatz,Watts–Strogatz,7,7,True,4,0.039780612310579611,63.200000000000003,57.799999999999997,5.4000000000000057,5.1421313126888908
Variant I,Watts–Strogatz,DP,Watts–Strogatz,Watts–Strogatz,7,7,True,5,0.046624543334346069,53.600000000000001,47.199999999999996,6.4000000000000057,5.9132304578800916
Variant I,Watts–Strogatz,DP,Watts–Strogatz,Watts–Strogatz,7,7,False,1,0.0010091538594094729,100,100,0,-0.20000000000000018
Variant I,Watts–Strogatz,DP,Watts–Strogatz,Watts–Strogatz,7,7,False,2,0.0010092953802037785,100,100,0,3.2000000000000028
Variant I,Watts–Strogatz,DP,Watts–Strogatz,Watts–Strogatz,7,7,False,3,0.0010096517444314612,100,100,0,1.3999999999999901
Variant I,Watts–Strogatz,DP,Watts–Strogatz,Watts–Strogatz,7,7,False,4,0.0010098830615793419,100,100,0,2.399999999999991
Variant I,Watts–Strogatz,DP,Watts–Strogatz,Watts–Strogatz,7,7,False,5,0.0010101319307336265,100,100,0,4.5999999999999925
Variant I,Watts–Strogatz,Baseline,Watts–Strogatz,Watts–Strogatz,13,13,True,1,0.0029338215030014769,100,100,0,0.80000000000000071
Variant I,Watts–Strogatz,Baseline,Watts–Strogatz,Watts–Strogatz,13,13,True,2,0.0086337743501457842,100,99.400000000000006,0.59999999999999432,0.0060362173038175371
Variant I,Watts–Strogatz,Baseline,Watts–Strogatz,Watts–Strogatz,13,13,True,3,0.01226553703351474,100,99,1,0.40606060606060979
Variant I,Watts–Strogatz,Baseline,Watts–Strogatz,Watts–Strogatz,13,13,True,4,0.012015723101149844,100,99,1,0.20808080808081275
Variant I,Watts–Strogatz,Baseline,Watts–Strogatz,Watts–Strogatz,13,13,True,5,0.011763566712748363,100,99,1,0.81010101010100533
Variant I,Watts–Strogatz,Baseline,Watts–Strogatz,Watts–Strogatz,13,13,False,1,0.0029338215030014769,100,100,0,0.80000000000000071
Variant I,Watts–Strogatz,Baseline,Watts–Strogatz,Watts–Strogatz,13,13,False,2,0.0026979166920896303,100,100,0,0
Variant I,Watts–Strogatz,Baseline,Watts–Strogatz,Watts–Strogatz,13,13,False,3,0.0023888843968861151,100,100,0,0.40000000000000036
Variant I,Watts–Strogatz,Baseline,Watts–Strogatz,Watts–Strogatz,13,13,False,4,0.0021252694463610444,100,100,0,0.20000000000000018
Variant I,Watts–Strogatz,Baseline,Watts–Strogatz,Watts–Strogatz,13,13,False,5,0.0018608186696928986,100,100,0,0.80000000000000071
Variant I,Watts–Strogatz,LCF-full,Watts–Strogatz,Watts–Strogatz,13,13,True,1,0.0034086370468139338,100,100,0,12
Variant I,Watts–Strogatz,LCF-full,Watts–Strogatz,Watts–Strogatz,13,13,True,2,0.010866041302680984,100,93.200000000000003,6.7999999999999972,7.1982832618025743
Variant I,Watts–Strogatz,LCF-full,Watts–Strogatz,Watts–Strogatz,13,13,True,3,0.0093246423006058121,99.799999999999997,89.200000000000003,10.599999999999994,3.6350728362554707
Variant I,Watts–Strogatz,LCF-full,Watts–Strogatz,Watts–Strogatz,13,13,True,4,0.0084338414669036244,99.599999999999994,87.599999999999994,12,1.8539913076965342
Variant I,Watts–Strogatz,LCF-full,Watts–Strogatz,Watts–Strogatz,13,13,True,5,0.0081347538232803274,99.599999999999994,87.200000000000003,12.399999999999991,1.1467889908256867
Variant I,Watts–Strogatz,LCF-full,Watts–Strogatz,Watts–Strogatz,13,13,False,1,0.0034086370468139338,100,100,0,12
Variant I,Watts–Strogatz,LCF-full,Watts–Strogatz,Watts–Strogatz,13,13,False,2,0.0031769127845764356,100,100,0,8.5999999999999961
Variant I,Watts–Strogatz,LCF-full,Watts–Strogatz,Watts–Strogatz,13,13,False,3,0.0012978467941284766,100,100,0,5.2000000000000046
Variant I,Watts–Strogatz,LCF-full,Watts–Strogatz,Watts–Strogatz,13,13,False,4,0.00057973074913020284,100,100,0,2.4000000000000021
Variant I,Watts–Strogatz,LCF-full,Watts–Strogatz,Watts–Strogatz,13,13,False,5,0.00020104563236233997,100,100,0,2.4000000000000021
Variant I,Watts–Strogatz,LCF-active,Watts–Strogatz,Watts–Strogatz,13,13,True,1,0.0029203983545303958,100,100,0,12
Variant I,Watts–Strogatz,LCF-active,Watts–Strogatz,Watts–Strogatz,13,13,True,2,0.010528612852096608,100,93.600000000000009,6.3999999999999915,5.4239316239316215
Variant I,Watts–Strogatz,LCF-active,Watts–Strogatz,Watts–Strogatz,13,13,True,3,0.0089929233789443064,100,91.400000000000006,8.5999999999999943,2.8634573304157529
Variant I,Watts–Strogatz,LCF-active,Watts–Strogatz,Watts–Strogatz,13,13,True,4,0.0063722155094146915,99.799999999999997,90,9.7999999999999972,1.1329325317301242
Variant I,Watts–Strogatz,LCF-active,Watts–Strogatz,Watts–Strogatz,13,13,True,5,0.0061160491704941311,99.799999999999997,90,9.7999999999999972,1.1111111111111072
Variant I,Watts–Strogatz,LCF-active,Watts–Strogatz,Watts–Strogatz,13,13,False,1,0.0029203983545303958,100,100,0,12
Variant I,Watts–Strogatz,LCF-active,Watts–Strogatz,Watts–Strogatz,13,13,False,2,0.0027802634239196822,100,100,0,6.7999999999999954
Variant I,Watts–Strogatz,LCF-active,Watts–Strogatz,Watts–Strogatz,13,13,False,3,0.0011281772851943206,100,100,0,4.2000000000000037
Variant I,Watts–Strogatz,LCF-active,Watts–Strogatz,Watts–Strogatz,13,13,False,4,0.00039099335670478297,100,100,0,2.0000000000000018
Variant I,Watts–Strogatz,LCF-active,Watts–Strogatz,Watts–Strogatz,13,13,False,5,0.00012227296829225853,100,100,0,2.200000000000002
Variant I,Watts–Strogatz,EO,Watts–Strogatz,Watts–Strogatz,13,13,True,1,0.00055164615987157717,100,100,0,1.6000000000000014
Variant I,Watts–Strogatz,EO,Watts–Strogatz,Watts–Strogatz,13,13,True,2,0.0043952061871623815,85.200000000000003,84.599999999999994,0.60000000000000853,4.2653081610228742
Variant I,Watts–Strogatz,EO,Watts–Strogatz,Watts–Strogatz,13,13,True,3,0.04272118099850486,68.600000000000009,62.399999999999999,6.2000000000000099,-2.3800179412424294
Variant I,Watts–Strogatz,EO,Watts–Strogatz,Watts–Strogatz,13,13,True,4,0.030772076391342107,56.599999999999994,52.200000000000003,4.3999999999999915,2.7997779673178735
Variant I,Watts–Strogatz,EO,Watts–Strogatz,Watts–Strogatz,13,13,True,5,0.050598376953795543,48.199999999999996,41,7.1999999999999957,1.024187835239343
Variant I,Watts–Strogatz,EO,Watts–Strogatz,Watts–Strogatz,13,13,False,1,0.00055164615987157717,100,100,0,1.6000000000000014
Variant I,Watts–Strogatz,EO,Watts–Strogatz,Watts–Strogatz,13,13,False,2,0.00055173229036575844,100,100,0,3.0000000000000027
Variant I,Watts–Strogatz,EO,Watts–Strogatz,Watts–Strogatz,13,13,False,3,0.00055178971531255616,100,100,0,-2.6000000000000023
Variant I,Watts–Strogatz,EO,Watts–Strogatz,Watts–Strogatz,13,13,False,4,0.00055174673427138554,100,100,0,2.0000000000000018
Variant I,Watts–Strogatz,EO,Watts–Strogatz,Watts–Strogatz,13,13,False,5,0.0005517850522950285,100,100,0,1.4000000000000012
Variant I,Watts–Strogatz,DP,Watts–Strogatz,Watts–Strogatz,13,13,True,1,0.0010091538594094729,100,100,0,3.400000000000003
Variant I,Watts–Strogatz,DP,Watts–Strogatz,Watts–Strogatz,13,13,True,2,0.020467143322090431,89.200000000000003,86.400000000000006,2.7999999999999972,4.6773791728948684
Variant I,Watts–Strogatz,DP,Watts–Strogatz,Watts–Strogatz,13,13,True,3,0.055275757607182729,74.400000000000006,66.799999999999997,7.6000000000000085,-0.22857510784881629
Variant I,Watts–Strogatz,DP,Watts–Strogatz,Watts–Strogatz,13,13,True,4,0.045355624106628134,63.200000000000003,57.399999999999999,5.8000000000000043,5.8858554227495201
Variant I,Watts–Strogatz,DP,Watts–Strogatz,Watts–Strogatz,13,13,True,5,0.080394503548364582,57.199999999999996,46.200000000000003,10.999999999999993,-1.4485514485514495
Variant I,Watts–Strogatz,DP,Watts–Strogatz,Watts–Strogatz,13,13,False,1,0.0010091538594094729,100,100,0,3.400000000000003
Variant I,Watts–Strogatz,DP,Watts–Strogatz,Watts–Strogatz,13,13,False,2,0.0010096361170097712,100,100,0,3.3999999999999919
Variant I,Watts–Strogatz,DP,Watts–Strogatz,Watts–Strogatz,13,13,False,3,0.0010098492952022031,100,100,0,0
Variant I,Watts–Strogatz,DP,Watts–Strogatz,Watts–Strogatz,13,13,False,4,0.0010099176563344026,100,100,0,2.0000000000000018
Variant I,Watts–Strogatz,DP,Watts–Strogatz,Watts–Strogatz,13,13,False,5,0.0010100038893031682,100,100,0,1.8000000000000016
Variant I,Watts–Strogatz,Baseline,Watts–Strogatz,Watts–Strogatz,42,42,True,1,0.0029338215030014769,100,100,0,1.2000000000000011
Variant I,Watts–Strogatz,Baseline,Watts–Strogatz,Watts–Strogatz,42,42,True,2,0.0066043114238272249,100,99.599999999999994,0.40000000000000568,0.40321285140562102
Variant I,Watts–Strogatz,Baseline,Watts–Strogatz,Watts–Strogatz,42,42,True,3,0.0063675678890451337,100,99.599999999999994,0.40000000000000568,1.0072289156626502
Variant I,Watts–Strogatz,Baseline,Watts–Strogatz,Watts–Strogatz,42,42,True,4,0.010078402164846012,100,99.200000000000003,0.79999999999999716,0.0064516129032243796
Variant I,Watts–Strogatz,Baseline,Watts–Strogatz,Watts–Strogatz,42,42,True,5,0.0098505833316334668,100,99.200000000000003,0.79999999999999716,1.0080645161290369
Variant I,Watts–Strogatz,Baseline,Watts–Strogatz,Watts–Strogatz,42,42,False,1,0.0029338215030014769,100,100,0,1.2000000000000011
Variant I,Watts–Strogatz,Baseline,Watts–Strogatz,Watts–Strogatz,42,42,False,2,0.0027051254922854095,100,100,0,0.40000000000000036
Variant I,Watts–Strogatz,Baseline,Watts–Strogatz,Watts–Strogatz,42,42,False,3,0.0024573976093030803,100,100,0,1.0000000000000009
Variant I,Watts–Strogatz,Baseline,Watts–Strogatz,Watts–Strogatz,42,42,False,4,0.0022177543426872282,100,100,0,0
Variant I,Watts–Strogatz,Baseline,Watts–Strogatz,Watts–Strogatz,42,42,False,5,0.0019745066019526414,100,100,0,1.0000000000000009
Variant I,Watts–Strogatz,LCF-full,Watts–Strogatz,Watts–Strogatz,42,42,True,1,0.0034086370468139338,100,100,0,13.800000000000001
Variant I,Watts–Strogatz,LCF-full,Watts–Strogatz,Watts–Strogatz,42,42,True,2,0.0071430724859238293,100,91.799999999999997,8.2000000000000028,8.3324618736383407
Variant I,Watts–Strogatz,LCF-full,Watts–Strogatz,Watts–Strogatz,42,42,True,3,0.0059902441501616943,99.599999999999994,88.599999999999994,11,4.3387998948389406
Variant I,Watts–Strogatz,LCF-full,Watts–Strogatz,Watts–Strogatz,42,42,True,4,0.0067570277452468908,99.599999999999994,87.599999999999994,12,0.99576387742752459
Variant I,Watts–Strogatz,LCF-full,Watts–Strogatz,Watts–Strogatz,42,42,True,5,0.0063234499692916835,99.599999999999994,87.599999999999994,12,1.5981735159817378
Variant I,Watts–Strogatz,LCF-full,Watts–Strogatz,Watts–Strogatz,42,42,False,1,0.0034086370468139338,100,100,0,13.800000000000001
Variant I,Watts–Strogatz,LCF-full,Watts–Strogatz,Watts–Strogatz,42,42,False,2,0.0032527371644973657,100,100,0,9.3999999999999968
Variant I,Watts–Strogatz,LCF-full,Watts–Strogatz,Watts–Strogatz,42,42,False,3,0.0020386065244674123,100,100,0,6.199999999999994
Variant I,Watts–Strogatz,LCF-full,Watts–Strogatz,Watts–Strogatz,42,42,False,4,0.0011528738737105471,100,100,0,2.6000000000000023
Variant I,Watts–Strogatz,LCF-full,Watts–Strogatz,Watts–Strogatz,42,42,False,5,0.00032713067531586759,100,100,0,2.4000000000000021
Variant I,Watts–Strogatz,LCF-active,Watts–Strogatz,Watts–Strogatz,42,42,True,1,0.0029203983545303958,100,100,0,13.600000000000001
Variant I,Watts–Strogatz,LCF-active,Watts–Strogatz,Watts–Strogatz,42,42,True,2,0.0068742693662643406,100,92.800000000000011,7.1999999999999886,7.3741379310344861
Variant I,Watts–Strogatz,LCF-active,Watts–Strogatz,Watts–Strogatz,42,42,True,3,0.0036791179180145628,99.599999999999994,90.200000000000003,9.3999999999999915,2.4599506674146676
Variant I,Watts–Strogatz,LCF-active,Watts–Strogatz,Watts–Strogatz,42,42,True,4,0.0026827162504196034,99.599999999999994,89.799999999999997,9.7999999999999972,0.48926217117913895
Variant I,Watts–Strogatz,LCF-active,Watts–Strogatz,Watts–Strogatz,42,42,True,5,0.002247767448425253,99.599999999999994,89.799999999999997,9.7999999999999972,0.44543429844098315
Variant I,Watts–Strogatz,LCF-active,Watts–Strogatz,Watts–Strogatz,42,42,False,1,0.0029203983545303958,100,100,0,13.600000000000001
Variant I,Watts–Strogatz,LCF-active,Watts–Strogatz,Watts–Strogatz,42,42,False,2,0.0029597045183181736,100,100,0,8.1999999999999957
Variant I,Watts–Strogatz,LCF-active,Watts–Strogatz,Watts–Strogatz,42,42,False,3,0.0016303704977035371,100,100,0,4.4000000000000039
Variant I,Watts–Strogatz,LCF-active,Watts–Strogatz,Watts–Strogatz,42,42,False,4,0.00072601318359377665,100,100,0,1.6000000000000014
Variant I,Watts–Strogatz,LCF-active,Watts–Strogatz,Watts–Strogatz,42,42,False,5,0.00011337351799012296,100,100,0,1.2000000000000011
Variant I,Watts–Strogatz,EO,Watts–Strogatz,Watts–Strogatz,42,42,True,1,0.00055164615987157717,100,100,0,0.60000000000000053
Variant I,Watts–Strogatz,EO,Watts–Strogatz,Watts–Strogatz,42,42,True,2,0.0030995008336544005,85.599999999999994,85.200000000000003,0.39999999999999147,3.9050502391294817
Variant I,Watts–Strogatz,EO,Watts–Strogatz,Watts–Strogatz,42,42,True,3,0.054660139664640228,73.400000000000006,65.200000000000003,8.2000000000000028,1.1475903110947705
Variant I,Watts–Strogatz,EO,Watts–Strogatz,Watts–Strogatz,42,42,True,4,0.040049291672353604,59.599999999999994,53.600000000000001,5.9999999999999929,-2.3264549734548723
Variant I,Watts–Strogatz,EO,Watts–Strogatz,Watts–Strogatz,42,42,True,5,0.029381914588108293,50.200000000000003,45.800000000000004,4.3999999999999986,1.8667687329285476
Variant I,Watts–Strogatz,EO,Watts–Strogatz,Watts–Strogatz,42,42,False,1,0.00055164615987157717,100,100,0,0.60000000000000053
Variant I,Watts–Strogatz,EO,Watts–Strogatz,Watts–Strogatz,42,42,False,2,0.0005517179384285642,100,100,0,5.0000000000000044
Variant I,Watts–Strogatz,EO,Watts–Strogatz,Watts–Strogatz,42,42,False,3,0.00055184709958788769,100,100,0,-0.40000000000000036
Variant I,Watts–Strogatz,EO,Watts–Strogatz,Watts–Strogatz,42,42,False,4,0.00055183757048793414,100,100,0,-2.9999999999999916
Variant I,Watts–Strogatz,EO,Watts–Strogatz,Watts–Strogatz,42,42,False,5,0.00055177545980500398,100,100,0,0.60000000000000053
Variant I,Watts–Strogatz,DP,Watts–Strogatz,Watts–Strogatz,42,42,True,1,0.0010091538594094729,100,100,0,-1.2000000000000011
Variant I,Watts–Strogatz,DP,Watts–Strogatz,Watts–Strogatz,42,42,True,2,0.0089599692390460728,86.200000000000003,87.599999999999994,1.3999999999999915,3.1931686955047667
Variant I,Watts–Strogatz,DP,Watts–Strogatz,Watts–Strogatz,42,42,True,3,0.031401908666751133,75,71.200000000000003,3.7999999999999972,5.2988764044943792
Variant I,Watts–Strogatz,DP,Watts–Strogatz,Watts–Strogatz,42,42,True,4,0.028616606454762439,65.200000000000003,61.399999999999999,3.8000000000000043,-2.7377550408664852
Variant I,Watts–Strogatz,DP,Watts–Strogatz,Watts–Strogatz,42,42,True,5,0.020111402523255384,55.400000000000006,52.800000000000004,2.6000000000000014,0.57570287714692192
Variant I,Watts–Strogatz,DP,Watts–Strogatz,Watts–Strogatz,42,42,False,1,0.0010091538594094729,100,100,0,-1.2000000000000011
Variant I,Watts–Strogatz,DP,Watts–Strogatz,Watts–Strogatz,42,42,False,2,0.0010092587933456798,100,100,0,3.9999999999999925
Variant I,Watts–Strogatz,DP,Watts–Strogatz,Watts–Strogatz,42,42,False,3,0.0010096337432315972,100,100,0,3.0000000000000027
Variant I,Watts–Strogatz,DP,Watts–Strogatz,Watts–Strogatz,42,42,False,4,0.0010099008402428833,100,100,0,-2.6000000000000023
Variant I,Watts–Strogatz,DP,Watts–Strogatz,Watts–Strogatz,42,42,False,5,0.0010096991982420089,100,100,0,0
Variant I,Watts–Strogatz,Baseline,Watts–Strogatz,Watts–Strogatz,99,99,True,1,0.0029338215030014769,100,100,0,0.40000000000000036
Variant I,Watts–Strogatz,Baseline,Watts–Strogatz,Watts–Strogatz,99,99,True,2,0.0047321656322778516,99.799999999999997,99.599999999999994,0.20000000000000284,0.40361848194380157
Variant I,Watts–Strogatz,Baseline,Watts–Strogatz,Watts–Strogatz,99,99,True,3,0.0063690895734802577,99.599999999999994,99.200000000000003,0.39999999999999147,0.0016193807487963063
Variant I,Watts–Strogatz,Baseline,Watts–Strogatz,Watts–Strogatz,99,99,True,4,0.0060981390796400747,99.599999999999994,99.200000000000003,0.39999999999999147,1.0096838968778332
Variant I,Watts–Strogatz,Baseline,Watts–Strogatz,Watts–Strogatz,99,99,True,5,0.0059103412095741215,99.599999999999994,99.200000000000003,0.39999999999999147,-0.39836766420521252
Variant I,Watts–Strogatz,Baseline,Watts–Strogatz,Watts–Strogatz,99,99,False,1,0.0029338215030014769,100,100,0,0.40000000000000036
Variant I,Watts–Strogatz,Baseline,Watts–Strogatz,Watts–Strogatz,99,99,False,2,0.0027289453553749343,100,100,0,0.20000000000000018
Variant I,Watts–Strogatz,Baseline,Watts–Strogatz,Watts–Strogatz,99,99,False,3,0.0024416303932144334,100,100,0,0
Variant I,Watts–Strogatz,Baseline,Watts–Strogatz,Watts–Strogatz,99,99,False,4,0.0021625793858564002,100,100,0,1.0000000000000009
Variant I,Watts–Strogatz,Baseline,Watts–Strogatz,Watts–Strogatz,99,99,False,5,0.0019675606159053061,100,100,0,-0.40000000000000036
Variant I,Watts–Strogatz,LCF-full,Watts–Strogatz,Watts–Strogatz,99,99,True,1,0.0034086370468139338,100,100,0,12.4
Variant I,Watts–Strogatz,LCF-full,Watts–Strogatz,Watts–Strogatz,99,99,True,2,0.0084593183994292609,100,91.200000000000003,8.7999999999999972,6.6947368421052644
Variant I,Watts–Strogatz,LCF-full,Watts–Strogatz,Watts–Strogatz,99,99,True,3,0.011083180546760607,99.799999999999997,87.400000000000006,12.399999999999991,4.1474252853533127
Variant I,Watts–Strogatz,LCF-full,Watts–Strogatz,Watts–Strogatz,99,99,True,4,0.0087678016424179717,99.599999999999994,85.799999999999997,13.799999999999997,2.7972027972028024
Variant I,Watts–Strogatz,LCF-full,Watts–Strogatz,Watts–Strogatz,99,99,True,5,0.0083259677886963201,99.599999999999994,85.599999999999994,14,1.668355665653265
Variant I,Watts–Strogatz,LCF-full,Watts–Strogatz,Watts–Strogatz,99,99,False,1,0.0034086370468139338,100,100,0,12.4
Variant I,Watts–Strogatz,LCF-full,Watts–Strogatz,Watts–Strogatz,99,99,False,2,0.0028331824541092399,100,100,0,8.7999999999999972
Variant I,Watts–Strogatz,LCF-full,Watts–Strogatz,Watts–Strogatz,99,99,False,3,0.0018784801959991215,100,100,0,4.6000000000000041
Variant I,Watts–Strogatz,LCF-full,Watts–Strogatz,Watts–Strogatz,99,99,False,4,0.00098989737033849945,100,100,0,4.4000000000000039
Variant I,Watts–Strogatz,LCF-full,Watts–Strogatz,Watts–Strogatz,99,99,False,5,0.0004229265451431985,100,100,0,3.0000000000000027
Variant I,Watts–Strogatz,LCF-active,Watts–Strogatz,Watts–Strogatz,99,99,True,1,0.0029203983545303958,100,100,0,12.199999999999999
Variant I,Watts–Strogatz,LCF-active,Watts–Strogatz,Watts–Strogatz,99,99,True,2,0.010108673334121687,100,91.400000000000006,8.5999999999999943,5.7833698030634544
Variant I,Watts–Strogatz,LCF-active,Watts–Strogatz,Watts–Strogatz,99,99,True,3,0.010962192416191119,99.799999999999997,88,11.799999999999997,2.9545454545454541
Variant I,Watts–Strogatz,LCF-active,Watts–Strogatz,Watts–Strogatz,99,99,True,4,0.010362700223922716,99.799999999999997,86.799999999999997,13,1.8433179723502335
Variant I,Watts–Strogatz,LCF-active,Watts–Strogatz,Watts–Strogatz,99,99,True,5,0.010123655676841703,99.799999999999997,86.799999999999997,13,0.92165898617511122
Variant I,Watts–Strogatz,LCF-active,Watts–Strogatz,Watts–Strogatz,99,99,False,1,0.0029203983545303958,100,100,0,12.199999999999999
Variant I,Watts–Strogatz,LCF-active,Watts–Strogatz,Watts–Strogatz,99,99,False,2,0.002534721374511717,100,100,0,7.7999999999999954
Variant I,Watts–Strogatz,LCF-active,Watts–Strogatz,Watts–Strogatz,99,99,False,3,0.0016705349683761028,100,100,0,3.8000000000000034
Variant I,Watts–Strogatz,LCF-active,Watts–Strogatz,Watts–Strogatz,99,99,False,4,0.00066820979118342727,100,100,0,3.400000000000003
Variant I,Watts–Strogatz,LCF-active,Watts–Strogatz,Watts–Strogatz,99,99,False,5,0.00023837816715233107,100,100,0,2.4000000000000021
Variant I,Watts–Strogatz,EO,Watts–Strogatz,Watts–Strogatz,99,99,True,1,0.00055164615987157717,100,100,0,-6.0000000000000053
Variant I,Watts–Strogatz,EO,Watts–Strogatz,Watts–Strogatz,99,99,True,2,0.044569550172601557,80.400000000000006,87.799999999999997,7.3999999999999915,-0.69640408436179024
Variant I,Watts–Strogatz,EO,Watts–Strogatz,Watts–Strogatz,99,99,True,3,0.023459872553321048,67.200000000000003,71.399999999999991,4.1999999999999886,7.4404761904761862
Variant I,Watts–Strogatz,EO,Watts–Strogatz,Watts–Strogatz,99,99,True,4,0.013580944689348173,56.799999999999997,55.400000000000006,1.3999999999999915,0.76524126709716089
Variant I,Watts–Strogatz,EO,Watts–Strogatz,Watts–Strogatz,99,99,True,5,0.016165994274261464,49,47.199999999999996,1.8000000000000043,1.6845382220684879
Variant I,Watts–Strogatz,EO,Watts–Strogatz,Watts–Strogatz,99,99,False,1,0.00055164615987157717,100,100,0,-6.0000000000000053
Variant I,Watts–Strogatz,EO,Watts–Strogatz,Watts–Strogatz,99,99,False,2,0.00055155533600526052,100,100,0,0.80000000000000071
Variant I,Watts–Strogatz,EO,Watts–Strogatz,Watts–Strogatz,99,99,False,3,0.00055158406643929236,100,100,0,3.2000000000000028
Variant I,Watts–Strogatz,EO,Watts–Strogatz,Watts–Strogatz,99,99,False,4,0.00055160324924852233,100,100,0,1.9999999999999907
Variant I,Watts–Strogatz,EO,Watts–Strogatz,Watts–Strogatz,99,99,False,5,0.0005516319776481815,100,100,0,-0.40000000000000036
Variant I,Watts–Strogatz,DP,Watts–Strogatz,Watts–Strogatz,99,99,True,1,0.0010091538594094729,100,100,0,-5.5999999999999943
Variant I,Watts–Strogatz,DP,Watts–Strogatz,Watts–Strogatz,99,99,True,2,0.052346030675062827,82.199999999999989,89.799999999999997,7.6000000000000085,-0.16148348045670335
Variant I,Watts–Strogatz,DP,Watts–Strogatz,Watts–Strogatz,99,99,True,3,0.030128196020082376,70,74.400000000000006,4.4000000000000057,5.6866359447004688
Variant I,Watts–Strogatz,DP,Watts–Strogatz,Watts–Strogatz,99,99,True,4,0.0034166772391896472,61.600000000000001,61.199999999999996,0.40000000000000568,1.8058738646973937
Variant I,Watts–Strogatz,DP,Watts–Strogatz,Watts–Strogatz,99,99,True,5,0.021542126067185696,55.000000000000007,52,3.0000000000000071,-3.1538461538461515
Variant I,Watts–Strogatz,DP,Watts–Strogatz,Watts–Strogatz,99,99,False,1,0.0010091538594094729,100,100,0,-5.5999999999999943
Variant I,Watts–Strogatz,DP,Watts–Strogatz,Watts–Strogatz,99,99,False,2,0.0010088635513925137,100,100,0,0.20000000000000018
Variant I,Watts–Strogatz,DP,Watts–Strogatz,Watts–Strogatz,99,99,False,3,0.0010089150262708735,100,100,0,2.4000000000000021
Variant I,Watts–Strogatz,DP,Watts–Strogatz,Watts–Strogatz,99,99,False,4,0.0010089113046879428,100,100,0,2.200000000000002
Variant I,Watts–Strogatz,DP,Watts–Strogatz,Watts–Strogatz,99,99,False,5,0.0010090166966350012,100,100,0,-1.6000000000000014
Variant II,Base (80/20),Baseline,Base (80/20),Base (80/20),2026,2026,True,1,0.0013508004471117774,100,100,0,1.0000000000000009
Variant II,Base (80/20),Baseline,Base (80/20),Base (80/20),2026,2026,True,2,0.0012762798921713836,100,100,0,1.4000000000000012
Variant II,Base (80/20),Baseline,Base (80/20),Base (80/20),2026,2026,True,3,0.0011674034082206353,100,99.599999999999994,0.40000000000000568,-0.19839357429718429
Variant II,Base (80/20),Baseline,Base (80/20),Base (80/20),2026,2026,True,4,0.0010765848872276162,100,99.599999999999994,0.40000000000000568,0.60562248995983392
Variant II,Base (80/20),Baseline,Base (80/20),Base (80/20),2026,2026,True,5,0.0029606007424327618,100,99.400000000000006,0.59999999999999432,0.6072434607645838
Variant II,Base (80/20),Baseline,Base (80/20),Base (80/20),2026,2026,False,1,0.0013508004471117774,100,100,0,1.0000000000000009
Variant II,Base (80/20),Baseline,Base (80/20),Base (80/20),2026,2026,False,2,0.0012762798921713836,100,100,0,1.4000000000000012
Variant II,Base (80/20),Baseline,Base (80/20),Base (80/20),2026,2026,False,3,0.0011674034082206353,100,100,0,-0.20000000000000018
Variant II,Base (80/20),Baseline,Base (80/20),Base (80/20),2026,2026,False,4,0.0010765848872276162,100,100,0,0.60000000000000053
Variant II,Base (80/20),Baseline,Base (80/20),Base (80/20),2026,2026,False,5,0.00098820941516375438,100,100,0,0.60000000000000053
Variant II,Base (80/20),LCF-full,Base (80/20),Base (80/20),2026,2026,True,1,0.0020167038440704887,100,100,0,14.000000000000002
Variant II,Base (80/20),LCF-full,Base (80/20),Base (80/20),2026,2026,True,2,0.0032328075170516835,100,90,10,6.0444444444444407
Variant II,Base (80/20),LCF-full,Base (80/20),Base (80/20),2026,2026,True,3,0.0025650944709777468,100,86.200000000000003,13.799999999999997,2.5842227378190308
Variant II,Base (80/20),LCF-full,Base (80/20),Base (80/20),2026,2026,True,4,0.002305365681648186,100,85.399999999999991,14.600000000000009,1.87353629976581
Variant II,Base (80/20),LCF-full,Base (80/20),Base (80/20),2026,2026,True,5,0.0021091053485871036,100,84.599999999999994,15.400000000000006,0.47281323877068626
Variant II,Base (80/20),LCF-full,Base (80/20),Base (80/20),2026,2026,False,1,0.0020167038440704887,100,100,0,14.000000000000002
Variant II,Base (80/20),LCF-full,Base (80/20),Base (80/20),2026,2026,False,2,0.0014605786800384601,100,100,0,7.9999999999999964
Variant II,Base (80/20),LCF-full,Base (80/20),Base (80/20),2026,2026,False,3,0.0006507097482680857,100,100,0,4.0000000000000036
Variant II,Base (80/20),LCF-full,Base (80/20),Base (80/20),2026,2026,False,4,0.00033355939388268752,100,100,0,3.2000000000000028
Variant II,Base (80/20),LCF-full,Base (80/20),Base (80/20),2026,2026,False,5,0.00011790204048156561,100,100,0,1.2000000000000011
Variant II,Base (80/20),LCF-active,Base (80/20),Base (80/20),2026,2026,True,1,0.0019736331701278864,100,100,0,14.000000000000002
Variant II,Base (80/20),LCF-active,Base (80/20),Base (80/20),2026,2026,True,2,0.0032077835798264287,100,90,10,6.0444444444444407
Variant II,Base (80/20),LCF-active,Base (80/20),Base (80/20),2026,2026,True,3,0.0025512803792953065,100,86.200000000000003,13.799999999999997,2.5842227378190308
Variant II,Base (80/20),LCF-active,Base (80/20),Base (80/20),2026,2026,True,4,0.0022978618144988694,100,85.399999999999991,14.600000000000009,1.87353629976581
Variant II,Base (80/20),LCF-active,Base (80/20),Base (80/20),2026,2026,True,5,0.0021058276891707806,100,84.599999999999994,15.400000000000006,0.47281323877068626
Variant II,Base (80/20),LCF-active,Base (80/20),Base (80/20),2026,2026,False,1,0.0019736331701278864,100,100,0,14.000000000000002
Variant II,Base (80/20),LCF-active,Base (80/20),Base (80/20),2026,2026,False,2,0.0014315854310990028,100,100,0,7.9999999999999964
Variant II,Base (80/20),LCF-active,Base (80/20),Base (80/20),2026,2026,False,3,0.00063476061820977314,100,100,0,4.0000000000000036
Variant II,Base (80/20),LCF-active,Base (80/20),Base (80/20),2026,2026,False,4,0.00032517576217649946,100,100,0,3.2000000000000028
Variant II,Base (80/20),LCF-active,Base (80/20),Base (80/20),2026,2026,False,5,0.00011430335044859685,100,100,0,1.2000000000000011
Variant II,Base (80/20),EO,Base (80/20),Base (80/20),2026,2026,True,1,0.00045737543328550068,100,100,0,1.4000000000000012
Variant II,Base (80/20),EO,Base (80/20),Base (80/20),2026,2026,True,2,0.012304174211428598,84.799999999999997,83,1.7999999999999972,-5.9286201409411206
Variant II,Base (80/20),EO,Base (80/20),Base (80/20),2026,2026,True,3,0.022212734258678479,64.400000000000006,67.800000000000011,3.4000000000000057,-1.6196705692665736
Variant II,Base (80/20),EO,Base (80/20),Base (80/20),2026,2026,True,4,0.022249407647170094,53,56.399999999999991,3.3999999999999915,-4.0479057941924301
Variant II,Base (80/20),EO,Base (80/20),Base (80/20),2026,2026,True,5,0.026260500177336943,44.200000000000003,48.199999999999996,3.9999999999999929,-7.7936951991137926
Variant II,Base (80/20),EO,Base (80/20),Base (80/20),2026,2026,False,1,0.00045737543328550068,100,100,0,1.4000000000000012
Variant II,Base (80/20),EO,Base (80/20),Base (80/20),2026,2026,False,2,0.00045747341079149795,100,100,0,-3.6000000000000032
Variant II,Base (80/20),EO,Base (80/20),Base (80/20),2026,2026,False,3,0.00045740815936801127,100,100,0,-4.3999999999999932
Variant II,Base (80/20),EO,Base (80/20),Base (80/20),2026,2026,False,4,0.00045735689919590428,100,100,0,2.4000000000000021
Variant II,Base (80/20),EO,Base (80/20),Base (80/20),2026,2026,False,5,0.00045743157581601412,100,100,0,-6.399999999999995
Variant II,Base (80/20),DP,Base (80/20),Base (80/20),2026,2026,True,1,0.00083710912761525424,100,100,0,0.80000000000000071
Variant II,Base (80/20),DP,Base (80/20),Base (80/20),2026,2026,True,2,0.0076587353841501837,85.799999999999997,84.799999999999997,1,-2.9362932664819485
Variant II,Base (80/20),DP,Base (80/20),Base (80/20),2026,2026,True,3,0.014790134908984842,68.600000000000009,71.200000000000003,2.5999999999999943,-6.4975267795721825
Variant II,Base (80/20),DP,Base (80/20),Base (80/20),2026,2026,True,4,0.044282152999476021,55.200000000000003,62,6.7999999999999972,1.2575970079476417
Variant II,Base (80/20),DP,Base (80/20),Base (80/20),2026,2026,True,5,0.031716098547246496,48,53,5,-6.9182389937106903
Variant II,Base (80/20),DP,Base (80/20),Base (80/20),2026,2026,False,1,0.00083710912761525424,100,100,0,0.80000000000000071
Variant II,Base (80/20),DP,Base (80/20),Base (80/20),2026,2026,False,2,0.00083745702663295951,100,100,0,0
Variant II,Base (80/20),DP,Base (80/20),Base (80/20),2026,2026,False,3,0.00083755919662620304,100,100,0,-5.9999999999999947
Variant II,Base (80/20),DP,Base (80/20),Base (80/20),2026,2026,False,4,0.00083724175795507616,100,100,0,2.9999999999999916
Variant II,Base (80/20),DP,Base (80/20),Base (80/20),2026,2026,False,5,0.00083758854025328677,100,100,0,-5.3999999999999932
Variant II,Base (80/20),Baseline,Base (80/20),Base (80/20),7,7,True,1,0.0013508004471117774,100,100,0,1.8000000000000016
Variant II,Base (80/20),Baseline,Base (80/20),Base (80/20),7,7,True,2,0.0012753070789930376,100,99.599999999999994,0.40000000000000568,1.2072289156626503
Variant II,Base (80/20),Baseline,Base (80/20),Base (80/20),7,7,True,3,0.0051549316656337441,100,99.200000000000003,0.79999999999999716,1.0112903225806491
Variant II,Base (80/20),Baseline,Base (80/20),Base (80/20),7,7,True,4,0.005080007954330279,100,99.200000000000003,0.79999999999999716,1.6145161290322618
Variant II,Base (80/20),Baseline,Base (80/20),Base (80/20),7,7,True,5,0.005000030033267211,100,99,1,1.6222222222222249
Variant II,Base (80/20),Baseline,Base (80/20),Base (80/20),7,7,False,1,0.0013508004471117774,100,100,0,1.8000000000000016
Variant II,Base (80/20),Baseline,Base (80/20),Base (80/20),7,7,False,2,0.0012753070789930376,100,100,0,1.2000000000000011
Variant II,Base (80/20),Baseline,Base (80/20),Base (80/20),7,7,False,3,0.0011736835267932566,100,100,0,1.0000000000000009
Variant II,Base (80/20),Baseline,Base (80/20),Base (80/20),7,7,False,4,0.0010969579886893621,100,100,0,1.6000000000000014
Variant II,Base (80/20),Baseline,Base (80/20),Base (80/20),7,7,False,5,0.0010153499824828716,100,100,0,1.6000000000000014
Variant II,Base (80/20),LCF-full,Base (80/20),Base (80/20),7,7,True,1,0.0020167038440704887,100,100,0,15.200000000000003
Variant II,Base (80/20),LCF-full,Base (80/20),Base (80/20),7,7,True,2,0.0059456347227097028,100,89.400000000000006,10.599999999999994,7.4299776286353421
Variant II,Base (80/20),LCF-full,Base (80/20),Base (80/20),7,7,True,3,0.010623649477958685,100,85.200000000000003,14.799999999999997,2.8169014084507005
Variant II,Base (80/20),LCF-full,Base (80/20),Base (80/20),7,7,True,4,0.010372248768806491,100,84.799999999999997,15.200000000000003,2.5943396226415061
Variant II,Base (80/20),LCF-full,Base (80/20),Base (80/20),7,7,True,5,0.010128141283988978,100,84,16,0.952380952380949
Variant II,Base (80/20),LCF-full,Base (80/20),Base (80/20),7,7,False,1,0.0020167038440704887,100,100,0,15.200000000000003
Variant II,Base (80/20),LCF-full,Base (80/20),Base (80/20),7,7,False,2,0.0020205140113830344,100,100,0,7.9999999999999964
Variant II,Base (80/20),LCF-full,Base (80/20),Base (80/20),7,7,False,3,0.00076654624938965465,100,100,0,5.2000000000000046
Variant II,Base (80/20),LCF-full,Base (80/20),Base (80/20),7,7,False,4,0.00041862523555757924,100,100,0,4.0000000000000036
Variant II,Base (80/20),LCF-full,Base (80/20),Base (80/20),7,7,False,5,0.00014254808425906429,100,100,0,3.0000000000000027
Variant II,Base (80/20),LCF-active,Base (80/20),Base (80/20),7,7,True,1,0.0019736331701278864,100,100,0,15.200000000000003
Variant II,Base (80/20),LCF-active,Base (80/20),Base (80/20),7,7,True,2,0.0059123742580414751,100,89.400000000000006,10.599999999999994,7.2062639821029117
Variant II,Base (80/20),LCF-active,Base (80/20),Base (80/20),7,7,True,3,0.010609488844871562,100,85.399999999999991,14.600000000000009,2.8103044496487151
Variant II,Base (80/20),LCF-active,Base (80/20),Base (80/20),7,7,True,4,0.010362798690795816,100,85,15,2.352941176470591
Variant II,Base (80/20),LCF-active,Base (80/20),Base (80/20),7,7,True,5,0.010124154567718535,100,84.200000000000003,15.799999999999997,0.95011876484560887
Variant II,Base (80/20),LCF-active,Base (80/20),Base (80/20),7,7,False,1,0.0019736331701278864,100,100,0,15.200000000000003
Variant II,Base (80/20),LCF-active,Base (80/20),Base (80/20),7,7,False,2,0.0019859464168549001,100,100,0,7.7999999999999954
Variant II,Base (80/20),LCF-active,Base (80/20),Base (80/20),7,7,False,3,0.0007495917081833392,100,100,0,5.2000000000000046
Variant II,Base (80/20),LCF-active,Base (80/20),Base (80/20),7,7,False,4,0.00040801167488091483,100,100,0,3.8000000000000034
Variant II,Base (80/20),LCF-active,Base (80/20),Base (80/20),7,7,False,5,0.00013812744617469619,100,100,0,3.0000000000000027
Variant II,Base (80/20),EO,Base (80/20),Base (80/20),7,7,True,1,0.00045737543328550068,100,100,0,2.4000000000000021
Variant II,Base (80/20),EO,Base (80/20),Base (80/20),7,7,True,2,0.0096751541659979567,85.200000000000003,83.799999999999997,1.4000000000000057,-3.9698813405492639
Variant II,Base (80/20),EO,Base (80/20),Base (80/20),7,7,True,3,0.00025853869860398282,66.799999999999997,66.799999999999997,0,-2.6946107784431073
Variant II,Base (80/20),EO,Base (80/20),Base (80/20),7,7,True,4,0.019718191696099008,53.800000000000004,56.799999999999997,2.9999999999999929,-0.14398659615687537
Variant II,Base (80/20),EO,Base (80/20),Base (80/20),7,7,True,5,0.030373319631901818,43.200000000000003,47.799999999999997,4.5999999999999943,1.9913218657988563
Variant II,Base (80/20),EO,Base (80/20),Base (80/20),7,7,False,1,0.00045737543328550068,100,100,0,2.4000000000000021
Variant II,Base (80/20),EO,Base (80/20),Base (80/20),7,7,False,2,0.00045748741136397708,100,100,0,-4.5999999999999925
Variant II,Base (80/20),EO,Base (80/20),Base (80/20),7,7,False,3,0.00045739882544459931,100,100,0,-2.200000000000002
Variant II,Base (80/20),EO,Base (80/20),Base (80/20),7,7,False,4,0.0004574128506471542,100,100,0,-0.60000000000000053
Variant II,Base (80/20),EO,Base (80/20),Base (80/20),7,7,False,5,0.00045742687478866895,100,100,0,3.400000000000003
Variant II,Base (80/20),DP,Base (80/20),Base (80/20),7,7,True,1,0.00083710912761525424,100,100,0,0.80000000000000071
Variant II,Base (80/20),DP,Base (80/20),Base (80/20),7,7,True,2,0.0035124150789688224,86.599999999999994,86.599999999999994,0,-4.6189376443418029
Variant II,Base (80/20),DP,Base (80/20),Base (80/20),7,7,True,3,0.0079462527733701327,70.199999999999989,71.799999999999997,1.6000000000000085,-1.8316152020887433
Variant II,Base (80/20),DP,Base (80/20),Base (80/20),7,7,True,4,0.016509400463376789,58.599999999999994,61.199999999999996,2.6000000000000014,0.27102991367194962
Variant II,Base (80/20),DP,Base (80/20),Base (80/20),7,7,True,5,0.029223886707199276,47.399999999999999,52,4.6000000000000014,2.3872119441739725
Variant II,Base (80/20),DP,Base (80/20),Base (80/20),7,7,False,1,0.00083710912761525424,100,100,0,0.80000000000000071
Variant II,Base (80/20),DP,Base (80/20),Base (80/20),7,7,False,2,0.00083752653411461875,100,100,0,-3.6000000000000032
Variant II,Base (80/20),DP,Base (80/20),Base (80/20),7,7,False,3,0.00083733207502012519,100,100,0,-2.399999999999991
Variant II,Base (80/20),DP,Base (80/20),Base (80/20),7,7,False,4,0.00083736497345232586,100,100,0,0.60000000000000053
Variant II,Base (80/20),DP,Base (80/20),Base (80/20),7,7,False,5,0.00083753786974938293,100,100,0,2.399999999999991
Variant II,Base (80/20),Baseline,Base (80/20),Base (80/20),13,13,True,1,0.0013508004471117774,100,100,0,1.4000000000000012
Variant II,Base (80/20),Baseline,Base (80/20),Base (80/20),13,13,True,2,0.0012819884260202308,100,100,0,-0.20000000000000018
Variant II,Base (80/20),Baseline,Base (80/20),Base (80/20),13,13,True,3,0.0028031395475970333,99.599999999999994,100,0.40000000000000568,0.20000000000000018
Variant II,Base (80/20),Baseline,Base (80/20),Base (80/20),13,13,True,4,0.0028992674129957319,99.599999999999994,100,0.40000000000000568,1.3991967871485933
Variant II,Base (80/20),Baseline,Base (80/20),Base (80/20),13,13,True,5,0.0029764928011856151,99.599999999999994,100,0.40000000000000568,0.79919678714859277
Variant II,Base (80/20),Baseline,Base (80/20),Base (80/20),13,13,False,1,0.0013508004471117774,100,100,0,1.4000000000000012
Variant II,Base (80/20),Baseline,Base (80/20),Base (80/20),13,13,False,2,0.0012819884260202308,100,100,0,-0.20000000000000018
Variant II,Base (80/20),Baseline,Base (80/20),Base (80/20),13,13,False,3,0.0011646821495018278,100,100,0,0.20000000000000018
Variant II,Base (80/20),Baseline,Base (80/20),Base (80/20),13,13,False,4,0.0010716139343980302,100,100,0,1.4000000000000012
Variant II,Base (80/20),Baseline,Base (80/20),Base (80/20),13,13,False,5,0.00099716237785107964,100,100,0,0.80000000000000071
Variant II,Base (80/20),LCF-full,Base (80/20),Base (80/20),13,13,True,1,0.0020167038440704887,100,100,0,12.800000000000001
Variant II,Base (80/20),LCF-full,Base (80/20),Base (80/20),13,13,True,2,0.0022648186683654759,99.799999999999997,89,10.799999999999997,7.3126027335570054
Variant II,Base (80/20),LCF-full,Base (80/20),Base (80/20),13,13,True,3,0.006934912204742405,99.599999999999994,85,14.599999999999994,1.8823529411764683
Variant II,Base (80/20),LCF-full,Base (80/20),Base (80/20),13,13,True,4,0.0076001321077345807,99.599999999999994,84.799999999999997,14.799999999999997,2.8301886792452824
Variant II,Base (80/20),LCF-full,Base (80/20),Base (80/20),13,13,True,5,0.0078154128789901245,99.599999999999994,83.799999999999997,15.799999999999997,0.71599045346062429
Variant II,Base (80/20),LCF-full,Base (80/20),Base (80/20),13,13,False,1,0.0020167038440704887,100,100,0,12.800000000000001
Variant II,Base (80/20),LCF-full,Base (80/20),Base (80/20),13,13,False,2,0.0016976217031479113,100,100,0,8.9999999999999964
Variant II,Base (80/20),LCF-full,Base (80/20),Base (80/20),13,13,False,3,0.0010147074460983285,100,100,0,3.400000000000003
Variant II,Base (80/20),LCF-full,Base (80/20),Base (80/20),13,13,False,4,0.00038424921035773441,100,100,0,3.8000000000000034
Variant II,Base (80/20),LCF-full,Base (80/20),Base (80/20),13,13,False,5,0.00017981171607972524,100,100,0,2.4000000000000021
Variant II,Base (80/20),LCF-active,Base (80/20),Base (80/20),13,13,True,1,0.0019736331701278864,100,100,0,12.6
Variant II,Base (80/20),LCF-active,Base (80/20),Base (80/20),13,13,True,2,0.0022949632406233933,99.799999999999997,89.400000000000006,10.399999999999991,7.2754009136841935
Variant II,Base (80/20),LCF-active,Base (80/20),Base (80/20),13,13,True,3,0.006961821198463447,99.599999999999994,85.399999999999991,14.200000000000003,1.6393442622950838
Variant II,Base (80/20),LCF-active,Base (80/20),Base (80/20),13,13,True,4,0.0076123366355895783,99.599999999999994,85.200000000000003,14.399999999999991,2.8169014084507005
Variant II,Base (80/20),LCF-active,Base (80/20),Base (80/20),13,13,True,5,0.0078288408517837027,99.599999999999994,84.200000000000003,15.399999999999991,0.71258907363420665
Variant II,Base (80/20),LCF-active,Base (80/20),Base (80/20),13,13,False,1,0.0019736331701278864,100,100,0,12.6
Variant II,Base (80/20),LCF-active,Base (80/20),Base (80/20),13,13,False,2,0.0016680922508239826,100,100,0,8.9999999999999964
Variant II,Base (80/20),LCF-active,Base (80/20),Base (80/20),13,13,False,3,0.00098910820484165995,100,100,0,3.2000000000000028
Variant II,Base (80/20),LCF-active,Base (80/20),Base (80/20),13,13,False,4,0.00037253022193906027,100,100,0,3.8000000000000034
Variant II,Base (80/20),LCF-active,Base (80/20),Base (80/20),13,13,False,5,0.00016655504703522173,100,100,0,2.4000000000000021
Variant II,Base (80/20),EO,Base (80/20),Base (80/20),13,13,True,1,0.00045737543328550068,100,100,0,0.20000000000000018
Variant II,Base (80/20),EO,Base (80/20),Base (80/20),13,13,True,2,0.0083571400006791086,84.399999999999991,83.200000000000003,1.1999999999999886,-5.4525154939846887
Variant II,Base (80/20),EO,Base (80/20),Base (80/20),13,13,True,3,0.024837543153792496,63.800000000000004,68,4.1999999999999957,-0.81781301862438038
Variant II,Base (80/20),EO,Base (80/20),Base (80/20),13,13,True,4,0.030198003323682776,51,55.600000000000009,4.6000000000000085,4.0442939765834351
Variant II,Base (80/20),EO,Base (80/20),Base (80/20),13,13,True,5,0.02364383304716039,42.399999999999999,46,3.6000000000000014,-10.529122231337162
Variant II,Base (80/20),EO,Base (80/20),Base (80/20),13,13,False,1,0.00045737543328550068,100,100,0,0.20000000000000018
Variant II,Base (80/20),EO,Base (80/20),Base (80/20),13,13,False,2,0.00045745476227376791,100,100,0,-4.0000000000000036
Variant II,Base (80/20),EO,Base (80/20),Base (80/20),13,13,False,3,0.00045739417264556437,100,100,0,-3.0000000000000027
Variant II,Base (80/20),EO,Base (80/20),Base (80/20),13,13,False,4,0.00045736155465336825,100,100,0,2.6000000000000023
Variant II,Base (80/20),EO,Base (80/20),Base (80/20),13,13,False,5,0.00045745487263115781,100,100,0,-3.8000000000000034
Variant II,Base (80/20),DP,Base (80/20),Base (80/20),13,13,True,1,0.00083710912761525424,100,100,0,1.8000000000000016
Variant II,Base (80/20),DP,Base (80/20),Base (80/20),13,13,True,2,0.027413751682760057,85.599999999999994,82,3.5999999999999943,-4.1634374287668034
Variant II,Base (80/20),DP,Base (80/20),Base (80/20),13,13,True,3,0.0035207531742459941,69,70,1,-0.97722567287784612
Variant II,Base (80/20),DP,Base (80/20),Base (80/20),13,13,True,4,0.012060696273190064,56.599999999999994,59,2.4000000000000057,2.8316464035455402
Variant II,Base (80/20),DP,Base (80/20),Base (80/20),13,13,True,5,0.0092999622793440428,47.399999999999999,49.600000000000001,2.2000000000000028,-8.8301347488770947
Variant II,Base (80/20),DP,Base (80/20),Base (80/20),13,13,False,1,0.00083710912761525424,100,100,0,1.8000000000000016
Variant II,Base (80/20),DP,Base (80/20),Base (80/20),13,13,False,2,0.00083756144160729296,100,100,0,-2.5999999999999912
Variant II,Base (80/20),DP,Base (80/20),Base (80/20),13,13,False,3,0.00083743637276645355,100,100,0,-2.0000000000000018
Variant II,Base (80/20),DP,Base (80/20),Base (80/20),13,13,False,4,0.00083741695633898772,100,100,0,2.8000000000000025
Variant II,Base (80/20),DP,Base (80/20),Base (80/20),13,13,False,5,0.00083778189498506794,100,100,0,-4.3999999999999932
Variant II,Base (80/20),Baseline,Base (80/20),Base (80/20),42,42,True,1,0.0013508004471117774,100,100,0,0.60000000000000053
Variant II,Base (80/20),Baseline,Base (80/20),Base (80/20),42,42,True,2,0.0012815809688296875,100,100,0,1.6000000000000014
Variant II,Base (80/20),Baseline,Base (80/20),Base (80/20),42,42,True,3,0.0011687292417053019,100,100,0,0.40000000000000036
Variant II,Base (80/20),Baseline,Base (80/20),Base (80/20),42,42,True,4,0.0010799362858271433,100,100,0,1.2000000000000011
Variant II,Base (80/20),Baseline,Base (80/20),Base (80/20),42,42,True,5,0.0010102700980936241,100,99.599999999999994,0.40000000000000568,0.60240963855421326
Variant II,Base (80/20),Baseline,Base (80/20),Base (80/20),42,42,False,1,0.0013508004471117774,100,100,0,0.60000000000000053
Variant II,Base (80/20),Baseline,Base (80/20),Base (80/20),42,42,False,2,0.0012815809688296875,100,100,0,1.6000000000000014
Variant II,Base (80/20),Baseline,Base (80/20),Base (80/20),42,42,False,3,0.0011687292417053019,100,100,0,0.40000000000000036
Variant II,Base (80/20),Baseline,Base (80/20),Base (80/20),42,42,False,4,0.0010799362858271433,100,100,0,1.2000000000000011
Variant II,Base (80/20),Baseline,Base (80/20),Base (80/20),42,42,False,5,0.0010102700980936241,100,100,0,0.60000000000000053
Variant II,Base (80/20),LCF-full,Base (80/20),Base (80/20),42,42,True,1,0.0020167038440704887,100,100,0,10.199999999999998
Variant II,Base (80/20),LCF-full,Base (80/20),Base (80/20),42,42,True,2,0.0013199232816696327,100,92.400000000000006,7.5999999999999943,7.5757575757575797
Variant II,Base (80/20),LCF-full,Base (80/20),Base (80/20),42,42,True,3,0.00070061159133905093,100,89.400000000000006,10.599999999999994,1.1185682326621871
Variant II,Base (80/20),LCF-full,Base (80/20),Base (80/20),42,42,True,4,0.00035205996036524745,100,89.400000000000006,10.599999999999994,1.1185682326621871
Variant II,Base (80/20),LCF-full,Base (80/20),Base (80/20),42,42,True,5,0.00016577935218808904,100,89.400000000000006,10.599999999999994,0.22371364653244186
Variant II,Base (80/20),LCF-full,Base (80/20),Base (80/20),42,42,False,1,0.0020167038440704887,100,100,0,10.199999999999998
Variant II,Base (80/20),LCF-full,Base (80/20),Base (80/20),42,42,False,2,0.0013199232816696327,100,100,0,8.7999999999999972
Variant II,Base (80/20),LCF-full,Base (80/20),Base (80/20),42,42,False,3,0.00070061159133905093,100,100,0,4.0000000000000036
Variant II,Base (80/20),LCF-full,Base (80/20),Base (80/20),42,42,False,4,0.00035205996036524745,100,100,0,2.200000000000002
Variant II,Base (80/20),LCF-full,Base (80/20),Base (80/20),42,42,False,5,0.00016577935218808904,100,100,0,1.6000000000000014
Variant II,Base (80/20),LCF-active,Base (80/20),Base (80/20),42,42,True,1,0.0019736331701278864,100,100,0,10.199999999999998
Variant II,Base (80/20),LCF-active,Base (80/20),Base (80/20),42,42,True,2,0.0012932025194168917,100,92.400000000000006,7.5999999999999943,7.5757575757575797
Variant II,Base (80/20),LCF-active,Base (80/20),Base (80/20),42,42,True,3,0.00068442475795749136,100,89.400000000000006,10.599999999999994,1.1185682326621871
Variant II,Base (80/20),LCF-active,Base (80/20),Base (80/20),42,42,True,4,0.00034262084960934303,100,89.400000000000006,10.599999999999994,1.1185682326621871
Variant II,Base (80/20),LCF-active,Base (80/20),Base (80/20),42,42,True,5,0.00016056609153747292,100,89.400000000000006,10.599999999999994,0.22371364653244186
Variant II,Base (80/20),LCF-active,Base (80/20),Base (80/20),42,42,False,1,0.0019736331701278864,100,100,0,10.199999999999998
Variant II,Base (80/20),LCF-active,Base (80/20),Base (80/20),42,42,False,2,0.0012932025194168917,100,100,0,8.7999999999999972
Variant II,Base (80/20),LCF-active,Base (80/20),Base (80/20),42,42,False,3,0.00068442475795749136,100,100,0,4.0000000000000036
Variant II,Base (80/20),LCF-active,Base (80/20),Base (80/20),42,42,False,4,0.00034262084960934303,100,100,0,2.200000000000002
Variant II,Base (80/20),LCF-active,Base (80/20),Base (80/20),42,42,False,5,0.00016056609153747292,100,100,0,1.6000000000000014
Variant II,Base (80/20),EO,Base (80/20),Base (80/20),42,42,True,1,0.00045737543328550068,100,100,0,-5.9999999999999947
Variant II,Base (80/20),EO,Base (80/20),Base (80/20),42,42,True,2,0.05270071362881068,78.600000000000009,86.799999999999997,8.1999999999999886,0.36936715094804118
Variant II,Base (80/20),EO,Base (80/20),Base (80/20),42,42,True,3,0.044842169107733421,62.600000000000001,69.599999999999994,6.9999999999999929,-2.1620579486614555
Variant II,Base (80/20),EO,Base (80/20),Base (80/20),42,42,True,4,0.035626042713144346,51.200000000000003,56.799999999999997,5.5999999999999943,1.9641285211267623
Variant II,Base (80/20),EO,Base (80/20),Base (80/20),42,42,True,5,0.031647609650879482,42.799999999999997,47.799999999999997,5,7.5763500567004316
Variant II,Base (80/20),EO,Base (80/20),Base (80/20),42,42,False,1,0.00045737543328550068,100,100,0,-5.9999999999999947
Variant II,Base (80/20),EO,Base (80/20),Base (80/20),42,42,False,2,0.00045728684583346002,100,100,0,1.6000000000000014
Variant II,Base (80/20),EO,Base (80/20),Base (80/20),42,42,False,3,0.00045734751325332557,100,100,0,-1.8000000000000016
Variant II,Base (80/20),EO,Base (80/20),Base (80/20),42,42,False,4,0.00045729624115986578,100,100,0,-2.7999999999999914
Variant II,Base (80/20),EO,Base (80/20),Base (80/20),42,42,False,5,0.00045731493295497749,100,100,0,1.7999999999999905
Variant II,Base (80/20),DP,Base (80/20),Base (80/20),42,42,True,1,0.00083710912761525424,100,100,0,-5.3999999999999932
Variant II,Base (80/20),DP,Base (80/20),Base (80/20),42,42,True,2,0.035787719547768937,81.399999999999991,86.799999999999997,5.4000000000000057,0.3476035734100158
Variant II,Base (80/20),DP,Base (80/20),Base (80/20),42,42,True,3,0.041548980625813803,65.600000000000009,72,6.3999999999999915,-0.047425474254747524
Variant II,Base (80/20),DP,Base (80/20),Base (80/20),42,42,True,4,0.026149003575565599,55.600000000000009,59.799999999999997,4.1999999999999886,4.5607661028367996
Variant II,Base (80/20),DP,Base (80/20),Base (80/20),42,42,True,5,0.0037704420562590379,50.200000000000003,50.799999999999997,0.59999999999999432,6.4199893340025742
Variant II,Base (80/20),DP,Base (80/20),Base (80/20),42,42,False,1,0.00083710912761525424,100,100,0,-5.3999999999999932
Variant II,Base (80/20),DP,Base (80/20),Base (80/20),42,42,False,2,0.00083687986881353371,100,100,0,-0.60000000000000053
Variant II,Base (80/20),DP,Base (80/20),Base (80/20),42,42,False,3,0.00083693013843466613,100,100,0,-0.40000000000000036
Variant II,Base (80/20),DP,Base (80/20),Base (80/20),42,42,False,4,0.00083687533859155838,100,100,0,-2.4000000000000021
Variant II,Base (80/20),DP,Base (80/20),Base (80/20),42,42,False,5,0.0008369606303921806,100,100,0,1.8000000000000016
Variant II,Base (80/20),Baseline,Base (80/20),Base (80/20),99,99,True,1,0.0013508004471117774,100,100,0,1.2000000000000011
Variant II,Base (80/20),Baseline,Base (80/20),Base (80/20),99,99,True,2,0.0046667736576208041,99.400000000000006,100,0.59999999999999432,2.3987927565392364
Variant II,Base (80/20),Baseline,Base (80/20),Base (80/20),99,99,True,3,0.0027845811359403783,99.400000000000006,99,0.40000000000000568,0.60768652317947369
Variant II,Base (80/20),Baseline,Base (80/20),Base (80/20),99,99,True,4,0.0028648590440573107,99.400000000000006,99,0.40000000000000568,1.6177875332804903
Variant II,Base (80/20),Baseline,Base (80/20),Base (80/20),99,99,True,5,0.00097025895378322069,99.400000000000006,98.799999999999997,0.60000000000000853,-0.39874876791110569
Variant II,Base (80/20),Baseline,Base (80/20),Base (80/20),99,99,False,1,0.0013508004471117774,100,100,0,1.2000000000000011
Variant II,Base (80/20),Baseline,Base (80/20),Base (80/20),99,99,False,2,0.0012839309486234463,100,100,0,2.4000000000000021
Variant II,Base (80/20),Baseline,Base (80/20),Base (80/20),99,99,False,3,0.0011843454678478471,100,100,0,0.60000000000000053
Variant II,Base (80/20),Baseline,Base (80/20),Base (80/20),99,99,False,4,0.001107019243520635,100,100,0,1.6000000000000014
Variant II,Base (80/20),Baseline,Base (80/20),Base (80/20),99,99,False,5,0.0010200711320520472,100,100,0,-0.40000000000000036
Variant II,Base (80/20),LCF-full,Base (80/20),Base (80/20),99,99,True,1,0.0020167038440704887,100,100,0,14.400000000000002
Variant II,Base (80/20),LCF-full,Base (80/20),Base (80/20),99,99,True,2,0.0056674196720122305,99.599999999999994,88,11.599999999999994,6.1363636363636402
Variant II,Base (80/20),LCF-full,Base (80/20),Base (80/20),99,99,True,3,0.0074390542507172253,99.599999999999994,84.799999999999997,14.799999999999997,1.9218382965825564
Variant II,Base (80/20),LCF-full,Base (80/20),Base (80/20),99,99,True,4,0.0071745433807373082,99.599999999999994,84.200000000000003,15.399999999999991,0.95011876484560887
Variant II,Base (80/20),LCF-full,Base (80/20),Base (80/20),99,99,True,5,0.0081007744073867682,99.599999999999994,84.200000000000003,15.399999999999991,0.23752969121140222
Variant II,Base (80/20),LCF-full,Base (80/20),Base (80/20),99,99,False,1,0.0020167038440704887,100,100,0,14.400000000000002
Variant II,Base (80/20),LCF-full,Base (80/20),Base (80/20),99,99,False,2,0.0021901919841765816,100,100,0,8.5999999999999961
Variant II,Base (80/20),LCF-full,Base (80/20),Base (80/20),99,99,False,3,0.0017588382959365934,100,100,0,5.0000000000000044
Variant II,Base (80/20),LCF-full,Base (80/20),Base (80/20),99,99,False,4,0.0012828618288039939,100,100,0,4.0000000000000036
Variant II,Base (80/20),LCF-full,Base (80/20),Base (80/20),99,99,False,5,0.0010720306634902643,100,100,0,1.4000000000000012
Variant II,Base (80/20),LCF-active,Base (80/20),Base (80/20),99,99,True,1,0.0019736331701278864,100,100,0,14.600000000000001
Variant II,Base (80/20),LCF-active,Base (80/20),Base (80/20),99,99,True,2,0.0056257417201995841,99.599999999999994,88,11.599999999999994,6.1363636363636402
Variant II,Base (80/20),LCF-active,Base (80/20),Base (80/20),99,99,True,3,0.0074203734397888521,99.599999999999994,84.799999999999997,14.799999999999997,1.9218382965825564
Variant II,Base (80/20),LCF-active,Base (80/20),Base (80/20),99,99,True,4,0.0071633496284484455,99.599999999999994,84.200000000000003,15.399999999999991,0.95011876484560887
Variant II,Base (80/20),LCF-active,Base (80/20),Base (80/20),99,99,True,5,0.0080971825122833074,99.599999999999994,84.200000000000003,15.399999999999991,0.23752969121140222
Variant II,Base (80/20),LCF-active,Base (80/20),Base (80/20),99,99,False,1,0.0019736331701278864,100,100,0,14.600000000000001
Variant II,Base (80/20),LCF-active,Base (80/20),Base (80/20),99,99,False,2,0.0021412816047668981,100,100,0,8.5999999999999961
Variant II,Base (80/20),LCF-active,Base (80/20),Base (80/20),99,99,False,3,0.0017339968681334694,100,100,0,4.8000000000000043
Variant II,Base (80/20),LCF-active,Base (80/20),Base (80/20),99,99,False,4,0.0012688783407212023,100,100,0,4.0000000000000036
Variant II,Base (80/20),LCF-active,Base (80/20),Base (80/20),99,99,False,5,0.0010640290975570954,100,100,0,1.4000000000000012
Variant II,Base (80/20),EO,Base (80/20),Base (80/20),99,99,True,1,0.00045737543328550068,100,100,0,4.0000000000000036
Variant II,Base (80/20),EO,Base (80/20),Base (80/20),99,99,True,2,0.030840074045684451,85.799999999999997,81.200000000000003,4.5999999999999943,0.90311986863710336
Variant II,Base (80/20),EO,Base (80/20),Base (80/20),99,99,True,3,0.025393275811347038,68,64.200000000000003,3.7999999999999972,2.3135422393256388
Variant II,Base (80/20),EO,Base (80/20),Base (80/20),99,99,True,4,0.017413750511815096,54.600000000000001,52,2.6000000000000014,-5.9340659340659352
Variant II,Base (80/20),EO,Base (80/20),Base (80/20),99,99,True,5,0.002811884920391361,45.399999999999999,45,0.39999999999999858,-2.7978463044542323
Variant II,Base (80/20),EO,Base (80/20),Base (80/20),99,99,False,1,0.00045737543328550068,100,100,0,4.0000000000000036
Variant II,Base (80/20),EO,Base (80/20),Base (80/20),99,99,False,2,0.00045754337693715286,100,100,0,0.20000000000000018
Variant II,Base (80/20),EO,Base (80/20),Base (80/20),99,99,False,3,0.00045756673335028974,100,100,0,-0.20000000000000018
Variant II,Base (80/20),EO,Base (80/20),Base (80/20),99,99,False,4,0.00045764606024734089,100,100,0,-4.7999999999999936
Variant II,Base (80/20),EO,Base (80/20),Base (80/20),99,99,False,5,0.00045758545559826391,100,100,0,-4.7999999999999936
Variant II,Base (80/20),DP,Base (80/20),Base (80/20),99,99,True,1,0.00083710912761525424,100,100,0,3.1999999999999917
Variant II,Base (80/20),DP,Base (80/20),Base (80/20),99,99,True,2,0.025902781282991949,87,83.799999999999997,3.2000000000000028,-1.4841028173264159
Variant II,Base (80/20),DP,Base (80/20),Base (80/20),99,99,True,3,0.015818184387181022,70.599999999999994,69,1.5999999999999943,1.5658742866527131
Variant II,Base (80/20),DP,Base (80/20),Base (80/20),99,99,True,4,0.018558470341276057,59.599999999999994,57.599999999999994,2,-7.5852908277404874
Variant II,Base (80/20),DP,Base (80/20),Base (80/20),99,99,True,5,0.0010383780757615146,51.399999999999999,51.800000000000004,0.40000000000000568,-4.8795877589651866
Variant II,Base (80/20),DP,Base (80/20),Base (80/20),99,99,False,1,0.00083710912761525424,100,100,0,3.1999999999999917
Variant II,Base (80/20),DP,Base (80/20),Base (80/20),99,99,False,2,0.00083768443022969041,100,100,0,-0.20000000000000018
Variant II,Base (80/20),DP,Base (80/20),Base (80/20),99,99,False,3,0.00083780472891314961,100,100,0,-0.40000000000000036
Variant II,Base (80/20),DP,Base (80/20),Base (80/20),99,99,False,4,0.00083808235843141343,100,100,0,-6.199999999999994
Variant II,Base (80/20),DP,Base (80/20),Base (80/20),99,99,False,5,0.00083771306288782377,100,100,0,-4.1999999999999922
Variant II,Erdős–Rényi,Baseline,Erdős–Rényi,Erdős–Rényi,2026,2026,True,1,0.0013479805372826892,100,100,0,1.0000000000000009
Variant II,Erdős–Rényi,Baseline,Erdős–Rényi,Erdős–Rényi,2026,2026,True,2,0.0012738632782993697,100,100,0,1.4000000000000012
Variant II,Erdős–Rényi,Baseline,Erdős–Rényi,Erdős–Rényi,2026,2026,True,3,0.0051494059307923834,100,99.599999999999994,0.40000000000000568,-0.19839357429718429
Variant II,Erdős–Rényi,Baseline,Erdős–Rényi,Erdős–Rényi,2026,2026,True,4,0.0050605615043622931,100,99.599999999999994,0.40000000000000568,0.60562248995983392
Variant II,Erdős–Rényi,Baseline,Erdős–Rényi,Erdős–Rényi,2026,2026,True,5,0.0069463886522522778,100,99.400000000000006,0.59999999999999432,0.6072434607645838
Variant II,Erdős–Rényi,Baseline,Erdős–Rényi,Erdős–Rényi,2026,2026,False,1,0.0013479805372826892,100,100,0,1.0000000000000009
Variant II,Erdős–Rényi,Baseline,Erdős–Rényi,Erdős–Rényi,2026,2026,False,2,0.0012738632782993697,100,100,0,1.4000000000000012
Variant II,Erdős–Rényi,Baseline,Erdős–Rényi,Erdős–Rényi,2026,2026,False,3,0.0011655151143601383,100,100,0,-0.20000000000000018
Variant II,Erdős–Rényi,Baseline,Erdős–Rényi,Erdős–Rényi,2026,2026,False,4,0.0010751252019811641,100,100,0,0.60000000000000053
Variant II,Erdős–Rényi,Baseline,Erdős–Rényi,Erdős–Rényi,2026,2026,False,5,0.0009871361874264073,100,100,0,0.60000000000000053
Variant II,Erdős–Rényi,LCF-full,Erdős–Rényi,Erdős–Rényi,2026,2026,True,1,0.00201619589328772,100,100,0,14.000000000000002
Variant II,Erdős–Rényi,LCF-full,Erdős–Rényi,Erdős–Rényi,2026,2026,True,2,0.0032323317527771511,100,92.400000000000006,7.5999999999999943,6.7428571428571393
Variant II,Erdős–Rényi,LCF-full,Erdős–Rényi,Erdős–Rényi,2026,2026,True,3,0.0065388227701186352,100,89,11,3.1707865168539295
Variant II,Erdős–Rényi,LCF-full,Erdős–Rényi,Erdős–Rényi,2026,2026,True,4,0.0062971416711807837,100,88.200000000000003,11.799999999999997,2.2675736961451198
Variant II,Erdős–Rényi,LCF-full,Erdős–Rényi,Erdős–Rényi,2026,2026,True,5,0.0061065214872360052,100,87.400000000000006,12.599999999999994,0.68649885583523806
Variant II,Erdős–Rényi,LCF-full,Erdős–Rényi,Erdős–Rényi,2026,2026,False,1,0.00201619589328772,100,100,0,14.000000000000002
Variant II,Erdős–Rényi,LCF-full,Erdős–Rényi,Erdős–Rényi,2026,2026,False,2,0.0014600745439529161,100,100,0,7.9999999999999964
Variant II,Erdős–Rényi,LCF-full,Erdős–Rényi,Erdős–Rényi,2026,2026,False,3,0.00065021681785581986,100,100,0,4.0000000000000036
Variant II,Erdős–Rényi,LCF-full,Erdős–Rényi,Erdős–Rényi,2026,2026,False,4,0.00033324623107910956,100,100,0,3.2000000000000028
Variant II,Erdős–Rényi,LCF-full,Erdős–Rényi,Erdős–Rényi,2026,2026,False,5,0.00011772406101229205,100,100,0,1.2000000000000011
Variant II,Erdős–Rényi,LCF-active,Erdős–Rényi,Erdős–Rényi,2026,2026,True,1,0.0019758735895156754,100,100,0,14.000000000000002
Variant II,Erdős–Rényi,LCF-active,Erdős–Rényi,Erdős–Rényi,2026,2026,True,2,0.0032090755701065232,100,92.400000000000006,7.5999999999999943,6.7428571428571393
Variant II,Erdős–Rényi,LCF-active,Erdős–Rényi,Erdős–Rényi,2026,2026,True,3,0.006525076031684951,100,89,11,3.1707865168539295
Variant II,Erdős–Rényi,LCF-active,Erdős–Rényi,Erdős–Rényi,2026,2026,True,4,0.0062895275354385438,100,88.200000000000003,11.799999999999997,2.2675736961451198
Variant II,Erdős–Rényi,LCF-active,Erdős–Rényi,Erdős–Rényi,2026,2026,True,5,0.0061028485298156854,100,87.400000000000006,12.599999999999994,0.68649885583523806
Variant II,Erdős–Rényi,LCF-active,Erdős–Rényi,Erdős–Rényi,2026,2026,False,1,0.0019758735895156754,100,100,0,14.000000000000002
Variant II,Erdős–Rényi,LCF-active,Erdős–Rényi,Erdős–Rényi,2026,2026,False,2,0.0014333987236022638,100,100,0,7.9999999999999964
Variant II,Erdős–Rényi,LCF-active,Erdős–Rényi,Erdős–Rényi,2026,2026,False,3,0.00063378882408149373,100,100,0,4.0000000000000036
Variant II,Erdős–Rényi,LCF-active,Erdős–Rényi,Erdős–Rényi,2026,2026,False,4,0.00032442653179165504,100,100,0,3.2000000000000028
Variant II,Erdős–Rényi,LCF-active,Erdős–Rényi,Erdős–Rényi,2026,2026,False,5,0.00011358106136316604,100,100,0,1.2000000000000011
Variant II,Erdős–Rényi,EO,Erdős–Rényi,Erdős–Rényi,2026,2026,True,1,0.00045553834550482453,100,100,0,1.4000000000000012
Variant II,Erdős–Rényi,EO,Erdős–Rényi,Erdős–Rényi,2026,2026,True,2,0.024234138942318961,87.799999999999997,84.200000000000003,3.5999999999999943,-5.7467035315633126
Variant II,Erdős–Rényi,EO,Erdős–Rényi,Erdős–Rényi,2026,2026,True,3,0.036844566796413292,64.400000000000006,70,5.5999999999999943,-2.0621118012422279
Variant II,Erdős–Rényi,EO,Erdős–Rényi,Erdős–Rényi,2026,2026,True,4,0.02624662607274586,55.000000000000007,59.199999999999996,4.1999999999999886,2.4336609336609416
Variant II,Erdős–Rényi,EO,Erdős–Rényi,Erdős–Rényi,2026,2026,True,5,0.0050596580713286321,46.800000000000004,47.599999999999994,0.79999999999999005,-9.4555771026359263
Variant II,Erdős–Rényi,EO,Erdős–Rényi,Erdős–Rényi,2026,2026,False,1,0.00045553834550482453,100,100,0,1.4000000000000012
Variant II,Erdős–Rényi,EO,Erdős–Rényi,Erdős–Rényi,2026,2026,False,2,0.00045563550180716117,100,100,0,-3.6000000000000032
Variant II,Erdős–Rényi,EO,Erdős–Rényi,Erdős–Rényi,2026,2026,False,3,0.00045557079692692959,100,100,0,-4.3999999999999932
Variant II,Erdős–Rényi,EO,Erdős–Rényi,Erdős–Rényi,2026,2026,False,4,0.00045551996606196798,100,100,0,2.4000000000000021
Variant II,Erdős–Rényi,EO,Erdős–Rényi,Erdős–Rényi,2026,2026,False,5,0.00045559401663530785,100,100,0,-6.399999999999995
Variant II,Erdős–Rényi,DP,Erdős–Rényi,Erdős–Rényi,2026,2026,True,1,0.0008337875380226567,100,100,0,0.80000000000000071
Variant II,Erdős–Rényi,DP,Erdős–Rényi,Erdős–Rényi,2026,2026,True,2,0.01188479416235011,89,87.400000000000006,1.5999999999999943,-1.5000128557838166
Variant II,Erdős–Rényi,DP,Erdős–Rényi,Erdős–Rényi,2026,2026,True,3,0.0033999702026329404,72,71.599999999999994,0.40000000000000568,-8.1921166977032893
Variant II,Erdős–Rényi,DP,Erdős–Rényi,Erdős–Rényi,2026,2026,True,4,0.012065967297176294,61.199999999999996,63,1.8000000000000043,2.3342670401493959
Variant II,Erdős–Rényi,DP,Erdős–Rényi,Erdős–Rényi,2026,2026,True,5,0.0060767799416173718,52.600000000000001,51.800000000000004,0.79999999999999716,-8.7672680828574379
Variant II,Erdős–Rényi,DP,Erdős–Rényi,Erdős–Rényi,2026,2026,False,1,0.0008337875380226567,100,100,0,0.80000000000000071
Variant II,Erdős–Rényi,DP,Erdős–Rényi,Erdős–Rényi,2026,2026,False,2,0.0008341325746101802,100,100,0,0
Variant II,Erdős–Rényi,DP,Erdős–Rényi,Erdős–Rényi,2026,2026,False,3,0.00083423391184456186,100,100,0,-5.9999999999999947
Variant II,Erdős–Rényi,DP,Erdős–Rényi,Erdős–Rényi,2026,2026,False,4,0.00083391910061336727,100,100,0,2.9999999999999916
Variant II,Erdős–Rényi,DP,Erdős–Rényi,Erdős–Rényi,2026,2026,False,5,0.00083426303375544464,100,100,0,-5.3999999999999932
Variant II,Erdős–Rényi,Baseline,Erdős–Rényi,Erdős–Rényi,7,7,True,1,0.0013479805372826892,100,100,0,1.8000000000000016
Variant II,Erdős–Rényi,Baseline,Erdős–Rényi,Erdős–Rényi,7,7,True,2,0.0012728951491549623,100,99,1,1.2181818181818183
Variant II,Erdős–Rényi,Baseline,Erdős–Rényi,Erdős–Rényi,7,7,True,3,0.0051366103662984219,100,98.599999999999994,1.4000000000000057,1.0198782961460484
Variant II,Erdős–Rényi,Baseline,Erdős–Rényi,Erdős–Rényi,7,7,True,4,0.0050635825836627957,100,98.599999999999994,1.4000000000000057,1.6255578093306244
Variant II,Erdős–Rényi,Baseline,Erdős–Rényi,Erdős–Rényi,7,7,True,5,0.0049853543573450398,100,97.399999999999991,2.6000000000000085,1.6587268993839777
Variant II,Erdős–Rényi,Baseline,Erdős–Rényi,Erdős–Rényi,7,7,False,1,0.0013479805372826892,100,100,0,1.8000000000000016
Variant II,Erdős–Rényi,Baseline,Erdős–Rényi,Erdős–Rényi,7,7,False,2,0.0012728951491549623,100,100,0,1.2000000000000011
Variant II,Erdős–Rényi,Baseline,Erdős–Rényi,Erdős–Rényi,7,7,False,3,0.0011717647659809094,100,100,0,1.0000000000000009
Variant II,Erdős–Rényi,Baseline,Erdős–Rényi,Erdős–Rényi,7,7,False,4,0.0010954100385924814,100,100,0,1.6000000000000014
Variant II,Erdős–Rényi,Baseline,Erdős–Rényi,Erdős–Rényi,7,7,False,5,0.0010141636874909654,100,100,0,1.6000000000000014
Variant II,Erdős–Rényi,LCF-full,Erdős–Rényi,Erdős–Rényi,7,7,True,1,0.00201619589328772,100,100,0,15.200000000000003
Variant II,Erdős–Rényi,LCF-full,Erdős–Rényi,Erdős–Rényi,7,7,True,2,0.015635297298431383,100,90.600000000000009,9.3999999999999915,6.8847682119205338
Variant II,Erdős–Rényi,LCF-full,Erdős–Rényi,Erdős–Rényi,7,7,True,3,0.016572835803031927,100,88,12,3.4090909090909061
Variant II,Erdős–Rényi,LCF-full,Erdős–Rényi,Erdős–Rényi,7,7,True,4,0.016356264352798466,100,86.599999999999994,13.400000000000006,2.3094688221709014
Variant II,Erdős–Rényi,LCF-full,Erdős–Rényi,Erdős–Rényi,7,7,True,5,0.016123169422149752,100,85.200000000000003,14.799999999999997,0.93896713615023719
Variant II,Erdős–Rényi,LCF-full,Erdős–Rényi,Erdős–Rényi,7,7,False,1,0.00201619589328772,100,100,0,15.200000000000003
Variant II,Erdős–Rényi,LCF-full,Erdős–Rényi,Erdős–Rényi,7,7,False,2,0.0020201112031936752,100,100,0,7.9999999999999964
Variant II,Erdős–Rényi,LCF-full,Erdős–Rényi,Erdős–Rényi,7,7,False,3,0.00076607584953314323,100,100,0,5.2000000000000046
Variant II,Erdős–Rényi,LCF-full,Erdős–Rényi,Erdős–Rényi,7,7,False,4,0.00041829717159269642,100,100,0,4.0000000000000036
Variant II,Erdős–Rényi,LCF-full,Erdős–Rényi,Erdős–Rényi,7,7,False,5,0.00014235961437225608,100,100,0,3.0000000000000027
Variant II,Erdős–Rényi,LCF-active,Erdős–Rényi,Erdős–Rényi,7,7,True,1,0.0019758735895156754,100,100,0,15.200000000000003
Variant II,Erdős–Rényi,LCF-active,Erdős–Rényi,Erdős–Rényi,7,7,True,2,0.015611166596412596,100,90.600000000000009,9.3999999999999915,6.6640176600441521
Variant II,Erdős–Rényi,LCF-active,Erdős–Rényi,Erdős–Rényi,7,7,True,3,0.016559941887855589,100,88.200000000000003,11.799999999999997,3.4013605442176909
Variant II,Erdős–Rényi,LCF-active,Erdős–Rényi,Erdős–Rényi,7,7,True,4,0.016346940517425579,100,86.799999999999997,13.200000000000003,2.0737327188940058
Variant II,Erdős–Rényi,LCF-active,Erdős–Rényi,Erdős–Rényi,7,7,True,5,0.016118828535079954,100,85.399999999999991,14.600000000000009,0.93676814988290502
Variant II,Erdős–Rényi,LCF-active,Erdős–Rényi,Erdős–Rényi,7,7,False,1,0.0019758735895156754,100,100,0,15.200000000000003
Variant II,Erdős–Rényi,LCF-active,Erdős–Rényi,Erdős–Rényi,7,7,False,2,0.0019901211261749152,100,100,0,7.7999999999999954
Variant II,Erdős–Rényi,LCF-active,Erdős–Rényi,Erdős–Rényi,7,7,False,3,0.00074927330017093841,100,100,0,5.2000000000000046
Variant II,Erdős–Rényi,LCF-active,Erdős–Rényi,Erdős–Rényi,7,7,False,4,0.00040718626976021799,100,100,0,3.8000000000000034
Variant II,Erdős–Rényi,LCF-active,Erdős–Rényi,Erdős–Rényi,7,7,False,5,0.00013730597496031116,100,100,0,3.0000000000000027
Variant II,Erdős–Rényi,EO,Erdős–Rényi,Erdős–Rényi,7,7,True,1,0.00045553834550482453,100,100,0,2.4000000000000021
Variant II,Erdős–Rényi,EO,Erdős–Rényi,Erdős–Rényi,7,7,True,2,0.021660565658996545,86.400000000000006,83.200000000000003,3.2000000000000028,-6.1253561253561291
Variant II,Erdős–Rényi,EO,Erdős–Rényi,Erdős–Rényi,7,7,True,3,0.031541404106853022,68,72.799999999999997,4.7999999999999972,-2.6405946994182194
Variant II,Erdős–Rényi,EO,Erdős–Rényi,Erdős–Rényi,7,7,True,4,0.036948914937833921,55.200000000000003,60.799999999999997,5.5999999999999943,-1.067887109077037
Variant II,Erdős–Rényi,EO,Erdős–Rényi,Erdős–Rényi,7,7,True,5,0.030391328759750647,45,49.600000000000001,4.6000000000000014,4.4139784946236604
Variant II,Erdős–Rényi,EO,Erdős–Rényi,Erdős–Rényi,7,7,False,1,0.00045553834550482453,100,100,0,2.4000000000000021
Variant II,Erdős–Rényi,EO,Erdős–Rényi,Erdős–Rényi,7,7,False,2,0.00045564938502029584,100,100,0,-4.5999999999999925
Variant II,Erdős–Rényi,EO,Erdős–Rényi,Erdős–Rényi,7,7,False,3,0.00045556154126336068,100,100,0,-2.200000000000002
Variant II,Erdős–Rényi,EO,Erdős–Rényi,Erdős–Rényi,7,7,False,4,0.00045557544876373424,100,100,0,-0.60000000000000053
Variant II,Erdős–Rényi,EO,Erdős–Rényi,Erdős–Rényi,7,7,False,5,0.00045558935521250454,100,100,0,3.400000000000003
Variant II,Erdős–Rényi,DP,Erdős–Rényi,Erdős–Rényi,7,7,True,1,0.0008337875380226567,100,100,0,0.80000000000000071
Variant II,Erdős–Rényi,DP,Erdős–Rényi,Erdős–Rényi,7,7,True,2,0.0020338883802371033,85.399999999999991,86.200000000000003,0.80000000000001137,-5.6254992202654952
Variant II,Erdős–Rényi,DP,Erdős–Rényi,Erdős–Rényi,7,7,True,3,0.028871886355678833,71,76.200000000000003,5.2000000000000028,-2.1721932645743292
Variant II,Erdős–Rényi,DP,Erdős–Rényi,Erdős–Rényi,7,7,True,4,0.030380475475990765,60.399999999999999,65.400000000000006,5.0000000000000071,0.95894849828866979
Variant II,Erdős–Rényi,DP,Erdős–Rényi,Erdős–Rényi,7,7,True,5,0.015108295442298192,51.200000000000003,54.400000000000006,3.2000000000000028,1.9301470588235281
Variant II,Erdős–Rényi,DP,Erdős–Rényi,Erdős–Rényi,7,7,False,1,0.0008337875380226567,100,100,0,0.80000000000000071
Variant II,Erdős–Rényi,DP,Erdős–Rényi,Erdős–Rényi,7,7,False,2,0.00083420151043966939,100,100,0,-3.6000000000000032
Variant II,Erdős–Rényi,DP,Erdős–Rényi,Erdős–Rényi,7,7,False,3,0.00083400866249239147,100,100,0,-2.399999999999991
Variant II,Erdős–Rényi,DP,Erdős–Rényi,Erdős–Rényi,7,7,False,4,0.00083404129702902008,100,100,0,0.60000000000000053
Variant II,Erdős–Rényi,DP,Erdős–Rényi,Erdős–Rényi,7,7,False,5,0.00083421277459994059,100,100,0,2.399999999999991
Variant II,Erdős–Rényi,Baseline,Erdős–Rényi,Erdős–Rényi,13,13,True,1,0.0013479805372826892,100,100,0,1.4000000000000012
Variant II,Erdős–Rényi,Baseline,Erdős–Rényi,Erdős–Rényi,13,13,True,2,0.0012795432088359426,100,100,0,-0.20000000000000018
Variant II,Erdős–Rényi,Baseline,Erdős–Rényi,Erdős–Rényi,13,13,True,3,0.0011628179507230385,100,100,0,0.20000000000000018
Variant II,Erdős–Rényi,Baseline,Erdős–Rényi,Erdős–Rényi,13,13,True,4,0.0010701829286866582,100,100,0,1.4000000000000012
Variant II,Erdős–Rényi,Baseline,Erdős–Rényi,Erdős–Rényi,13,13,True,5,0.00099605742385888707,100,100,0,0.80000000000000071
Variant II,Erdős–Rényi,Baseline,Erdős–Rényi,Erdős–Rényi,13,13,False,1,0.0013479805372826892,100,100,0,1.4000000000000012
Variant II,Erdős–Rényi,Baseline,Erdős–Rényi,Erdős–Rényi,13,13,False,2,0.0012795432088359426,100,100,0,-0.20000000000000018
Variant II,Erdős–Rényi,Baseline,Erdős–Rényi,Erdős–Rényi,13,13,False,3,0.0011628179507230385,100,100,0,0.20000000000000018
Variant II,Erdős–Rényi,Baseline,Erdős–Rényi,Erdős–Rényi,13,13,False,4,0.0010701829286866582,100,100,0,1.4000000000000012
Variant II,Erdős–Rényi,Baseline,Erdős–Rényi,Erdős–Rényi,13,13,False,5,0.00099605742385888707,100,100,0,0.80000000000000071
Variant II,Erdős–Rényi,LCF-full,Erdős–Rényi,Erdős–Rényi,13,13,True,1,0.00201619589328772,100,100,0,12.800000000000001
Variant II,Erdős–Rényi,LCF-full,Erdős–Rényi,Erdős–Rényi,13,13,True,2,0.0021640784740448726,99.599999999999994,90.799999999999997,8.7999999999999972,6.9254993542451686
Variant II,Erdős–Rényi,LCF-full,Erdős–Rényi,Erdős–Rényi,13,13,True,3,0.0029396473169326365,99.599999999999994,86.799999999999997,12.799999999999997,1.6129032258064502
Variant II,Erdős–Rényi,LCF-full,Erdős–Rényi,Erdős–Rényi,13,13,True,4,0.0036016834974288425,99.599999999999994,86.799999999999997,12.799999999999997,2.5345622119815614
Variant II,Erdős–Rényi,LCF-full,Erdős–Rényi,Erdős–Rényi,13,13,True,5,0.0038160020112991688,99.599999999999994,86.200000000000003,13.399999999999991,0.69605568445475496
Variant II,Erdős–Rényi,LCF-full,Erdős–Rényi,Erdős–Rényi,13,13,False,1,0.00201619589328772,100,100,0,12.800000000000001
Variant II,Erdős–Rényi,LCF-full,Erdős–Rényi,Erdős–Rényi,13,13,False,2,0.0016973427534102692,100,100,0,8.9999999999999964
Variant II,Erdős–Rényi,LCF-full,Erdős–Rényi,Erdős–Rényi,13,13,False,3,0.0010143369436264038,100,100,0,3.400000000000003
Variant II,Erdős–Rényi,LCF-full,Erdős–Rényi,Erdős–Rényi,13,13,False,4,0.00038391351699829102,100,100,0,3.8000000000000034
Variant II,Erdős–Rényi,LCF-full,Erdős–Rényi,Erdős–Rényi,13,13,False,5,0.00017958271503448753,100,100,0,2.4000000000000021
Variant II,Erdős–Rényi,LCF-active,Erdős–Rényi,Erdős–Rényi,13,13,True,1,0.0019758735895156754,100,100,0,12.6
Variant II,Erdős–Rényi,LCF-active,Erdős–Rényi,Erdős–Rényi,13,13,True,2,0.0021920254230498593,99.599999999999994,90.799999999999997,8.7999999999999972,6.7052350370645613
Variant II,Erdős–Rényi,LCF-active,Erdős–Rényi,Erdős–Rényi,13,13,True,3,0.0029642833471298369,99.599999999999994,87,12.599999999999994,1.379310344827589
Variant II,Erdős–Rényi,LCF-active,Erdős–Rényi,Erdős–Rényi,13,13,True,4,0.0036141399145126485,99.599999999999994,87,12.599999999999994,2.5287356321839094
Variant II,Erdős–Rényi,LCF-active,Erdős–Rényi,Erdős–Rényi,13,13,True,5,0.0038299882411956254,99.599999999999994,86.400000000000006,13.199999999999989,0.69444444444444198
Variant II,Erdős–Rényi,LCF-active,Erdős–Rényi,Erdős–Rényi,13,13,False,1,0.0019758735895156754,100,100,0,12.6
Variant II,Erdős–Rényi,LCF-active,Erdős–Rényi,Erdős–Rényi,13,13,False,2,0.0016710692644119618,100,100,0,8.7999999999999972
Variant II,Erdős–Rényi,LCF-active,Erdős–Rényi,Erdős–Rényi,13,13,False,3,0.00099065637588502398,100,100,0,3.2000000000000028
Variant II,Erdős–Rényi,LCF-active,Erdős–Rényi,Erdős–Rényi,13,13,False,4,0.0003718788623809921,100,100,0,3.8000000000000034
Variant II,Erdős–Rényi,LCF-active,Erdős–Rényi,Erdős–Rényi,13,13,False,5,0.00016576182842253928,100,100,0,2.4000000000000021
Variant II,Erdős–Rényi,EO,Erdős–Rényi,Erdős–Rényi,13,13,True,1,0.00045553834550482453,100,100,0,0.20000000000000018
Variant II,Erdős–Rényi,EO,Erdős–Rényi,Erdős–Rényi,13,13,True,2,0.02031666737277904,85.799999999999997,82.799999999999997,3,-3.6282558021688449
Variant II,Erdős–Rényi,EO,Erdős–Rényi,Erdős–Rényi,13,13,True,3,0.0036118028159437543,64.400000000000006,65.200000000000003,0.79999999999999716,-0.40772777502572355
Variant II,Erdős–Rényi,EO,Erdős–Rényi,Erdős–Rényi,13,13,True,4,0.00031580904683448097,52.800000000000004,52.600000000000001,0.20000000000000284,4.6894803548795938
Variant II,Erdős–Rényi,EO,Erdős–Rényi,Erdős–Rényi,13,13,True,5,0.014808133980757143,44.399999999999999,42.399999999999999,2,-9.4722080571137184
Variant II,Erdős–Rényi,EO,Erdős–Rényi,Erdős–Rényi,13,13,False,1,0.00045553834550482453,100,100,0,0.20000000000000018
Variant II,Erdős–Rényi,EO,Erdős–Rényi,Erdős–Rényi,13,13,False,2,0.00045561700952256867,100,100,0,-4.0000000000000036
Variant II,Erdős–Rényi,EO,Erdős–Rényi,Erdős–Rényi,13,13,False,3,0.000455556927388856,100,100,0,-3.0000000000000027
Variant II,Erdős–Rényi,EO,Erdős–Rényi,Erdős–Rényi,13,13,False,4,0.00045552458256270523,100,100,0,2.6000000000000023
Variant II,Erdős–Rényi,EO,Erdős–Rényi,Erdős–Rényi,13,13,False,5,0.00045561711836350494,100,100,0,-3.8000000000000034
Variant II,Erdős–Rényi,DP,Erdős–Rényi,Erdős–Rényi,13,13,True,1,0.0008337875380226567,100,100,0,1.8000000000000016
Variant II,Erdős–Rényi,DP,Erdős–Rényi,Erdős–Rényi,13,13,True,2,0.034421609109129059,88.799999999999997,84,4.7999999999999972,-2.3552123552123549
Variant II,Erdős–Rényi,DP,Erdős–Rényi,Erdős–Rényi,13,13,True,3,0.013315259885697539,70.799999999999997,69.199999999999989,1.6000000000000085,-1.6328663335619331
Variant II,Erdős–Rényi,DP,Erdős–Rényi,Erdős–Rényi,13,13,True,4,0.0090255122393921305,60.399999999999999,59.799999999999997,0.60000000000000142,4.9580278632970876
Variant II,Erdős–Rényi,DP,Erdős–Rényi,Erdős–Rényi,13,13,True,5,0.028559404238884589,52.200000000000003,48.600000000000001,3.6000000000000014,-8.0885483184333751
Variant II,Erdős–Rényi,DP,Erdős–Rényi,Erdős–Rényi,13,13,False,1,0.0008337875380226567,100,100,0,1.8000000000000016
Variant II,Erdős–Rényi,DP,Erdős–Rényi,Erdős–Rényi,13,13,False,2,0.00083423613016897491,100,100,0,-2.5999999999999912
Variant II,Erdős–Rényi,DP,Erdős–Rényi,Erdős–Rényi,13,13,False,3,0.00083411210224038079,100,100,0,-2.0000000000000018
Variant II,Erdős–Rényi,DP,Erdős–Rényi,Erdős–Rényi,13,13,False,4,0.00083409285276481171,100,100,0,2.8000000000000025
Variant II,Erdős–Rényi,DP,Erdős–Rényi,Erdős–Rényi,13,13,False,5,0.00083445478995969324,100,100,0,-4.3999999999999932
Variant II,Erdős–Rényi,Baseline,Erdős–Rényi,Erdős–Rényi,42,42,True,1,0.0013479805372826892,100,100,0,0.60000000000000053
Variant II,Erdős–Rényi,Baseline,Erdős–Rényi,Erdős–Rényi,42,42,True,2,0.0012791363592078442,100,100,0,1.6000000000000014
Variant II,Erdős–Rényi,Baseline,Erdős–Rényi,Erdős–Rényi,42,42,True,3,0.005131234325557843,100,99.599999999999994,0.40000000000000568,0.40321285140562102
Variant II,Erdős–Rényi,Baseline,Erdős–Rényi,Erdős–Rényi,42,42,True,4,0.0050462252538454599,100,99.599999999999994,0.40000000000000568,1.2056224899598345
Variant II,Erdős–Rényi,Baseline,Erdős–Rényi,Erdős–Rényi,42,42,True,5,0.0049799459736741269,100,99.599999999999994,0.40000000000000568,0.60240963855421326
Variant II,Erdős–Rényi,Baseline,Erdős–Rényi,Erdős–Rényi,42,42,False,1,0.0013479805372826892,100,100,0,0.60000000000000053
Variant II,Erdős–Rényi,Baseline,Erdős–Rényi,Erdős–Rényi,42,42,False,2,0.0012791363592078442,100,100,0,1.6000000000000014
Variant II,Erdős–Rényi,Baseline,Erdős–Rényi,Erdős–Rényi,42,42,False,3,0.0011668410592025058,100,100,0,0.40000000000000036
Variant II,Erdős–Rényi,Baseline,Erdős–Rényi,Erdős–Rényi,42,42,False,4,0.001078453492962872,100,100,0,1.2000000000000011
Variant II,Erdős–Rényi,Baseline,Erdős–Rényi,Erdős–Rényi,42,42,False,5,0.0010091108831119522,100,100,0,0.60000000000000053
Variant II,Erdős–Rényi,LCF-full,Erdős–Rényi,Erdős–Rényi,42,42,True,1,0.00201619589328772,100,100,0,10.199999999999998
Variant II,Erdős–Rényi,LCF-full,Erdős–Rényi,Erdős–Rényi,42,42,True,2,0.0013195133209228382,100,94.399999999999991,5.6000000000000085,6.9915254237288167
Variant II,Erdős–Rényi,LCF-full,Erdős–Rényi,Erdős–Rényi,42,42,True,3,0.00070017600059502083,100,92.400000000000006,7.5999999999999943,2.1645021645021689
Variant II,Erdős–Rényi,LCF-full,Erdős–Rényi,Erdős–Rényi,42,42,True,4,0.00035178518295286842,100,91.400000000000006,8.5999999999999943,1.0940919037199071
Variant II,Erdős–Rényi,LCF-full,Erdős–Rényi,Erdős–Rényi,42,42,True,5,0.00016557216644286221,100,91.200000000000003,8.7999999999999972,0.21929824561403022
Variant II,Erdős–Rényi,LCF-full,Erdős–Rényi,Erdős–Rényi,42,42,False,1,0.00201619589328772,100,100,0,10.199999999999998
Variant II,Erdős–Rényi,LCF-full,Erdős–Rényi,Erdős–Rényi,42,42,False,2,0.0013195133209228382,100,100,0,8.7999999999999972
Variant II,Erdős–Rényi,LCF-full,Erdős–Rényi,Erdős–Rényi,42,42,False,3,0.00070017600059502083,100,100,0,4.0000000000000036
Variant II,Erdős–Rényi,LCF-full,Erdős–Rényi,Erdős–Rényi,42,42,False,4,0.00035178518295286842,100,100,0,2.200000000000002
Variant II,Erdős–Rényi,LCF-full,Erdős–Rényi,Erdős–Rényi,42,42,False,5,0.00016557216644286221,100,100,0,1.6000000000000014
Variant II,Erdős–Rényi,LCF-active,Erdős–Rényi,Erdős–Rényi,42,42,True,1,0.0019758735895156754,100,100,0,10.199999999999998
Variant II,Erdős–Rényi,LCF-active,Erdős–Rényi,Erdős–Rényi,42,42,True,2,0.0012945197820662946,100,94.399999999999991,5.6000000000000085,6.9915254237288167
Variant II,Erdős–Rényi,LCF-active,Erdős–Rényi,Erdős–Rényi,42,42,True,3,0.0006839463710784921,100,92.400000000000006,7.5999999999999943,2.1645021645021689
Variant II,Erdős–Rényi,LCF-active,Erdős–Rényi,Erdős–Rényi,42,42,True,4,0.00034179174900061948,100,91.400000000000006,8.5999999999999943,1.0940919037199071
Variant II,Erdős–Rényi,LCF-active,Erdős–Rényi,Erdős–Rényi,42,42,True,5,0.00015964698791504084,100,91.200000000000003,8.7999999999999972,0.21929824561403022
Variant II,Erdős–Rényi,LCF-active,Erdős–Rényi,Erdős–Rényi,42,42,False,1,0.0019758735895156754,100,100,0,10.199999999999998
Variant II,Erdős–Rényi,LCF-active,Erdős–Rényi,Erdős–Rényi,42,42,False,2,0.0012945197820662946,100,100,0,8.7999999999999972
Variant II,Erdős–Rényi,LCF-active,Erdős–Rényi,Erdős–Rényi,42,42,False,3,0.0006839463710784921,100,100,0,4.0000000000000036
Variant II,Erdős–Rényi,LCF-active,Erdős–Rényi,Erdős–Rényi,42,42,False,4,0.00034179174900061948,100,100,0,2.200000000000002
Variant II,Erdős–Rényi,LCF-active,Erdős–Rényi,Erdős–Rényi,42,42,False,5,0.00015964698791504084,100,100,0,1.6000000000000014
Variant II,Erdős–Rényi,EO,Erdős–Rényi,Erdős–Rényi,42,42,True,1,0.00045553834550482453,100,100,0,-5.9999999999999947
Variant II,Erdős–Rényi,EO,Erdős–Rényi,Erdős–Rényi,42,42,True,2,0.035443518327462065,83.599999999999994,89.200000000000003,5.6000000000000085,2.5757933357650087
Variant II,Erdős–Rényi,EO,Erdős–Rényi,Erdős–Rényi,42,42,True,3,0.011686902941521971,66.600000000000009,69.199999999999989,2.5999999999999801,-3.6773767987640871
Variant II,Erdős–Rényi,EO,Erdős–Rényi,Erdős–Rényi,42,42,True,4,0.018399058523431988,55.000000000000007,58.799999999999997,3.7999999999999901,1.2628324056895512
Variant II,Erdős–Rényi,EO,Erdős–Rényi,Erdős–Rényi,42,42,True,5,0.021094403451079324,45,49.200000000000003,4.2000000000000028,6.5907859078590754
Variant II,Erdős–Rényi,EO,Erdős–Rényi,Erdős–Rényi,42,42,False,1,0.00045553834550482453,100,100,0,-5.9999999999999947
Variant II,Erdős–Rényi,EO,Erdős–Rényi,Erdős–Rényi,42,42,False,2,0.00045545050023265699,100,100,0,1.6000000000000014
Variant II,Erdős–Rényi,EO,Erdős–Rényi,Erdős–Rényi,42,42,False,3,0.00045551065908433497,100,100,0,-1.8000000000000016
Variant II,Erdős–Rényi,EO,Erdős–Rényi,Erdős–Rényi,42,42,False,4,0.00045545981646211153,100,100,0,-2.7999999999999914
Variant II,Erdős–Rényi,EO,Erdős–Rényi,Erdős–Rényi,42,42,False,5,0.00045547835143544546,100,100,0,1.7999999999999905
Variant II,Erdős–Rényi,DP,Erdős–Rényi,Erdős–Rényi,42,42,True,1,0.0008337875380226567,100,100,0,-5.3999999999999932
Variant II,Erdős–Rényi,DP,Erdős–Rényi,Erdős–Rényi,42,42,True,2,0.021730817027745153,86.599999999999994,89.799999999999997,3.2000000000000028,0.67895297221951534
Variant II,Erdős–Rényi,DP,Erdős–Rényi,Erdős–Rényi,42,42,True,3,0.023218856987716918,70.599999999999994,74,3.4000000000000057,-2.1384273792205755
Variant II,Erdős–Rényi,DP,Erdős–Rényi,Erdős–Rényi,42,42,True,4,0.028935916123894456,60.199999999999996,64.600000000000009,4.4000000000000128,1.7691287041132209
Variant II,Erdős–Rényi,DP,Erdős–Rényi,Erdős–Rényi,42,42,True,5,0.026224352842646903,51,55.400000000000006,4.4000000000000057,9.0550010617965633
Variant II,Erdős–Rényi,DP,Erdős–Rényi,Erdős–Rényi,42,42,False,1,0.0008337875380226567,100,100,0,-5.3999999999999932
Variant II,Erdős–Rényi,DP,Erdős–Rényi,Erdős–Rényi,42,42,False,2,0.00083356017671643023,100,100,0,-0.60000000000000053
Variant II,Erdős–Rényi,DP,Erdős–Rényi,Erdős–Rényi,42,42,False,3,0.00083361003966930802,100,100,0,-0.40000000000000036
Variant II,Erdős–Rényi,DP,Erdős–Rényi,Erdős–Rényi,42,42,False,4,0.00083355570016330205,100,100,0,-2.4000000000000021
Variant II,Erdős–Rényi,DP,Erdős–Rényi,Erdős–Rényi,42,42,False,5,0.00083364029626975533,100,100,0,1.8000000000000016
Variant II,Erdős–Rényi,Baseline,Erdős–Rényi,Erdős–Rényi,99,99,True,1,0.0013479805372826892,100,100,0,1.2000000000000011
Variant II,Erdős–Rényi,Baseline,Erdős–Rényi,Erdős–Rényi,99,99,True,2,0.0032520915259965921,100,99.799999999999997,0.20000000000000284,2.4052104208416858
Variant II,Erdős–Rényi,Baseline,Erdős–Rényi,Erdős–Rényi,99,99,True,3,0.0051422474646143357,100,99.200000000000003,0.79999999999999716,0.60806451612903656
Variant II,Erdős–Rényi,Baseline,Erdős–Rényi,Erdős–Rényi,99,99,True,4,0.0050691059927259197,100,99.200000000000003,0.79999999999999716,1.6161290322580624
Variant II,Erdős–Rényi,Baseline,Erdős–Rényi,Erdős–Rényi,99,99,True,5,0.0069702295196200081,100,99,1,-0.39393939393939092
Variant II,Erdős–Rényi,Baseline,Erdős–Rényi,Erdős–Rényi,99,99,False,1,0.0013479805372826892,100,100,0,1.2000000000000011
Variant II,Erdős–Rényi,Baseline,Erdős–Rényi,Erdős–Rényi,99,99,False,2,0.0012814777864387228,100,100,0,2.4000000000000021
Variant II,Erdős–Rényi,Baseline,Erdős–Rényi,Erdős–Rényi,99,99,False,3,0.0011824088452644377,100,100,0,0.60000000000000053
Variant II,Erdős–Rényi,Baseline,Erdős–Rényi,Erdős–Rényi,99,99,False,4,0.001105464928723765,100,100,0,1.6000000000000014
Variant II,Erdős–Rényi,Baseline,Erdős–Rényi,Erdős–Rényi,99,99,False,5,0.0010189061602808858,100,100,0,-0.40000000000000036
Variant II,Erdős–Rényi,LCF-full,Erdős–Rényi,Erdős–Rényi,99,99,True,1,0.00201619589328772,100,100,0,14.400000000000002
Variant II,Erdős–Rényi,LCF-full,Erdős–Rényi,Erdős–Rényi,99,99,True,2,0.0098998054265976299,100,90,10,6.4444444444444411
Variant II,Erdős–Rényi,LCF-full,Erdős–Rényi,Erdős–Rényi,99,99,True,3,0.013524018287658701,100,87,13,2.0988505747126407
Variant II,Erdős–Rényi,LCF-full,Erdős–Rényi,Erdős–Rényi,99,99,True,4,0.013207436084747282,100,86.599999999999994,13.400000000000006,1.1547344110854452
Variant II,Erdős–Rényi,LCF-full,Erdős–Rényi,Erdős–Rényi,99,99,True,5,0.014111433863639888,100,86.400000000000006,13.599999999999994,0.23148148148147696
Variant II,Erdős–Rényi,LCF-full,Erdős–Rényi,Erdős–Rényi,99,99,False,1,0.00201619589328772,100,100,0,14.400000000000002
Variant II,Erdős–Rényi,LCF-full,Erdős–Rényi,Erdős–Rényi,99,99,False,2,0.0021899349689483705,100,100,0,8.5999999999999961
Variant II,Erdős–Rényi,LCF-full,Erdős–Rényi,Erdős–Rényi,99,99,False,3,0.0017586989402771369,100,100,0,5.0000000000000044
Variant II,Erdős–Rényi,LCF-full,Erdős–Rényi,Erdős–Rényi,99,99,False,4,0.0012828058004379361,100,100,0,4.0000000000000036
Variant II,Erdős–Rényi,LCF-full,Erdős–Rényi,Erdős–Rényi,99,99,False,5,0.0010721582174301192,100,100,0,1.4000000000000012
Variant II,Erdős–Rényi,LCF-active,Erdős–Rényi,Erdős–Rényi,99,99,True,1,0.0019758735895156754,100,100,0,14.600000000000001
Variant II,Erdős–Rényi,LCF-active,Erdős–Rényi,Erdős–Rényi,99,99,True,2,0.0098600873947143342,100,90,10,6.4444444444444411
Variant II,Erdős–Rényi,LCF-active,Erdős–Rényi,Erdős–Rényi,99,99,True,3,0.013507255077362057,100,87,13,2.0988505747126407
Variant II,Erdős–Rényi,LCF-active,Erdős–Rényi,Erdős–Rényi,99,99,True,4,0.013197835206985475,100,86.599999999999994,13.400000000000006,1.1547344110854452
Variant II,Erdős–Rényi,LCF-active,Erdős–Rényi,Erdős–Rényi,99,99,True,5,0.014106769800186103,100,86.400000000000006,13.599999999999994,0
Variant II,Erdős–Rényi,LCF-active,Erdős–Rényi,Erdős–Rényi,99,99,False,1,0.0019758735895156754,100,100,0,14.600000000000001
Variant II,Erdős–Rényi,LCF-active,Erdős–Rényi,Erdős–Rényi,99,99,False,2,0.0021466776132583743,100,100,0,8.5999999999999961
Variant II,Erdős–Rényi,LCF-active,Erdős–Rényi,Erdős–Rényi,99,99,False,3,0.0017379742860794689,100,100,0,4.8000000000000043
Variant II,Erdős–Rényi,LCF-active,Erdős–Rényi,Erdős–Rényi,99,99,False,4,0.0012712857723236048,100,100,0,4.0000000000000036
Variant II,Erdős–Rényi,LCF-active,Erdős–Rényi,Erdős–Rényi,99,99,False,5,0.0010668042898177577,100,100,0,1.2000000000000011
Variant II,Erdős–Rényi,EO,Erdős–Rényi,Erdős–Rényi,99,99,True,1,0.00045553834550482453,100,100,0,4.0000000000000036
Variant II,Erdős–Rényi,EO,Erdős–Rényi,Erdős–Rényi,99,99,True,2,0.053423517434667556,86.200000000000003,78.200000000000003,8,-0.67409996380273229
Variant II,Erdős–Rényi,EO,Erdős–Rényi,Erdős–Rényi,99,99,True,3,0.034839238478494405,69.799999999999997,64.600000000000009,5.1999999999999886,0.91016349233102867
Variant II,Erdős–Rényi,EO,Erdős–Rényi,Erdős–Rényi,99,99,True,4,0.030774050763196004,56.399999999999991,51.800000000000004,4.5999999999999872,-2.4138119882800679
Variant II,Erdős–Rényi,EO,Erdős–Rényi,Erdős–Rényi,99,99,True,5,0.022781895955920117,47.399999999999999,44,3.3999999999999986,-5.2800153433064771
Variant II,Erdős–Rényi,EO,Erdős–Rényi,Erdős–Rényi,99,99,False,1,0.00045553834550482453,100,100,0,4.0000000000000036
Variant II,Erdős–Rényi,EO,Erdős–Rényi,Erdős–Rényi,99,99,False,2,0.00045570488162416378,100,100,0,0.20000000000000018
Variant II,Erdős–Rényi,EO,Erdős–Rényi,Erdős–Rényi,99,99,False,3,0.00045572804211868601,100,100,0,-0.20000000000000018
Variant II,Erdős–Rényi,EO,Erdős–Rényi,Erdős–Rényi,99,99,False,4,0.00045580670407163737,100,100,0,-4.7999999999999936
Variant II,Erdős–Rényi,EO,Erdős–Rényi,Erdős–Rényi,99,99,False,5,0.00045574660711655834,100,100,0,-4.7999999999999936
Variant II,Erdős–Rényi,DP,Erdős–Rényi,Erdős–Rényi,99,99,True,1,0.0008337875380226567,100,100,0,3.1999999999999917
Variant II,Erdős–Rényi,DP,Erdős–Rényi,Erdős–Rényi,99,99,True,2,0.055436776229368045,88.799999999999997,81.399999999999991,7.4000000000000057,-0.7575757575757569
Variant II,Erdős–Rényi,DP,Erdős–Rényi,Erdős–Rényi,99,99,True,3,0.037123628728815083,73.400000000000006,69.199999999999989,4.2000000000000171,0.15120253264241379
Variant II,Erdős–Rényi,DP,Erdős–Rényi,Erdős–Rényi,99,99,True,4,0.028512277131110653,61.199999999999996,58.399999999999999,2.7999999999999972,-4.6915569880920387
Variant II,Erdős–Rényi,DP,Erdős–Rényi,Erdős–Rényi,99,99,True,5,0.0051849867593648513,50.600000000000001,52.600000000000001,2,-5.8101263920407593
Variant II,Erdős–Rényi,DP,Erdős–Rényi,Erdős–Rényi,99,99,False,1,0.0008337875380226567,100,100,0,3.1999999999999917
Variant II,Erdős–Rényi,DP,Erdős–Rényi,Erdős–Rényi,99,99,False,2,0.00083435810250931386,100,100,0,-0.20000000000000018
Variant II,Erdős–Rényi,DP,Erdős–Rényi,Erdős–Rényi,99,99,False,3,0.00083447741672548759,100,100,0,-0.40000000000000036
Variant II,Erdős–Rényi,DP,Erdős–Rényi,Erdős–Rényi,99,99,False,4,0.00083475276444844315,100,100,0,-6.199999999999994
Variant II,Erdős–Rényi,DP,Erdős–Rényi,Erdős–Rényi,99,99,False,5,0.00083438652203338126,100,100,0,-4.1999999999999922
Variant II,Watts–Strogatz,Baseline,Watts–Strogatz,Watts–Strogatz,2026,2026,True,1,0.0013458701689228469,100,100,0,1.0000000000000009
Variant II,Watts–Strogatz,Baseline,Watts–Strogatz,Watts–Strogatz,2026,2026,True,2,0.0012720721136413315,100,100,0,1.4000000000000012
Variant II,Watts–Strogatz,Baseline,Watts–Strogatz,Watts–Strogatz,2026,2026,True,3,0.0011641868405312117,100,99.400000000000006,0.59999999999999432,-0.19758551307846872
Variant II,Watts–Strogatz,Baseline,Watts–Strogatz,Watts–Strogatz,2026,2026,True,4,0.0010741650829523275,100,99.400000000000006,0.59999999999999432,0.60845070422534953
Variant II,Watts–Strogatz,Baseline,Watts–Strogatz,Watts–Strogatz,2026,2026,True,5,0.0049394460224796433,100,99,1,0.61212121212120829
Variant II,Watts–Strogatz,Baseline,Watts–Strogatz,Watts–Strogatz,2026,2026,False,1,0.0013458701689228469,100,100,0,1.0000000000000009
Variant II,Watts–Strogatz,Baseline,Watts–Strogatz,Watts–Strogatz,2026,2026,False,2,0.0012720721136413315,100,100,0,1.4000000000000012
Variant II,Watts–Strogatz,Baseline,Watts–Strogatz,Watts–Strogatz,2026,2026,False,3,0.0011641868405312117,100,100,0,-0.20000000000000018
Variant II,Watts–Strogatz,Baseline,Watts–Strogatz,Watts–Strogatz,2026,2026,False,4,0.0010741650829523275,100,100,0,0.60000000000000053
Variant II,Watts–Strogatz,Baseline,Watts–Strogatz,Watts–Strogatz,2026,2026,False,5,0.00098652145881661379,100,100,0,0.60000000000000053
Variant II,Watts–Strogatz,LCF-full,Watts–Strogatz,Watts–Strogatz,2026,2026,True,1,0.002016983032226527,100,100,0,14.000000000000002
Variant II,Watts–Strogatz,LCF-full,Watts–Strogatz,Watts–Strogatz,2026,2026,True,2,0.0032332077026367978,100,92,8,6.5565217391304387
Variant II,Watts–Strogatz,LCF-full,Watts–Strogatz,Watts–Strogatz,2026,2026,True,3,0.0025655901432036776,100,89.799999999999997,10.200000000000003,2.9180400890868596
Variant II,Watts–Strogatz,LCF-full,Watts–Strogatz,Watts–Strogatz,2026,2026,True,4,0.002305693984031687,100,89,11,1.5730337078651679
Variant II,Watts–Strogatz,LCF-full,Watts–Strogatz,Watts–Strogatz,2026,2026,True,5,0.0021093090772629219,100,88.599999999999994,11.400000000000006,0.22573363431150906
Variant II,Watts–Strogatz,LCF-full,Watts–Strogatz,Watts–Strogatz,2026,2026,False,1,0.002016983032226527,100,100,0,14.000000000000002
Variant II,Watts–Strogatz,LCF-full,Watts–Strogatz,Watts–Strogatz,2026,2026,False,2,0.0014609698057175269,100,100,0,7.9999999999999964
Variant II,Watts–Strogatz,LCF-full,Watts–Strogatz,Watts–Strogatz,2026,2026,False,3,0.00065126287937156135,100,100,0,4.0000000000000036
Variant II,Watts–Strogatz,LCF-full,Watts–Strogatz,Watts–Strogatz,2026,2026,False,4,0.00033393085002908496,100,100,0,3.2000000000000028
Variant II,Watts–Strogatz,LCF-full,Watts–Strogatz,Watts–Strogatz,2026,2026,False,5,0.00011812674999245321,100,100,0,1.2000000000000011
Variant II,Watts–Strogatz,LCF-active,Watts–Strogatz,Watts–Strogatz,2026,2026,True,1,0.0019728684425354137,100,100,0,14.000000000000002
Variant II,Watts–Strogatz,LCF-active,Watts–Strogatz,Watts–Strogatz,2026,2026,True,2,0.0032066303491592452,100,92,8,6.5565217391304387
Variant II,Watts–Strogatz,LCF-active,Watts–Strogatz,Watts–Strogatz,2026,2026,True,3,0.0025486553907394516,100,89.799999999999997,10.200000000000003,2.9180400890868596
Variant II,Watts–Strogatz,LCF-active,Watts–Strogatz,Watts–Strogatz,2026,2026,True,4,0.0022961847782135836,100,89,11,1.5730337078651679
Variant II,Watts–Strogatz,LCF-active,Watts–Strogatz,Watts–Strogatz,2026,2026,True,5,0.0021046313047409226,100,88.599999999999994,11.400000000000006,0.22573363431150906
Variant II,Watts–Strogatz,LCF-active,Watts–Strogatz,Watts–Strogatz,2026,2026,False,1,0.0019728684425354137,100,100,0,14.000000000000002
Variant II,Watts–Strogatz,LCF-active,Watts–Strogatz,Watts–Strogatz,2026,2026,False,2,0.0014306869506836017,100,100,0,7.9999999999999964
Variant II,Watts–Strogatz,LCF-active,Watts–Strogatz,Watts–Strogatz,2026,2026,False,3,0.00063184523582460184,100,100,0,4.0000000000000036
Variant II,Watts–Strogatz,LCF-active,Watts–Strogatz,Watts–Strogatz,2026,2026,False,4,0.00032324969768526834,100,100,0,3.2000000000000028
Variant II,Watts–Strogatz,LCF-active,Watts–Strogatz,Watts–Strogatz,2026,2026,False,5,0.0001129809617996802,100,100,0,1.2000000000000011
Variant II,Watts–Strogatz,EO,Watts–Strogatz,Watts–Strogatz,2026,2026,True,1,0.00045541475826960109,100,100,0,1.4000000000000012
Variant II,Watts–Strogatz,EO,Watts–Strogatz,Watts–Strogatz,2026,2026,True,2,0.021555074523141537,85.799999999999997,82.599999999999994,3.2000000000000028,-5.3799308036596161
Variant II,Watts–Strogatz,EO,Watts–Strogatz,Watts–Strogatz,2026,2026,True,3,0.020925736932115802,67.200000000000003,70.399999999999991,3.1999999999999886,-2.6379870129870198
Variant II,Watts–Strogatz,EO,Watts–Strogatz,Watts–Strogatz,2026,2026,True,4,0.027549528016403091,55.400000000000006,59.599999999999994,4.1999999999999886,2.7184842390909347
Variant II,Watts–Strogatz,EO,Watts–Strogatz,Watts–Strogatz,2026,2026,True,5,0.006377854375748726,44.800000000000004,45.800000000000004,1,-10.493995633187769
Variant II,Watts–Strogatz,EO,Watts–Strogatz,Watts–Strogatz,2026,2026,False,1,0.00045541475826960109,100,100,0,1.4000000000000012
Variant II,Watts–Strogatz,EO,Watts–Strogatz,Watts–Strogatz,2026,2026,False,2,0.0004555115503637186,100,100,0,-3.6000000000000032
Variant II,Watts–Strogatz,EO,Watts–Strogatz,Watts–Strogatz,2026,2026,False,3,0.00045544708797351507,100,100,0,-4.3999999999999932
Variant II,Watts–Strogatz,EO,Watts–Strogatz,Watts–Strogatz,2026,2026,False,4,0.00045539644760339559,100,100,0,2.4000000000000021
Variant II,Watts–Strogatz,EO,Watts–Strogatz,Watts–Strogatz,2026,2026,False,5,0.00045547022055769659,100,100,0,-6.399999999999995
Variant II,Watts–Strogatz,DP,Watts–Strogatz,Watts–Strogatz,2026,2026,True,1,0.00083356390124245117,100,100,0,0.80000000000000071
Variant II,Watts–Strogatz,DP,Watts–Strogatz,Watts–Strogatz,2026,2026,True,2,0.020272289662871867,88.200000000000003,85.399999999999991,2.8000000000000114,-1.1263521802163501
Variant II,Watts–Strogatz,DP,Watts–Strogatz,Watts–Strogatz,2026,2026,True,3,0.0061687724946556388,72.599999999999994,71.799999999999997,0.79999999999999716,-7.164836514038841
Variant II,Watts–Strogatz,DP,Watts–Strogatz,Watts–Strogatz,2026,2026,True,4,0.030294166063894734,60,64.400000000000006,4.4000000000000057,6.8053830227743362
Variant II,Watts–Strogatz,DP,Watts–Strogatz,Watts–Strogatz,2026,2026,True,5,0.017355390186707453,52.600000000000001,50.200000000000003,2.3999999999999986,-12.235468771302616
Variant II,Watts–Strogatz,DP,Watts–Strogatz,Watts–Strogatz,2026,2026,False,1,0.00083356390124245117,100,100,0,0.80000000000000071
Variant II,Watts–Strogatz,DP,Watts–Strogatz,Watts–Strogatz,2026,2026,False,2,0.00083390767027835544,100,100,0,0
Variant II,Watts–Strogatz,DP,Watts–Strogatz,Watts–Strogatz,2026,2026,False,3,0.00083400863506688516,100,100,0,-5.9999999999999947
Variant II,Watts–Strogatz,DP,Watts–Strogatz,Watts–Strogatz,2026,2026,False,4,0.00083369498113539109,100,100,0,2.9999999999999916
Variant II,Watts–Strogatz,DP,Watts–Strogatz,Watts–Strogatz,2026,2026,False,5,0.00083403765048761791,100,100,0,-5.3999999999999932
Variant II,Watts–Strogatz,Baseline,Watts–Strogatz,Watts–Strogatz,7,7,True,1,0.0013458701689228469,100,100,0,1.8000000000000016
Variant II,Watts–Strogatz,Baseline,Watts–Strogatz,Watts–Strogatz,7,7,True,2,0.0012711092796412471,100,100,0,1.2000000000000011
Variant II,Watts–Strogatz,Baseline,Watts–Strogatz,Watts–Strogatz,7,7,True,3,0.0011703818325331516,100,100,0,1.0000000000000009
Variant II,Watts–Strogatz,Baseline,Watts–Strogatz,Watts–Strogatz,7,7,True,4,0.0010943319619007852,100,100,0,1.6000000000000014
Variant II,Watts–Strogatz,Baseline,Watts–Strogatz,Watts–Strogatz,7,7,True,5,0.0010134042432140555,100,99.799999999999997,0.20000000000000284,1.6044088176352722
Variant II,Watts–Strogatz,Baseline,Watts–Strogatz,Watts–Strogatz,7,7,False,1,0.0013458701689228469,100,100,0,1.8000000000000016
Variant II,Watts–Strogatz,Baseline,Watts–Strogatz,Watts–Strogatz,7,7,False,2,0.0012711092796412471,100,100,0,1.2000000000000011
Variant II,Watts–Strogatz,Baseline,Watts–Strogatz,Watts–Strogatz,7,7,False,3,0.0011703818325331516,100,100,0,1.0000000000000009
Variant II,Watts–Strogatz,Baseline,Watts–Strogatz,Watts–Strogatz,7,7,False,4,0.0010943319619007852,100,100,0,1.6000000000000014
Variant II,Watts–Strogatz,Baseline,Watts–Strogatz,Watts–Strogatz,7,7,False,5,0.0010134042432140555,100,100,0,1.6000000000000014
Variant II,Watts–Strogatz,LCF-full,Watts–Strogatz,Watts–Strogatz,7,7,True,1,0.002016983032226527,100,100,0,15.200000000000003
Variant II,Watts–Strogatz,LCF-full,Watts–Strogatz,Watts–Strogatz,7,7,True,2,0.0058352912664413337,100,91.400000000000006,8.5999999999999943,6.6021881838074448
Variant II,Watts–Strogatz,LCF-full,Watts–Strogatz,Watts–Strogatz,7,7,True,3,0.0066068618297576709,100,89.400000000000006,10.599999999999994,3.5794183445190142
Variant II,Watts–Strogatz,LCF-full,Watts–Strogatz,Watts–Strogatz,7,7,True,4,0.0063666689395903697,100,88.200000000000003,11.799999999999997,2.2675736961451198
Variant II,Watts–Strogatz,LCF-full,Watts–Strogatz,Watts–Strogatz,7,7,True,5,0.0061264871358871487,100,87.400000000000006,12.599999999999994,0.91533180778031742
Variant II,Watts–Strogatz,LCF-full,Watts–Strogatz,Watts–Strogatz,7,7,False,1,0.002016983032226527,100,100,0,15.200000000000003
Variant II,Watts–Strogatz,LCF-full,Watts–Strogatz,Watts–Strogatz,7,7,False,2,0.0020206531286239837,100,100,0,7.9999999999999964
Variant II,Watts–Strogatz,LCF-full,Watts–Strogatz,Watts–Strogatz,7,7,False,3,0.00076704132556915106,100,100,0,5.2000000000000046
Variant II,Watts–Strogatz,LCF-full,Watts–Strogatz,Watts–Strogatz,7,7,False,4,0.0004190070629119802,100,100,0,4.0000000000000036
Variant II,Watts–Strogatz,LCF-full,Watts–Strogatz,Watts–Strogatz,7,7,False,5,0.00014278709888460028,100,100,0,3.0000000000000027
Variant II,Watts–Strogatz,LCF-active,Watts–Strogatz,Watts–Strogatz,7,7,True,1,0.0019728684425354137,100,100,0,15.200000000000003
Variant II,Watts–Strogatz,LCF-active,Watts–Strogatz,Watts–Strogatz,7,7,True,2,0.0058051441907882584,100,91.400000000000006,8.5999999999999943,6.383369803063454
Variant II,Watts–Strogatz,LCF-active,Watts–Strogatz,Watts–Strogatz,7,7,True,3,0.0065907819271087131,100,89.400000000000006,10.599999999999994,3.5794183445190142
Variant II,Watts–Strogatz,LCF-active,Watts–Strogatz,Watts–Strogatz,7,7,True,4,0.0063554053306579261,100,88.200000000000003,11.799999999999997,2.0408163265306145
Variant II,Watts–Strogatz,LCF-active,Watts–Strogatz,Watts–Strogatz,7,7,True,5,0.0061211146116256776,100,87.400000000000006,12.599999999999994,0.91533180778031742
Variant II,Watts–Strogatz,LCF-active,Watts–Strogatz,Watts–Strogatz,7,7,False,1,0.0019728684425354137,100,100,0,15.200000000000003
Variant II,Watts–Strogatz,LCF-active,Watts–Strogatz,Watts–Strogatz,7,7,False,2,0.0019872970581055194,100,100,0,7.7999999999999954
Variant II,Watts–Strogatz,LCF-active,Watts–Strogatz,Watts–Strogatz,7,7,False,3,0.00074728488922115588,100,100,0,5.2000000000000046
Variant II,Watts–Strogatz,LCF-active,Watts–Strogatz,Watts–Strogatz,7,7,False,4,0.00040592634677882877,100,100,0,3.8000000000000034
Variant II,Watts–Strogatz,LCF-active,Watts–Strogatz,Watts–Strogatz,7,7,False,5,0.0001366636753082906,100,100,0,3.0000000000000027
Variant II,Watts–Strogatz,EO,Watts–Strogatz,Watts–Strogatz,7,7,True,1,0.00045541475826960109,100,100,0,2.4000000000000021
Variant II,Watts–Strogatz,EO,Watts–Strogatz,Watts–Strogatz,7,7,True,2,0.048162920662992881,88.599999999999994,81.399999999999991,7.2000000000000028,-6.4475515942784556
Variant II,Watts–Strogatz,EO,Watts–Strogatz,Watts–Strogatz,7,7,True,3,0.0036404498997044121,67.400000000000006,68,0.59999999999999432,-1.7926339675335967
Variant II,Watts–Strogatz,EO,Watts–Strogatz,Watts–Strogatz,7,7,True,4,0.012967042218064995,53.800000000000004,55.800000000000004,2,0.55295732235413064
Variant II,Watts–Strogatz,EO,Watts–Strogatz,Watts–Strogatz,7,7,True,5,0.015684412444339046,42.399999999999999,44.800000000000004,2.4000000000000057,5.9720350404312672
Variant II,Watts–Strogatz,EO,Watts–Strogatz,Watts–Strogatz,7,7,False,1,0.00045541475826960109,100,100,0,2.4000000000000021
Variant II,Watts–Strogatz,EO,Watts–Strogatz,Watts–Strogatz,7,7,False,2,0.00045552538154480793,100,100,0,-4.5999999999999925
Variant II,Watts–Strogatz,EO,Watts–Strogatz,Watts–Strogatz,7,7,False,3,0.00045543786703616806,100,100,0,-2.200000000000002
Variant II,Watts–Strogatz,EO,Watts–Strogatz,Watts–Strogatz,7,7,False,4,0.00045545172239702669,100,100,0,-0.60000000000000053
Variant II,Watts–Strogatz,EO,Watts–Strogatz,Watts–Strogatz,7,7,False,5,0.00045546557667963672,100,100,0,3.400000000000003
Variant II,Watts–Strogatz,DP,Watts–Strogatz,Watts–Strogatz,7,7,True,1,0.00083356390124245117,100,100,0,0.80000000000000071
Variant II,Watts–Strogatz,DP,Watts–Strogatz,Watts–Strogatz,7,7,True,2,0.024561417664866414,87.799999999999997,84.799999999999997,3,-4.3285554648214264
Variant II,Watts–Strogatz,DP,Watts–Strogatz,Watts–Strogatz,7,7,True,3,0.0063776611027437924,70.799999999999997,72.200000000000003,1.4000000000000057,-0.61896489663051391
Variant II,Watts–Strogatz,DP,Watts–Strogatz,Watts–Strogatz,7,7,True,4,0.01206381564206771,58.199999999999996,59.799999999999997,1.6000000000000014,2.21931064602513
Variant II,Watts–Strogatz,DP,Watts–Strogatz,Watts–Strogatz,7,7,True,5,0.0065637707645852528,48.600000000000001,49.399999999999999,0.79999999999999716,6.4227520367871165
Variant II,Watts–Strogatz,DP,Watts–Strogatz,Watts–Strogatz,7,7,False,1,0.00083356390124245117,100,100,0,0.80000000000000071
Variant II,Watts–Strogatz,DP,Watts–Strogatz,Watts–Strogatz,7,7,False,2,0.00083397635166604367,100,100,0,-3.6000000000000032
Variant II,Watts–Strogatz,DP,Watts–Strogatz,Watts–Strogatz,7,7,False,3,0.00083378421197310981,100,100,0,-2.399999999999991
Variant II,Watts–Strogatz,DP,Watts–Strogatz,Watts–Strogatz,7,7,False,4,0.00083381672611726465,100,100,0,0.60000000000000053
Variant II,Watts–Strogatz,DP,Watts–Strogatz,Watts–Strogatz,7,7,False,5,0.00083398757354447017,100,100,0,2.399999999999991
Variant II,Watts–Strogatz,Baseline,Watts–Strogatz,Watts–Strogatz,13,13,True,1,0.0013458701689228469,100,100,0,1.4000000000000012
Variant II,Watts–Strogatz,Baseline,Watts–Strogatz,Watts–Strogatz,13,13,True,2,0.0012777162951767007,100,100,0,-0.20000000000000018
Variant II,Watts–Strogatz,Baseline,Watts–Strogatz,Watts–Strogatz,13,13,True,3,0.0011614918505322702,100,99.599999999999994,0.40000000000000568,0.20080321285140812
Variant II,Watts–Strogatz,Baseline,Watts–Strogatz,Watts–Strogatz,13,13,True,4,0.0010692302967528766,100,99.599999999999994,0.40000000000000568,1.4064257028112426
Variant II,Watts–Strogatz,Baseline,Watts–Strogatz,Watts–Strogatz,13,13,True,5,0.0009954002087957381,100,99.599999999999994,0.40000000000000568,0.80401606425702932
Variant II,Watts–Strogatz,Baseline,Watts–Strogatz,Watts–Strogatz,13,13,False,1,0.0013458701689228469,100,100,0,1.4000000000000012
Variant II,Watts–Strogatz,Baseline,Watts–Strogatz,Watts–Strogatz,13,13,False,2,0.0012777162951767007,100,100,0,-0.20000000000000018
Variant II,Watts–Strogatz,Baseline,Watts–Strogatz,Watts–Strogatz,13,13,False,3,0.0011614918505322702,100,100,0,0.20000000000000018
Variant II,Watts–Strogatz,Baseline,Watts–Strogatz,Watts–Strogatz,13,13,False,4,0.0010692302967528766,100,100,0,1.4000000000000012
Variant II,Watts–Strogatz,Baseline,Watts–Strogatz,Watts–Strogatz,13,13,False,5,0.0009954002087957381,100,100,0,0.80000000000000071
Variant II,Watts–Strogatz,LCF-full,Watts–Strogatz,Watts–Strogatz,13,13,True,1,0.002016983032226527,100,100,0,12.800000000000001
Variant II,Watts–Strogatz,LCF-full,Watts–Strogatz,Watts–Strogatz,13,13,True,2,0.00027664840221408582,99.799999999999997,92.400000000000006,7.3999999999999915,7.2231042170921906
Variant II,Watts–Strogatz,LCF-full,Watts–Strogatz,Watts–Strogatz,13,13,True,3,0.00097701466083521815,99.799999999999997,87.400000000000006,12.399999999999991,2.0594965675057253
Variant II,Watts–Strogatz,LCF-full,Watts–Strogatz,Watts–Strogatz,13,13,True,4,0.001612908124923651,99.799999999999997,86.799999999999997,13,2.0737327188940058
Variant II,Watts–Strogatz,LCF-full,Watts–Strogatz,Watts–Strogatz,13,13,True,5,0.0018191562891005653,99.799999999999997,86.400000000000006,13.399999999999991,0.69444444444444198
Variant II,Watts–Strogatz,LCF-full,Watts–Strogatz,Watts–Strogatz,13,13,False,1,0.002016983032226527,100,100,0,12.800000000000001
Variant II,Watts–Strogatz,LCF-full,Watts–Strogatz,Watts–Strogatz,13,13,False,2,0.0016976747512817969,100,100,0,8.9999999999999964
Variant II,Watts–Strogatz,LCF-full,Watts–Strogatz,Watts–Strogatz,13,13,False,3,0.0010149862766266615,100,100,0,3.400000000000003
Variant II,Watts–Strogatz,LCF-full,Watts–Strogatz,Watts–Strogatz,13,13,False,4,0.00038464105129243364,100,100,0,3.8000000000000034
Variant II,Watts–Strogatz,LCF-full,Watts–Strogatz,Watts–Strogatz,13,13,False,5,0.00018009674549102073,100,100,0,2.4000000000000021
Variant II,Watts–Strogatz,LCF-active,Watts–Strogatz,Watts–Strogatz,13,13,True,1,0.0019728684425354137,100,100,0,12.800000000000001
Variant II,Watts–Strogatz,LCF-active,Watts–Strogatz,Watts–Strogatz,13,13,True,2,0.00030582821369173896,99.799999999999997,92.400000000000006,7.3999999999999915,7.2231042170921906
Variant II,Watts–Strogatz,LCF-active,Watts–Strogatz,Watts–Strogatz,13,13,True,3,0.0010035715103149379,99.799999999999997,87.400000000000006,12.399999999999991,1.8306636155606459
Variant II,Watts–Strogatz,LCF-active,Watts–Strogatz,Watts–Strogatz,13,13,True,4,0.0016270828247070268,99.799999999999997,87.200000000000003,12.599999999999994,2.0642201834862428
Variant II,Watts–Strogatz,LCF-active,Watts–Strogatz,Watts–Strogatz,13,13,True,5,0.0018343136310577934,99.799999999999997,86.799999999999997,13,0.69124423963133896
Variant II,Watts–Strogatz,LCF-active,Watts–Strogatz,Watts–Strogatz,13,13,False,1,0.0019728684425354137,100,100,0,12.800000000000001
Variant II,Watts–Strogatz,LCF-active,Watts–Strogatz,Watts–Strogatz,13,13,False,2,0.0016690387725830647,100,100,0,8.9999999999999964
Variant II,Watts–Strogatz,LCF-active,Watts–Strogatz,Watts–Strogatz,13,13,False,3,0.00098868918418892893,100,100,0,3.2000000000000028
Variant II,Watts–Strogatz,LCF-active,Watts–Strogatz,Watts–Strogatz,13,13,False,4,0.00037057292461395441,100,100,0,3.8000000000000034
Variant II,Watts–Strogatz,LCF-active,Watts–Strogatz,Watts–Strogatz,13,13,False,5,0.00016497993469233307,100,100,0,2.4000000000000021
Variant II,Watts–Strogatz,EO,Watts–Strogatz,Watts–Strogatz,13,13,True,1,0.00045541475826960109,100,100,0,0.20000000000000018
Variant II,Watts–Strogatz,EO,Watts–Strogatz,Watts–Strogatz,13,13,True,2,0.0062608547283227178,85.200000000000003,86.200000000000003,1,-5.7857586353387225
Variant II,Watts–Strogatz,EO,Watts–Strogatz,Watts–Strogatz,13,13,True,3,0.031520515694229645,64.600000000000009,69.799999999999997,5.1999999999999886,-2.8697650074959835
Variant II,Watts–Strogatz,EO,Watts–Strogatz,Watts–Strogatz,13,13,True,4,0.040813197298440962,51.600000000000001,58.199999999999996,6.5999999999999943,5.9737872612482974
Variant II,Watts–Strogatz,EO,Watts–Strogatz,Watts–Strogatz,13,13,True,5,0.017031550814594953,43.200000000000003,45.800000000000004,2.6000000000000014,-8.3474850396247806
Variant II,Watts–Strogatz,EO,Watts–Strogatz,Watts–Strogatz,13,13,False,1,0.00045541475826960109,100,100,0,0.20000000000000018
Variant II,Watts–Strogatz,EO,Watts–Strogatz,Watts–Strogatz,13,13,False,2,0.00045549312741055559,100,100,0,-4.0000000000000036
Variant II,Watts–Strogatz,EO,Watts–Strogatz,Watts–Strogatz,13,13,False,3,0.00045543327045627358,100,100,0,-3.0000000000000027
Variant II,Watts–Strogatz,EO,Watts–Strogatz,Watts–Strogatz,13,13,False,4,0.00045540104683550187,100,100,0,2.6000000000000023
Variant II,Watts–Strogatz,EO,Watts–Strogatz,Watts–Strogatz,13,13,False,5,0.00045549323576865586,100,100,0,-3.8000000000000034
Variant II,Watts–Strogatz,DP,Watts–Strogatz,Watts–Strogatz,13,13,True,1,0.00083356390124245117,100,100,0,1.8000000000000016
Variant II,Watts–Strogatz,DP,Watts–Strogatz,Watts–Strogatz,13,13,True,2,0.0063353345673801131,86.200000000000003,85.799999999999997,0.40000000000000568,-3.5760063602290892
Variant II,Watts–Strogatz,DP,Watts–Strogatz,Watts–Strogatz,13,13,True,3,0.010606106326146392,69,70.599999999999994,1.5999999999999943,-0.36704027589604671
Variant II,Watts–Strogatz,DP,Watts–Strogatz,Watts–Strogatz,13,13,True,4,0.010722388518664472,58.599999999999994,60.199999999999996,1.6000000000000014,3.8710555259487633
Variant II,Watts–Strogatz,DP,Watts–Strogatz,Watts–Strogatz,13,13,True,5,0.0017839811453024823,49.799999999999997,49.799999999999997,0,-4.8192771084337283
Variant II,Watts–Strogatz,DP,Watts–Strogatz,Watts–Strogatz,13,13,False,1,0.00083356390124245117,100,100,0,1.8000000000000016
Variant II,Watts–Strogatz,DP,Watts–Strogatz,Watts–Strogatz,13,13,False,2,0.00083401084357392907,100,100,0,-2.5999999999999912
Variant II,Watts–Strogatz,DP,Watts–Strogatz,Watts–Strogatz,13,13,False,3,0.00083388727146060937,100,100,0,-2.0000000000000018
Variant II,Watts–Strogatz,DP,Watts–Strogatz,Watts–Strogatz,13,13,False,4,0.00083386809185981292,100,100,0,2.8000000000000025
Variant II,Watts–Strogatz,DP,Watts–Strogatz,Watts–Strogatz,13,13,False,5,0.00083422869792026955,100,100,0,-4.3999999999999932
Variant II,Watts–Strogatz,Baseline,Watts–Strogatz,Watts–Strogatz,42,42,True,1,0.0013458701689228469,100,100,0,0.60000000000000053
Variant II,Watts–Strogatz,Baseline,Watts–Strogatz,Watts–Strogatz,42,42,True,2,0.0012773177100194877,100,100,0,1.6000000000000014
Variant II,Watts–Strogatz,Baseline,Watts–Strogatz,Watts–Strogatz,42,42,True,3,0.0011655360556923622,100,100,0,0.40000000000000036
Variant II,Watts–Strogatz,Baseline,Watts–Strogatz,Watts–Strogatz,42,42,True,4,0.0010775118093434566,100,100,0,1.2000000000000011
Variant II,Watts–Strogatz,Baseline,Watts–Strogatz,Watts–Strogatz,42,42,True,5,0.0010084707563161599,100,100,0,0.60000000000000053
Variant II,Watts–Strogatz,Baseline,Watts–Strogatz,Watts–Strogatz,42,42,False,1,0.0013458701689228469,100,100,0,0.60000000000000053
Variant II,Watts–Strogatz,Baseline,Watts–Strogatz,Watts–Strogatz,42,42,False,2,0.0012773177100194877,100,100,0,1.6000000000000014
Variant II,Watts–Strogatz,Baseline,Watts–Strogatz,Watts–Strogatz,42,42,False,3,0.0011655360556923622,100,100,0,0.40000000000000036
Variant II,Watts–Strogatz,Baseline,Watts–Strogatz,Watts–Strogatz,42,42,False,4,0.0010775118093434566,100,100,0,1.2000000000000011
Variant II,Watts–Strogatz,Baseline,Watts–Strogatz,Watts–Strogatz,42,42,False,5,0.0010084707563161599,100,100,0,0.60000000000000053
Variant II,Watts–Strogatz,LCF-full,Watts–Strogatz,Watts–Strogatz,42,42,True,1,0.002016983032226527,100,100,0,10.199999999999998
Variant II,Watts–Strogatz,LCF-full,Watts–Strogatz,Watts–Strogatz,42,42,True,2,0.0013202253580093526,100,94.599999999999994,5.4000000000000057,8.0338266384778034
Variant II,Watts–Strogatz,LCF-full,Watts–Strogatz,Watts–Strogatz,42,42,True,3,0.00070106709003447953,100,89.600000000000009,10.399999999999991,1.3392857142857095
Variant II,Watts–Strogatz,LCF-full,Watts–Strogatz,Watts–Strogatz,42,42,True,4,0.00035238087177269506,100,89.200000000000003,10.799999999999997,0.4484304932735439
Variant II,Watts–Strogatz,LCF-full,Watts–Strogatz,Watts–Strogatz,42,42,True,5,0.00016603744029997092,100,89.200000000000003,10.799999999999997,0.22421524663677195
Variant II,Watts–Strogatz,LCF-full,Watts–Strogatz,Watts–Strogatz,42,42,False,1,0.002016983032226527,100,100,0,10.199999999999998
Variant II,Watts–Strogatz,LCF-full,Watts–Strogatz,Watts–Strogatz,42,42,False,2,0.0013202253580093526,100,100,0,8.7999999999999972
Variant II,Watts–Strogatz,LCF-full,Watts–Strogatz,Watts–Strogatz,42,42,False,3,0.00070106709003447953,100,100,0,4.0000000000000036
Variant II,Watts–Strogatz,LCF-full,Watts–Strogatz,Watts–Strogatz,42,42,False,4,0.00035238087177269506,100,100,0,2.200000000000002
Variant II,Watts–Strogatz,LCF-full,Watts–Strogatz,Watts–Strogatz,42,42,False,5,0.00016603744029997092,100,100,0,1.6000000000000014
Variant II,Watts–Strogatz,LCF-active,Watts–Strogatz,Watts–Strogatz,42,42,True,1,0.0019728684425354137,100,100,0,10.199999999999998
Variant II,Watts–Strogatz,LCF-active,Watts–Strogatz,Watts–Strogatz,42,42,True,2,0.0012923166751861448,100,94.599999999999994,5.4000000000000057,8.0338266384778034
Variant II,Watts–Strogatz,LCF-active,Watts–Strogatz,Watts–Strogatz,42,42,True,3,0.00068214750289918857,100,89.600000000000009,10.399999999999991,1.3392857142857095
Variant II,Watts–Strogatz,LCF-active,Watts–Strogatz,Watts–Strogatz,42,42,True,4,0.00034075963497171013,100,89.200000000000003,10.799999999999997,0.4484304932735439
Variant II,Watts–Strogatz,LCF-active,Watts–Strogatz,Watts–Strogatz,42,42,True,5,0.00015895020961764761,100,89.200000000000003,10.799999999999997,0.22421524663677195
Variant II,Watts–Strogatz,LCF-active,Watts–Strogatz,Watts–Strogatz,42,42,False,1,0.0019728684425354137,100,100,0,10.199999999999998
Variant II,Watts–Strogatz,LCF-active,Watts–Strogatz,Watts–Strogatz,42,42,False,2,0.0012923166751861448,100,100,0,8.7999999999999972
Variant II,Watts–Strogatz,LCF-active,Watts–Strogatz,Watts–Strogatz,42,42,False,3,0.00068214750289918857,100,100,0,4.0000000000000036
Variant II,Watts–Strogatz,LCF-active,Watts–Strogatz,Watts–Strogatz,42,42,False,4,0.00034075963497171013,100,100,0,2.200000000000002
Variant II,Watts–Strogatz,LCF-active,Watts–Strogatz,Watts–Strogatz,42,42,False,5,0.00015895020961764761,100,100,0,1.6000000000000014
Variant II,Watts–Strogatz,EO,Watts–Strogatz,Watts–Strogatz,42,42,True,1,0.00045541475826960109,100,100,0,-5.9999999999999947
Variant II,Watts–Strogatz,EO,Watts–Strogatz,Watts–Strogatz,42,42,True,2,0.052715905936771779,80.200000000000003,88.200000000000003,8,3.386092591650125
Variant II,Watts–Strogatz,EO,Watts–Strogatz,Watts–Strogatz,42,42,True,3,0.015684890199825885,65.400000000000006,68.200000000000003,2.7999999999999972,-1.0627135516155906
Variant II,Watts–Strogatz,EO,Watts–Strogatz,Watts–Strogatz,42,42,True,4,0.015731578204184749,54.600000000000001,57.599999999999994,2.9999999999999929,1.175213675213671
Variant II,Watts–Strogatz,EO,Watts–Strogatz,Watts–Strogatz,42,42,True,5,0.011805272580911741,46.800000000000004,49.200000000000003,2.3999999999999986,8.8701271628100926
Variant II,Watts–Strogatz,EO,Watts–Strogatz,Watts–Strogatz,42,42,False,1,0.00045541475826960109,100,100,0,-5.9999999999999947
Variant II,Watts–Strogatz,EO,Watts–Strogatz,Watts–Strogatz,42,42,False,2,0.0004553272422485044,100,100,0,1.6000000000000014
Variant II,Watts–Strogatz,EO,Watts–Strogatz,Watts–Strogatz,42,42,False,3,0.00045538717556503627,100,100,0,-1.8000000000000016
Variant II,Watts–Strogatz,EO,Watts–Strogatz,Watts–Strogatz,42,42,False,4,0.00045533652347973241,100,100,0,-2.7999999999999914
Variant II,Watts–Strogatz,EO,Watts–Strogatz,Watts–Strogatz,42,42,False,5,0.00045535498894477833,100,100,0,1.7999999999999905
Variant II,Watts–Strogatz,DP,Watts–Strogatz,Watts–Strogatz,42,42,True,1,0.00083356390124245117,100,100,0,-5.3999999999999932
Variant II,Watts–Strogatz,DP,Watts–Strogatz,Watts–Strogatz,42,42,True,2,0.041381437135276866,82.799999999999997,89.600000000000009,6.8000000000000114,1.0567632850241537
Variant II,Watts–Strogatz,DP,Watts–Strogatz,Watts–Strogatz,42,42,True,3,0.028870457997632659,69,74,5,-1.8409714061888072
Variant II,Watts–Strogatz,DP,Watts–Strogatz,Watts–Strogatz,42,42,True,4,0.041576251407175135,60,67,7,1.7263681592039837
Variant II,Watts–Strogatz,DP,Watts–Strogatz,Watts–Strogatz,42,42,True,5,0.041653021104957555,52.200000000000003,59.399999999999999,7.1999999999999957,6.6411238825031855
Variant II,Watts–Strogatz,DP,Watts–Strogatz,Watts–Strogatz,42,42,False,1,0.00083356390124245117,100,100,0,-5.3999999999999932
Variant II,Watts–Strogatz,DP,Watts–Strogatz,Watts–Strogatz,42,42,False,2,0.00083333737538593411,100,100,0,-0.60000000000000053
Variant II,Watts–Strogatz,DP,Watts–Strogatz,Watts–Strogatz,42,42,False,3,0.0008333870558910883,100,100,0,-0.40000000000000036
Variant II,Watts–Strogatz,DP,Watts–Strogatz,Watts–Strogatz,42,42,False,4,0.0008333329160188363,100,100,0,-2.4000000000000021
Variant II,Watts–Strogatz,DP,Watts–Strogatz,Watts–Strogatz,42,42,False,5,0.00083341720107554806,100,100,0,1.8000000000000016
Variant II,Watts–Strogatz,Baseline,Watts–Strogatz,Watts–Strogatz,99,99,True,1,0.0013458701689228469,100,100,0,1.2000000000000011
Variant II,Watts–Strogatz,Baseline,Watts–Strogatz,Watts–Strogatz,99,99,True,2,0.0012796637098974051,100,100,0,2.4000000000000021
Variant II,Watts–Strogatz,Baseline,Watts–Strogatz,Watts–Strogatz,99,99,True,3,0.0031674947744491089,100,99.799999999999997,0.20000000000000284,0.60200400801603271
Variant II,Watts–Strogatz,Baseline,Watts–Strogatz,Watts–Strogatz,99,99,True,4,0.0030921963386367768,100,99.799999999999997,0.20000000000000284,1.6040080160320658
Variant II,Watts–Strogatz,Baseline,Watts–Strogatz,Watts–Strogatz,99,99,True,5,0.0049914270682317463,100,99.200000000000003,0.79999999999999716,-0.39516129032257652
Variant II,Watts–Strogatz,Baseline,Watts–Strogatz,Watts–Strogatz,99,99,False,1,0.0013458701689228469,100,100,0,1.2000000000000011
Variant II,Watts–Strogatz,Baseline,Watts–Strogatz,Watts–Strogatz,99,99,False,2,0.0012796637098974051,100,100,0,2.4000000000000021
Variant II,Watts–Strogatz,Baseline,Watts–Strogatz,Watts–Strogatz,99,99,False,3,0.0011810547818192907,100,100,0,0.60000000000000053
Variant II,Watts–Strogatz,Baseline,Watts–Strogatz,Watts–Strogatz,99,99,False,4,0.0011044657039001038,100,100,0,1.6000000000000014
Variant II,Watts–Strogatz,Baseline,Watts–Strogatz,Watts–Strogatz,99,99,False,5,0.0010182550087356468,100,100,0,-0.40000000000000036
Variant II,Watts–Strogatz,LCF-full,Watts–Strogatz,Watts–Strogatz,99,99,True,1,0.002016983032226527,100,100,0,14.400000000000002
Variant II,Watts–Strogatz,LCF-full,Watts–Strogatz,Watts–Strogatz,99,99,True,2,0.0022116323709487906,99.599999999999994,90.200000000000003,9.3999999999999915,5.9866962305986648
Variant II,Watts–Strogatz,LCF-full,Watts–Strogatz,Watts–Strogatz,99,99,True,3,0.0056296010017394815,99.599999999999994,88.799999999999997,10.799999999999997,2.5018994898512892
Variant II,Watts–Strogatz,LCF-full,Watts–Strogatz,Watts–Strogatz,99,99,True,4,0.0052406622171401462,99.599999999999994,88,11.599999999999994,1.3636363636363669
Variant II,Watts–Strogatz,LCF-full,Watts–Strogatz,Watts–Strogatz,99,99,True,5,0.0061221511363983572,99.599999999999994,87.799999999999997,11.799999999999997,0.2277904328018221
Variant II,Watts–Strogatz,LCF-full,Watts–Strogatz,Watts–Strogatz,99,99,False,1,0.002016983032226527,100,100,0,14.400000000000002
Variant II,Watts–Strogatz,LCF-full,Watts–Strogatz,Watts–Strogatz,99,99,False,2,0.002190096378326456,100,100,0,8.5999999999999961
Variant II,Watts–Strogatz,LCF-full,Watts–Strogatz,Watts–Strogatz,99,99,False,3,0.0017587305307388279,100,100,0,5.0000000000000044
Variant II,Watts–Strogatz,LCF-full,Watts–Strogatz,Watts–Strogatz,99,99,False,4,0.0012827632427215852,100,100,0,4.0000000000000036
Variant II,Watts–Strogatz,LCF-full,Watts–Strogatz,Watts–Strogatz,99,99,False,5,0.0010717068910598426,100,100,0,1.4000000000000012
Variant II,Watts–Strogatz,LCF-active,Watts–Strogatz,Watts–Strogatz,99,99,True,1,0.0019728684425354137,100,100,0,14.600000000000001
Variant II,Watts–Strogatz,LCF-active,Watts–Strogatz,Watts–Strogatz,99,99,True,2,0.0021651804447174738,99.599999999999994,90.200000000000003,9.3999999999999915,5.9866962305986648
Variant II,Watts–Strogatz,LCF-active,Watts–Strogatz,Watts–Strogatz,99,99,True,3,0.0056093595027923993,99.599999999999994,88.799999999999997,10.799999999999997,2.2766742646260663
Variant II,Watts–Strogatz,LCF-active,Watts–Strogatz,Watts–Strogatz,99,99,True,4,0.0052295562028884524,99.599999999999994,88,11.599999999999994,1.3636363636363669
Variant II,Watts–Strogatz,LCF-active,Watts–Strogatz,Watts–Strogatz,99,99,True,5,0.0061159777641296431,99.599999999999994,87.799999999999997,11.799999999999997,0.2277904328018221
Variant II,Watts–Strogatz,LCF-active,Watts–Strogatz,Watts–Strogatz,99,99,False,1,0.0019728684425354137,100,100,0,14.600000000000001
Variant II,Watts–Strogatz,LCF-active,Watts–Strogatz,Watts–Strogatz,99,99,False,2,0.0021442167758941588,100,100,0,8.5999999999999961
Variant II,Watts–Strogatz,LCF-active,Watts–Strogatz,Watts–Strogatz,99,99,False,3,0.0017364779710770106,100,100,0,4.8000000000000043
Variant II,Watts–Strogatz,LCF-active,Watts–Strogatz,Watts–Strogatz,99,99,False,4,0.0012705127000809391,100,100,0,4.0000000000000036
Variant II,Watts–Strogatz,LCF-active,Watts–Strogatz,Watts–Strogatz,99,99,False,5,0.0010667392015456523,100,100,0,1.4000000000000012
Variant II,Watts–Strogatz,EO,Watts–Strogatz,Watts–Strogatz,99,99,True,1,0.00045541475826960109,100,100,0,4.0000000000000036
Variant II,Watts–Strogatz,EO,Watts–Strogatz,Watts–Strogatz,99,99,True,2,0.036180917995557005,85.799999999999997,80.400000000000006,5.3999999999999915,1.2281251087221223
Variant II,Watts–Strogatz,EO,Watts–Strogatz,Watts–Strogatz,99,99,True,3,0.045370736721143889,69.199999999999989,62.399999999999999,6.7999999999999901,0.76886023417814808
Variant II,Watts–Strogatz,EO,Watts–Strogatz,Watts–Strogatz,99,99,True,4,0.021478956743891109,57.399999999999999,54.200000000000003,3.1999999999999957,-5.0361932190750469
Variant II,Watts–Strogatz,EO,Watts–Strogatz,Watts–Strogatz,99,99,True,5,0.0068982843905154856,48,47,1,-1.8085106382978666
Variant II,Watts–Strogatz,EO,Watts–Strogatz,Watts–Strogatz,99,99,False,1,0.00045541475826960109,100,100,0,4.0000000000000036
Variant II,Watts–Strogatz,EO,Watts–Strogatz,Watts–Strogatz,99,99,False,2,0.00045558067013484749,100,100,0,0.20000000000000018
Variant II,Watts–Strogatz,EO,Watts–Strogatz,Watts–Strogatz,99,99,False,3,0.00045560374377751067,100,100,0,-0.20000000000000018
Variant II,Watts–Strogatz,EO,Watts–Strogatz,Watts–Strogatz,99,99,False,4,0.00045568211084623389,100,100,0,-4.7999999999999936
Variant II,Watts–Strogatz,EO,Watts–Strogatz,Watts–Strogatz,99,99,False,5,0.00045562223908535149,100,100,0,-4.7999999999999936
Variant II,Watts–Strogatz,DP,Watts–Strogatz,Watts–Strogatz,99,99,True,1,0.00083356390124245117,100,100,0,3.1999999999999917
Variant II,Watts–Strogatz,DP,Watts–Strogatz,Watts–Strogatz,99,99,True,2,0.027349699878713496,87,83.200000000000003,3.7999999999999972,0.8526746242263572
Variant II,Watts–Strogatz,DP,Watts–Strogatz,Watts–Strogatz,99,99,True,3,0.046764642288589009,73.799999999999997,67.400000000000006,6.3999999999999915,-1.2979180236906251
Variant II,Watts–Strogatz,DP,Watts–Strogatz,Watts–Strogatz,99,99,True,4,0.0060816354891970459,61.199999999999996,60.199999999999996,1,-4.1463096866653615
Variant II,Watts–Strogatz,DP,Watts–Strogatz,Watts–Strogatz,99,99,True,5,0.012161491408520686,52.200000000000003,53.800000000000004,1.6000000000000014,-2.0268056801834522
Variant II,Watts–Strogatz,DP,Watts–Strogatz,Watts–Strogatz,99,99,False,1,0.00083356390124245117,100,100,0,3.1999999999999917
Variant II,Watts–Strogatz,DP,Watts–Strogatz,Watts–Strogatz,99,99,False,2,0.0008341323692401259,100,100,0,-0.20000000000000018
Variant II,Watts–Strogatz,DP,Watts–Strogatz,Watts–Strogatz,99,99,False,3,0.00083425124557900965,100,100,0,-0.40000000000000036
Variant II,Watts–Strogatz,DP,Watts–Strogatz,Watts–Strogatz,99,99,False,4,0.00083452558114638364,100,100,0,-6.199999999999994
Variant II,Watts–Strogatz,DP,Watts–Strogatz,Watts–Strogatz,99,99,False,5,0.0008341606865995832,100,100,0,-4.1999999999999922
