dataset,network,model,training_network,evaluation_network,seed,graph_seed,opt_out,step,unfairness,retention_s0,retention_s1,retention_disparity,approval_rate_difference
Base,Base (80/20),Baseline,Base (80/20),Base (80/20),2026,2026,True,1,0.0064928992551834819,100,100,0,7.4000000000000066
Base,Base (80/20),Baseline,Base (80/20),Base (80/20),2026,2026,True,2,0.0065651580281215205,81.599999999999994,70.399999999999991,11.200000000000003,3.275401069518713
Base,Base (80/20),Baseline,Base (80/20),Base (80/20),2026,2026,True,3,0.0061895156866905721,63,52.600000000000001,10.399999999999999,0.88719898605830183
Base,Base (80/20),Baseline,Base (80/20),Base (80/20),2026,2026,True,4,0.0060673178954243623,50.399999999999999,40.799999999999997,9.6000000000000014,-2.3342670401493959
Base,Base (80/20),Baseline,Base (80/20),Base (80/20),2026,2026,True,5,0.0060820738164635291,38.600000000000001,31.800000000000001,6.8000000000000007,3.0208231498680238
Base,Base (80/20),Baseline,Base (80/20),Base (80/20),2026,2026,False,1,0.0064928992551834819,100,100,0,7.4000000000000066
Base,Base (80/20),Baseline,Base (80/20),Base (80/20),2026,2026,False,2,0.0065651580281215205,100,100,0,4.0000000000000036
Base,Base (80/20),Baseline,Base (80/20),Base (80/20),2026,2026,False,3,0.0059896876825394907,100,100,0,3.8000000000000034
Base,Base (80/20),Baseline,Base (80/20),Base (80/20),2026,2026,False,4,0.006241497394808504,100,100,0,-5.0000000000000044
Base,Base (80/20),Baseline,Base (80/20),Base (80/20),2026,2026,False,5,0.0069799577357444464,100,100,0,3.8000000000000034
Base,Base (80/20),LCF-original,Base (80/20),Base (80/20),2026,2026,True,1,0.0044450759887695312,100,100,0,17.399999999999999
Base,Base (80/20),LCF-original,Base (80/20),Base (80/20),2026,2026,True,2,0.0044764173724214373,82.599999999999994,57.799999999999997,24.799999999999997,14.23460710306057
Base,Base (80/20),LCF-original,Base (80/20),Base (80/20),2026,2026,True,3,0.0043345671483018267,61.199999999999996,34.599999999999994,26.600000000000001,10.897653859231561
Base,Base (80/20),LCF-original,Base (80/20),Base (80/20),2026,2026,True,4,0.004358348470927309,47.199999999999996,24,23.199999999999996,7.9378531073446279
Base,Base (80/20),LCF-original,Base (80/20),Base (80/20),2026,2026,True,5,0.0043260682506239823,36,14.199999999999999,21.800000000000001,15.485133020344282
Base,Base (80/20),LCF-original,Base (80/20),Base (80/20),2026,2026,False,1,0.0044450759887695312,100,100,0,17.399999999999999
Base,Base (80/20),LCF-original,Base (80/20),Base (80/20),2026,2026,False,2,0.0044764173724214373,100,100,0,13.600000000000001
Base,Base (80/20),LCF-original,Base (80/20),Base (80/20),2026,2026,False,3,0.0041999945254955762,100,100,0,10.999999999999998
Base,Base (80/20),LCF-original,Base (80/20),Base (80/20),2026,2026,False,4,0.004457234673161059,100,100,0,2.6000000000000023
Base,Base (80/20),LCF-original,Base (80/20),Base (80/20),2026,2026,False,5,0.0050353665146495308,100,100,0,13.4
Base,Base (80/20),LCF-active,Base (80/20),Base (80/20),2026,2026,True,1,0.0043418407440185547,100,100,0,18.199999999999999
Base,Base (80/20),LCF-active,Base (80/20),Base (80/20),2026,2026,True,2,0.0043241223598997625,83.399999999999991,58.599999999999994,24.799999999999997,15.361635606190816
Base,Base (80/20),LCF-active,Base (80/20),Base (80/20),2026,2026,True,3,0.0041685485948678158,63.200000000000003,35.799999999999997,27.400000000000006,9.5856021497772392
Base,Base (80/20),LCF-active,Base (80/20),Base (80/20),2026,2026,True,4,0.0039773579388741043,49,25,24,8.702040816326523
Base,Base (80/20),LCF-active,Base (80/20),Base (80/20),2026,2026,True,5,0.0039693110805246734,38.800000000000004,16,22.800000000000004,19.652061855670098
Base,Base (80/20),LCF-active,Base (80/20),Base (80/20),2026,2026,False,1,0.0043418407440185547,100,100,0,18.199999999999999
Base,Base (80/20),LCF-active,Base (80/20),Base (80/20),2026,2026,False,2,0.0043241223598997625,100,100,0,13.800000000000001
Base,Base (80/20),LCF-active,Base (80/20),Base (80/20),2026,2026,False,3,0.0040699589688429905,100,100,0,11.6
Base,Base (80/20),LCF-active,Base (80/20),Base (80/20),2026,2026,False,4,0.0040733989882100197,100,100,0,4.7999999999999936
Base,Base (80/20),LCF-active,Base (80/20),Base (80/20),2026,2026,False,5,0.0046188649577402208,100,100,0,15.000000000000002
Base,Base (80/20),EO,Base (80/20),Base (80/20),2026,2026,True,1,0.006424033030848042,100,100,0,5.2000000000000046
Base,Base (80/20),EO,Base (80/20),Base (80/20),2026,2026,True,2,0.0064946374911049043,81.200000000000003,72.200000000000003,9,1.2206105099409115
Base,Base (80/20),EO,Base (80/20),Base (80/20),2026,2026,True,3,0.0061262624402185217,62,54.600000000000001,7.3999999999999986,-0.040174878884557952
Base,Base (80/20),EO,Base (80/20),Base (80/20),2026,2026,True,4,0.0060685904678376978,48,42,6,-4.46428571428571
Base,Base (80/20),EO,Base (80/20),Base (80/20),2026,2026,True,5,0.0060887058837179042,36.600000000000001,32.399999999999999,4.2000000000000028,2.6108075288403088
Base,Base (80/20),EO,Base (80/20),Base (80/20),2026,2026,False,1,0.006424033030848042,100,100,0,5.2000000000000046
Base,Base (80/20),EO,Base (80/20),Base (80/20),2026,2026,False,2,0.0064946374911049043,100,100,0,2.200000000000002
Base,Base (80/20),EO,Base (80/20),Base (80/20),2026,2026,False,3,0.0059088290144462263,100,100,0,1.4000000000000012
Base,Base (80/20),EO,Base (80/20),Base (80/20),2026,2026,False,4,0.0061387434046857869,100,100,0,-8.2000000000000064
Base,Base (80/20),EO,Base (80/20),Base (80/20),2026,2026,False,5,0.0068284522906565392,100,100,0,0.60000000000000053
Base,Base (80/20),DP,Base (80/20),Base (80/20),2026,2026,True,1,0.0064856270550558426,100,100,0,7.4000000000000066
Base,Base (80/20),DP,Base (80/20),Base (80/20),2026,2026,True,2,0.0065535960540165084,81.599999999999994,70.399999999999991,11.200000000000003,3.275401069518713
Base,Base (80/20),DP,Base (80/20),Base (80/20),2026,2026,True,3,0.0061752271972072004,63,52.600000000000001,10.399999999999999,0.88719898605830183
Base,Base (80/20),DP,Base (80/20),Base (80/20),2026,2026,True,4,0.0060431090987910219,50.399999999999999,40.799999999999997,9.6000000000000014,-2.3342670401493959
Base,Base (80/20),DP,Base (80/20),Base (80/20),2026,2026,True,5,0.0060638952673823798,38.600000000000001,31.800000000000001,6.8000000000000007,3.0208231498680238
Base,Base (80/20),DP,Base (80/20),Base (80/20),2026,2026,False,1,0.0064856270550558426,100,100,0,7.4000000000000066
Base,Base (80/20),DP,Base (80/20),Base (80/20),2026,2026,False,2,0.0065535960540165084,100,100,0,4.0000000000000036
Base,Base (80/20),DP,Base (80/20),Base (80/20),2026,2026,False,3,0.0059681910752868994,100,100,0,3.8000000000000034
Base,Base (80/20),DP,Base (80/20),Base (80/20),2026,2026,False,4,0.0062084285775632075,100,100,0,-5.0000000000000044
Base,Base (80/20),DP,Base (80/20),Base (80/20),2026,2026,False,5,0.006941129896451903,100,100,0,3.8000000000000034
Base,Base (80/20),Baseline,Base (80/20),Base (80/20),7,7,True,1,0.0064928992551834819,100,100,0,4.7999999999999936
Base,Base (80/20),Baseline,Base (80/20),Base (80/20),7,7,True,2,0.0069798075743359167,80.800000000000011,75.799999999999997,5.0000000000000142,5.6506178322317746
Base,Base (80/20),Baseline,Base (80/20),Base (80/20),7,7,True,3,0.0060174303048567968,63.399999999999999,53.800000000000004,9.5999999999999943,2.7112919681493541
Base,Base (80/20),Baseline,Base (80/20),Base (80/20),7,7,True,4,0.0061190179672160339,50.600000000000001,41.399999999999999,9.2000000000000028,-0.35133948177425989
Base,Base (80/20),Baseline,Base (80/20),Base (80/20),7,7,True,5,0.0062322281681969072,41.399999999999999,33.800000000000004,7.5999999999999943,8.255438355772803
Base,Base (80/20),Baseline,Base (80/20),Base (80/20),7,7,False,1,0.0064928992551834819,100,100,0,4.7999999999999936
Base,Base (80/20),Baseline,Base (80/20),Base (80/20),7,7,False,2,0.0069798075743359167,100,100,0,4.6000000000000041
Base,Base (80/20),Baseline,Base (80/20),Base (80/20),7,7,False,3,0.0056287791828012468,100,100,0,3.8000000000000034
Base,Base (80/20),Baseline,Base (80/20),Base (80/20),7,7,False,4,0.0059464919297866903,100,100,0,1.2000000000000011
Base,Base (80/20),Baseline,Base (80/20),Base (80/20),7,7,False,5,0.006165643971589696,100,100,0,5.4000000000000048
Base,Base (80/20),LCF-original,Base (80/20),Base (80/20),7,7,True,1,0.0044450759887695312,100,100,0,12.6
Base,Base (80/20),LCF-original,Base (80/20),Base (80/20),7,7,True,2,0.0047611976541663825,80.200000000000003,64,16.200000000000003,13.161627182044894
Base,Base (80/20),LCF-original,Base (80/20),Base (80/20),7,7,True,3,0.0043084034780436209,61.199999999999996,38.800000000000004,22.399999999999991,8.7224580553870936
Base,Base (80/20),LCF-original,Base (80/20),Base (80/20),7,7,True,4,0.0043646014827863899,47.199999999999996,26.400000000000002,20.799999999999994,16.409861325115564
Base,Base (80/20),LCF-original,Base (80/20),Base (80/20),7,7,True,5,0.0044231037483399849,38.200000000000003,16.600000000000001,21.600000000000001,12.489749574213082
Base,Base (80/20),LCF-original,Base (80/20),Base (80/20),7,7,False,1,0.0044450759887695312,100,100,0,12.6
Base,Base (80/20),LCF-original,Base (80/20),Base (80/20),7,7,False,2,0.0047611976541663825,100,100,0,12.199999999999999
Base,Base (80/20),LCF-original,Base (80/20),Base (80/20),7,7,False,3,0.0040855227014349182,100,100,0,10.599999999999998
Base,Base (80/20),LCF-original,Base (80/20),Base (80/20),7,7,False,4,0.0043320215690711983,100,100,0,14.199999999999996
Base,Base (80/20),LCF-original,Base (80/20),Base (80/20),7,7,False,5,0.0043252266228164249,100,100,0,16.199999999999999
Base,Base (80/20),LCF-active,Base (80/20),Base (80/20),7,7,True,1,0.0043418407440185547,100,100,0,13.200000000000001
Base,Base (80/20),LCF-active,Base (80/20),Base (80/20),7,7,True,2,0.0045478505518798951,81.399999999999991,65.200000000000003,16.199999999999989,15.292202408766819
Base,Base (80/20),LCF-active,Base (80/20),Base (80/20),7,7,True,3,0.0039667678301725795,64,39.200000000000003,24.799999999999997,10.063775510204076
Base,Base (80/20),LCF-active,Base (80/20),Base (80/20),7,7,True,4,0.0040666267136491019,50.200000000000003,27.400000000000002,22.800000000000001,14.109983423968359
Base,Base (80/20),LCF-active,Base (80/20),Base (80/20),7,7,True,5,0.0042338057135606899,41.199999999999996,17.599999999999998,23.599999999999998,11.661518093556927
Base,Base (80/20),LCF-active,Base (80/20),Base (80/20),7,7,False,1,0.0043418407440185547,100,100,0,13.200000000000001
Base,Base (80/20),LCF-active,Base (80/20),Base (80/20),7,7,False,2,0.0045478505518798951,100,100,0,13.200000000000001
Base,Base (80/20),LCF-active,Base (80/20),Base (80/20),7,7,False,3,0.0037487399086414408,100,100,0,11.399999999999999
Base,Base (80/20),LCF-active,Base (80/20),Base (80/20),7,7,False,4,0.0040018769981662317,100,100,0,14.000000000000002
Base,Base (80/20),LCF-active,Base (80/20),Base (80/20),7,7,False,5,0.0040984531622111353,100,100,0,17
Base,Base (80/20),EO,Base (80/20),Base (80/20),7,7,True,1,0.006424033030848042,100,100,0,0.80000000000000071
Base,Base (80/20),EO,Base (80/20),Base (80/20),7,7,True,2,0.006879634900907039,79,76.799999999999997,2.2000000000000028,4.3499472573839686
Base,Base (80/20),EO,Base (80/20),Base (80/20),7,7,True,3,0.0059294002587670924,61.600000000000001,54.800000000000004,6.7999999999999972,0.41947103990899182
Base,Base (80/20),EO,Base (80/20),Base (80/20),7,7,True,4,0.0059392318667761401,49.200000000000003,43,6.2000000000000028,-0.25146530535072875
Base,Base (80/20),EO,Base (80/20),Base (80/20),7,7,True,5,0.006086149768181448,40.400000000000006,35,5.4000000000000057,4.1669024045261622
Base,Base (80/20),EO,Base (80/20),Base (80/20),7,7,False,1,0.006424033030848042,100,100,0,0.80000000000000071
Base,Base (80/20),EO,Base (80/20),Base (80/20),7,7,False,2,0.006879634900907039,100,100,0,3.0000000000000027
Base,Base (80/20),EO,Base (80/20),Base (80/20),7,7,False,3,0.0055212197611546054,100,100,0,1.4000000000000012
Base,Base (80/20),EO,Base (80/20),Base (80/20),7,7,False,4,0.0058125079732839202,100,100,0,-0.40000000000000036
Base,Base (80/20),EO,Base (80/20),Base (80/20),7,7,False,5,0.0060332759854242468,100,100,0,2.8000000000000025
Base,Base (80/20),DP,Base (80/20),Base (80/20),7,7,True,1,0.0064856270550558426,100,100,0,4.7999999999999936
Base,Base (80/20),DP,Base (80/20),Base (80/20),7,7,True,2,0.0069672985369090279,80.800000000000011,75.799999999999997,5.0000000000000142,5.6506178322317746
Base,Base (80/20),DP,Base (80/20),Base (80/20),7,7,True,3,0.0059963178920832139,63.399999999999999,53.800000000000004,9.5999999999999943,2.7112919681493541
Base,Base (80/20),DP,Base (80/20),Base (80/20),7,7,True,4,0.0060972210945380301,50.600000000000001,41.399999999999999,9.2000000000000028,-0.35133948177425989
Base,Base (80/20),DP,Base (80/20),Base (80/20),7,7,True,5,0.0062310367907828512,41.399999999999999,33.800000000000004,7.5999999999999943,8.255438355772803
Base,Base (80/20),DP,Base (80/20),Base (80/20),7,7,False,1,0.0064856270550558426,100,100,0,4.7999999999999936
Base,Base (80/20),DP,Base (80/20),Base (80/20),7,7,False,2,0.0069672985369090279,100,100,0,4.6000000000000041
Base,Base (80/20),DP,Base (80/20),Base (80/20),7,7,False,3,0.005605772135980458,100,100,0,3.8000000000000034
Base,Base (80/20),DP,Base (80/20),Base (80/20),7,7,False,4,0.0059190512351899871,100,100,0,1.2000000000000011
Base,Base (80/20),DP,Base (80/20),Base (80/20),7,7,False,5,0.0061482449437754161,100,100,0,5.4000000000000048
Base,Base (80/20),Baseline,Base (80/20),Base (80/20),13,13,True,1,0.0064928992551834819,100,100,0,7.5999999999999961
Base,Base (80/20),Baseline,Base (80/20),Base (80/20),13,13,True,2,0.0063125274052893143,82,73.400000000000006,8.5999999999999943,7.3715690835382546
Base,Base (80/20),Baseline,Base (80/20),Base (80/20),13,13,True,3,0.0072841222506445646,63.800000000000004,50.799999999999997,13.000000000000007,3.4877693579838609
Base,Base (80/20),Baseline,Base (80/20),Base (80/20),13,13,True,4,0.0062236010659040275,50.200000000000003,35,15.200000000000003,6.0147979510529304
Base,Base (80/20),Baseline,Base (80/20),Base (80/20),13,13,True,5,0.0068471402868777176,40.200000000000003,26,14.200000000000003,6.8924607730577954
Base,Base (80/20),Baseline,Base (80/20),Base (80/20),13,13,False,1,0.0064928992551834819,100,100,0,7.5999999999999961
Base,Base (80/20),Baseline,Base (80/20),Base (80/20),13,13,False,2,0.0063125274052893143,100,100,0,9.5999999999999979
Base,Base (80/20),Baseline,Base (80/20),Base (80/20),13,13,False,3,0.00713660664665694,100,100,0,1.4000000000000012
Base,Base (80/20),Baseline,Base (80/20),Base (80/20),13,13,False,4,0.0063683731513330954,100,100,0,6.2000000000000055
Base,Base (80/20),Baseline,Base (80/20),Base (80/20),13,13,False,5,0.0073864639340993632,100,100,0,9.1999999999999975
Base,Base (80/20),LCF-original,Base (80/20),Base (80/20),13,13,True,1,0.0044450759887695312,100,100,0,14.400000000000002
Base,Base (80/20),LCF-original,Base (80/20),Base (80/20),13,13,True,2,0.0046172735119403008,82.399999999999991,64,18.399999999999991,7.0388349514563071
Base,Base (80/20),LCF-original,Base (80/20),Base (80/20),13,13,True,3,0.0048871833061345793,57.199999999999996,39,18.199999999999996,10.629370629370621
Base,Base (80/20),LCF-original,Base (80/20),Base (80/20),13,13,True,4,0.0043911982121453974,43.600000000000001,23.200000000000003,20.399999999999999,13.192027839291359
Base,Base (80/20),LCF-original,Base (80/20),Base (80/20),13,13,True,5,0.0045763118476842557,32.600000000000001,16,16.600000000000001,25.030674846625768
Base,Base (80/20),LCF-original,Base (80/20),Base (80/20),13,13,False,1,0.0044450759887695312,100,100,0,14.400000000000002
Base,Base (80/20),LCF-original,Base (80/20),Base (80/20),13,13,False,2,0.0046172735119403008,100,100,0,12.999999999999995
Base,Base (80/20),LCF-original,Base (80/20),Base (80/20),13,13,False,3,0.0047738434952004916,100,100,0,10.199999999999992
Base,Base (80/20),LCF-original,Base (80/20),Base (80/20),13,13,False,4,0.0047322740345048242,100,100,0,13.200000000000001
Base,Base (80/20),LCF-original,Base (80/20),Base (80/20),13,13,False,5,0.0053432805366081526,100,100,0,19.199999999999999
Base,Base (80/20),LCF-active,Base (80/20),Base (80/20),13,13,True,1,0.0043418407440185547,100,100,0,16.200000000000003
Base,Base (80/20),LCF-active,Base (80/20),Base (80/20),13,13,True,2,0.0042365636954518893,83.799999999999997,62.799999999999997,21,10.301293647294896
Base,Base (80/20),LCF-active,Base (80/20),Base (80/20),13,13,True,3,0.0048160671121767473,61.199999999999996,38.600000000000001,22.599999999999994,10.884215516949435
Base,Base (80/20),LCF-active,Base (80/20),Base (80/20),13,13,True,4,0.0039807043964437128,47,23.200000000000003,23.799999999999997,12.978723404255321
Base,Base (80/20),LCF-active,Base (80/20),Base (80/20),13,13,True,5,0.0043478340512743685,36,16.199999999999999,19.800000000000001,24.259259259259263
Base,Base (80/20),LCF-active,Base (80/20),Base (80/20),13,13,False,1,0.0043418407440185547,100,100,0,16.200000000000003
Base,Base (80/20),LCF-active,Base (80/20),Base (80/20),13,13,False,2,0.0042365636954518893,100,100,0,14.400000000000002
Base,Base (80/20),LCF-active,Base (80/20),Base (80/20),13,13,False,3,0.0046676530637436153,100,100,0,9.5999999999999979
Base,Base (80/20),LCF-active,Base (80/20),Base (80/20),13,13,False,4,0.004221470331499666,100,100,0,13.600000000000001
Base,Base (80/20),LCF-active,Base (80/20),Base (80/20),13,13,False,5,0.004932880520844507,100,100,0,19.000000000000007
Base,Base (80/20),EO,Base (80/20),Base (80/20),13,13,True,1,0.006424033030848042,100,100,0,4.2000000000000037
Base,Base (80/20),EO,Base (80/20),Base (80/20),13,13,True,2,0.0062082357833660451,80.400000000000006,75.799999999999997,4.6000000000000085,3.7116528177056685
Base,Base (80/20),EO,Base (80/20),Base (80/20),13,13,True,3,0.0072264300158173533,60.399999999999999,53.800000000000004,6.5999999999999943,2.1504714542455505
Base,Base (80/20),EO,Base (80/20),Base (80/20),13,13,True,4,0.0060378135468663885,47.599999999999994,38.600000000000001,8.9999999999999929,5.2466582487917464
Base,Base (80/20),EO,Base (80/20),Base (80/20),13,13,True,5,0.0066176641270385694,38,28.799999999999997,9.2000000000000028,6.4035087719298218
Base,Base (80/20),EO,Base (80/20),Base (80/20),13,13,False,1,0.006424033030848042,100,100,0,4.2000000000000037
Base,Base (80/20),EO,Base (80/20),Base (80/20),13,13,False,2,0.0062082357833660451,100,100,0,6.4000000000000057
Base,Base (80/20),EO,Base (80/20),Base (80/20),13,13,False,3,0.0070426644853101017,100,100,0,-0.40000000000000036
Base,Base (80/20),EO,Base (80/20),Base (80/20),13,13,False,4,0.0062312249382759921,100,100,0,2.8000000000000025
Base,Base (80/20),EO,Base (80/20),Base (80/20),13,13,False,5,0.0071957339073001059,100,100,0,6.9999999999999947
Base,Base (80/20),DP,Base (80/20),Base (80/20),13,13,True,1,0.0064856270550558426,100,100,0,7.5999999999999961
Base,Base (80/20),DP,Base (80/20),Base (80/20),13,13,True,2,0.0062847323383186104,82,73.400000000000006,8.5999999999999943,7.3715690835382546
Base,Base (80/20),DP,Base (80/20),Base (80/20),13,13,True,3,0.0072738820630706691,63.800000000000004,50.799999999999997,13.000000000000007,3.4877693579838609
Base,Base (80/20),DP,Base (80/20),Base (80/20),13,13,True,4,0.0061901784517847114,50.200000000000003,35,15.200000000000003,6.0147979510529304
Base,Base (80/20),DP,Base (80/20),Base (80/20),13,13,True,5,0.0068193621635662671,40.200000000000003,26,14.200000000000003,6.8924607730577954
Base,Base (80/20),DP,Base (80/20),Base (80/20),13,13,False,1,0.0064856270550558426,100,100,0,7.5999999999999961
Base,Base (80/20),DP,Base (80/20),Base (80/20),13,13,False,2,0.0062847323383186104,100,100,0,9.5999999999999979
Base,Base (80/20),DP,Base (80/20),Base (80/20),13,13,False,3,0.0071283296555236797,100,100,0,1.4000000000000012
Base,Base (80/20),DP,Base (80/20),Base (80/20),13,13,False,4,0.0063344478442177721,100,100,0,6.2000000000000055
Base,Base (80/20),DP,Base (80/20),Base (80/20),13,13,False,5,0.0073554970228756344,100,100,0,9.1999999999999975
Base,Base (80/20),Baseline,Base (80/20),Base (80/20),42,42,True,1,0.0064928992551834819,100,100,0,3.0000000000000027
Base,Base (80/20),Baseline,Base (80/20),Base (80/20),42,42,True,2,0.0066859815710779147,76.400000000000006,74.400000000000006,2,1.9549062658334782
Base,Base (80/20),Baseline,Base (80/20),Base (80/20),42,42,True,3,0.0069066312057793899,59.199999999999996,55.600000000000009,3.5999999999999872,11.168092552984643
Base,Base (80/20),Baseline,Base (80/20),Base (80/20),42,42,True,4,0.0052389479829341168,50,40.200000000000003,9.7999999999999972,-0.17910447761193549
Base,Base (80/20),Baseline,Base (80/20),Base (80/20),42,42,True,5,0.0060346184154845828,39.800000000000004,31,8.8000000000000043,2.3180418220132948
Base,Base (80/20),Baseline,Base (80/20),Base (80/20),42,42,False,1,0.0064928992551834819,100,100,0,3.0000000000000027
Base,Base (80/20),Baseline,Base (80/20),Base (80/20),42,42,False,2,0.0066859815710779147,100,100,0,1.0000000000000009
Base,Base (80/20),Baseline,Base (80/20),Base (80/20),42,42,False,3,0.0070991348671319843,100,100,0,8.9999999999999964
Base,Base (80/20),Baseline,Base (80/20),Base (80/20),42,42,False,4,0.0052388421088386261,100,100,0,6.0000000000000053
Base,Base (80/20),Baseline,Base (80/20),Base (80/20),42,42,False,5,0.0058032864554532493,100,100,0,-1.8000000000000016
Base,Base (80/20),LCF-original,Base (80/20),Base (80/20),42,42,True,1,0.0044450759887695312,100,100,0,9.3999999999999968
Base,Base (80/20),LCF-original,Base (80/20),Base (80/20),42,42,True,2,0.0045959703020774789,74.599999999999994,62.200000000000003,12.399999999999991,14.342732515538387
Base,Base (80/20),LCF-original,Base (80/20),Base (80/20),42,42,True,3,0.0049523682504958311,56.999999999999993,39.200000000000003,17.79999999999999,18.770139634801286
Base,Base (80/20),LCF-original,Base (80/20),Base (80/20),42,42,True,4,0.0043528746227182724,46.400000000000006,23.599999999999998,22.800000000000008,10.344827586206895
Base,Base (80/20),LCF-original,Base (80/20),Base (80/20),42,42,True,5,0.0043826533059885264,37.200000000000003,15.4,21.800000000000004,8.5812037424940701
Base,Base (80/20),LCF-original,Base (80/20),Base (80/20),42,42,False,1,0.0044450759887695312,100,100,0,9.3999999999999968
Base,Base (80/20),LCF-original,Base (80/20),Base (80/20),42,42,False,2,0.0045959703020774789,100,100,0,12.4
Base,Base (80/20),LCF-original,Base (80/20),Base (80/20),42,42,False,3,0.0049709854231300143,100,100,0,15.600000000000003
Base,Base (80/20),LCF-original,Base (80/20),Base (80/20),42,42,False,4,0.0042938062461542748,100,100,0,13.4
Base,Base (80/20),LCF-original,Base (80/20),Base (80/20),42,42,False,5,0.0043229365920800511,100,100,0,12
Base,Base (80/20),LCF-active,Base (80/20),Base (80/20),42,42,True,1,0.0043418407440185547,100,100,0,9.9999999999999982
Base,Base (80/20),LCF-active,Base (80/20),Base (80/20),42,42,True,2,0.0044868310331956929,76.200000000000003,63,13.200000000000003,13.248343957005382
Base,Base (80/20),LCF-active,Base (80/20),Base (80/20),42,42,True,3,0.0047804420664381286,58.799999999999997,41,17.799999999999997,17.989049278247883
Base,Base (80/20),LCF-active,Base (80/20),Base (80/20),42,42,True,4,0.0036441683836343497,48.399999999999999,25.399999999999999,23,10.054011843560884
Base,Base (80/20),LCF-active,Base (80/20),Base (80/20),42,42,True,5,0.0039643582591611937,39.399999999999999,17.800000000000001,21.599999999999998,10.026806593281245
Base,Base (80/20),LCF-active,Base (80/20),Base (80/20),42,42,False,1,0.0043418407440185547,100,100,0,9.9999999999999982
Base,Base (80/20),LCF-active,Base (80/20),Base (80/20),42,42,False,2,0.0044868310331956929,100,100,0,11.799999999999999
Base,Base (80/20),LCF-active,Base (80/20),Base (80/20),42,42,False,3,0.0047807224011298111,100,100,0,16.400000000000002
Base,Base (80/20),LCF-active,Base (80/20),Base (80/20),42,42,False,4,0.0035909116081551673,100,100,0,14.200000000000001
Base,Base (80/20),LCF-active,Base (80/20),Base (80/20),42,42,False,5,0.0038349383441299567,100,100,0,10.399999999999999
Base,Base (80/20),EO,Base (80/20),Base (80/20),42,42,True,1,0.006424033030848042,100,100,0,-1.8000000000000016
Base,Base (80/20),EO,Base (80/20),Base (80/20),42,42,True,2,0.0066145150874190595,72.799999999999997,76.400000000000006,3.6000000000000085,-2.4164317358034593
Base,Base (80/20),EO,Base (80/20),Base (80/20),42,42,True,3,0.0068701404887234752,55.000000000000007,59.799999999999997,4.7999999999999901,8.2797202797202818
Base,Base (80/20),EO,Base (80/20),Base (80/20),42,42,True,4,0.0051820139310477797,46,43.399999999999999,2.6000000000000014,-2.4203566419555234
Base,Base (80/20),EO,Base (80/20),Base (80/20),42,42,True,5,0.0059822172414552011,35.799999999999997,34.599999999999994,1.2000000000000028,1.7018116059030586
Base,Base (80/20),EO,Base (80/20),Base (80/20),42,42,False,1,0.006424033030848042,100,100,0,-1.8000000000000016
Base,Base (80/20),EO,Base (80/20),Base (80/20),42,42,False,2,0.0066145150874190595,100,100,0,-3.2000000000000028
Base,Base (80/20),EO,Base (80/20),Base (80/20),42,42,False,3,0.0069708518616959925,100,100,0,5.7999999999999936
Base,Base (80/20),EO,Base (80/20),Base (80/20),42,42,False,4,0.0051227430701241694,100,100,0,3.8000000000000034
Base,Base (80/20),EO,Base (80/20),Base (80/20),42,42,False,5,0.0056769149633467686,100,100,0,-2.6000000000000023
Base,Base (80/20),DP,Base (80/20),Base (80/20),42,42,True,1,0.0064856270550558426,100,100,0,3.0000000000000027
Base,Base (80/20),DP,Base (80/20),Base (80/20),42,42,True,2,0.006671119752669652,76.400000000000006,74.400000000000006,2,1.9549062658334782
Base,Base (80/20),DP,Base (80/20),Base (80/20),42,42,True,3,0.0068901664607117219,59.199999999999996,55.600000000000009,3.5999999999999872,11.168092552984643
Base,Base (80/20),DP,Base (80/20),Base (80/20),42,42,True,4,0.0051928871629730589,50,40.200000000000003,9.7999999999999972,-0.17910447761193549
Base,Base (80/20),DP,Base (80/20),Base (80/20),42,42,True,5,0.0059992439995917302,39.800000000000004,31,8.8000000000000043,2.3180418220132948
Base,Base (80/20),DP,Base (80/20),Base (80/20),42,42,False,1,0.0064856270550558426,100,100,0,3.0000000000000027
Base,Base (80/20),DP,Base (80/20),Base (80/20),42,42,False,2,0.006671119752669652,100,100,0,1.0000000000000009
Base,Base (80/20),DP,Base (80/20),Base (80/20),42,42,False,3,0.0070804093590638439,100,100,0,8.9999999999999964
Base,Base (80/20),DP,Base (80/20),Base (80/20),42,42,False,4,0.00520225605934721,100,100,0,6.0000000000000053
Base,Base (80/20),DP,Base (80/20),Base (80/20),42,42,False,5,0.0057785227057930433,100,100,0,-1.8000000000000016
Base,Base (80/20),Baseline,Base (80/20),Base (80/20),99,99,True,1,0.0064928992551834819,100,100,0,-1.2000000000000011
Base,Base (80/20),Baseline,Base (80/20),Base (80/20),99,99,True,2,0.0056584671168043998,78.400000000000006,78.200000000000003,0.20000000000000284,2.898768202933355
Base,Base (80/20),Baseline,Base (80/20),Base (80/20),99,99,True,3,0.0059251557212715023,61,56.200000000000003,4.7999999999999972,11.884954203372022
Base,Base (80/20),Baseline,Base (80/20),Base (80/20),99,99,True,4,0.0052859117374473019,49.200000000000003,39.200000000000003,10,5.7615729218516654
Base,Base (80/20),Baseline,Base (80/20),Base (80/20),99,99,True,5,0.0052795451019715944,39,29.799999999999997,9.2000000000000028,6.7768026157287835
Base,Base (80/20),Baseline,Base (80/20),Base (80/20),99,99,False,1,0.0064928992551834819,100,100,0,-1.2000000000000011
Base,Base (80/20),Baseline,Base (80/20),Base (80/20),99,99,False,2,0.0056584671168043998,100,100,0,2.4000000000000021
Base,Base (80/20),Baseline,Base (80/20),Base (80/20),99,99,False,3,0.0057650499699540836,100,100,0,12.4
Base,Base (80/20),Baseline,Base (80/20),Base (80/20),99,99,False,4,0.0049839979760750719,100,100,0,3.0000000000000027
Base,Base (80/20),Baseline,Base (80/20),Base (80/20),99,99,False,5,0.0051335651904519386,100,100,0,4.2000000000000037
Base,Base (80/20),LCF-original,Base (80/20),Base (80/20),99,99,True,1,0.0044450759887695312,100,100,0,12.199999999999999
Base,Base (80/20),LCF-original,Base (80/20),Base (80/20),99,99,True,2,0.0040586759142580142,80,60.399999999999999,19.600000000000001,11.486754966887414
Base,Base (80/20),LCF-original,Base (80/20),Base (80/20),99,99,True,3,0.0040549983762265818,58.799999999999997,36.600000000000001,22.199999999999996,18.869187019069926
Base,Base (80/20),LCF-original,Base (80/20),Base (80/20),99,99,True,4,0.003758316591465749,47.399999999999999,22.800000000000001,24.599999999999998,19.464801243615369
Base,Base (80/20),LCF-original,Base (80/20),Base (80/20),99,99,True,5,0.0037028707705298869,37.600000000000001,14.799999999999999,22.800000000000004,20.342150661299602
Base,Base (80/20),LCF-original,Base (80/20),Base (80/20),99,99,False,1,0.0044450759887695312,100,100,0,12.199999999999999
Base,Base (80/20),LCF-original,Base (80/20),Base (80/20),99,99,False,2,0.0040586759142580142,100,100,0,11.6
Base,Base (80/20),LCF-original,Base (80/20),Base (80/20),99,99,False,3,0.0039921151606773231,100,100,0,20
Base,Base (80/20),LCF-original,Base (80/20),Base (80/20),99,99,False,4,0.0036668378210893415,100,100,0,13.200000000000001
Base,Base (80/20),LCF-original,Base (80/20),Base (80/20),99,99,False,5,0.0039058256901911559,100,100,0,12.6
Base,Base (80/20),LCF-active,Base (80/20),Base (80/20),99,99,True,1,0.0043418407440185547,100,100,0,10.799999999999999
Base,Base (80/20),LCF-active,Base (80/20),Base (80/20),99,99,True,2,0.0039144843246126104,80.600000000000009,63.399999999999999,17.20000000000001,12.078966113768191
Base,Base (80/20),LCF-active,Base (80/20),Base (80/20),99,99,True,3,0.0040152081430546716,60.199999999999996,38.399999999999999,21.799999999999997,19.471553156146182
Base,Base (80/20),LCF-active,Base (80/20),Base (80/20),99,99,True,4,0.0035853802881927743,49,24.399999999999999,24.600000000000001,14.084978253596525
Base,Base (80/20),LCF-active,Base (80/20),Base (80/20),99,99,True,5,0.0035198763096125907,39.200000000000003,17.199999999999999,22.000000000000004,23.077835785476982
Base,Base (80/20),LCF-active,Base (80/20),Base (80/20),99,99,False,1,0.0043418407440185547,100,100,0,10.799999999999999
Base,Base (80/20),LCF-active,Base (80/20),Base (80/20),99,99,False,2,0.0039144843246126104,100,100,0,11.799999999999999
Base,Base (80/20),LCF-active,Base (80/20),Base (80/20),99,99,False,3,0.0040110501146083388,100,100,0,21.200000000000003
Base,Base (80/20),LCF-active,Base (80/20),Base (80/20),99,99,False,4,0.0036089644023009626,100,100,0,13.4
Base,Base (80/20),LCF-active,Base (80/20),Base (80/20),99,99,False,5,0.003812189682759537,100,100,0,13
Base,Base (80/20),EO,Base (80/20),Base (80/20),99,99,True,1,0.006424033030848042,100,100,0,-4.6000000000000041
Base,Base (80/20),EO,Base (80/20),Base (80/20),99,99,True,2,0.0056064744217428908,76.599999999999994,79.600000000000009,3.0000000000000142,0.16925357859794987
Base,Base (80/20),EO,Base (80/20),Base (80/20),99,99,True,3,0.0058428605393791022,57.999999999999993,58.399999999999999,0.40000000000000568,8.6844591402928657
Base,Base (80/20),EO,Base (80/20),Base (80/20),99,99,True,4,0.0052522719038415877,46.400000000000006,42.199999999999996,4.2000000000000099,4.1203628043797957
Base,Base (80/20),EO,Base (80/20),Base (80/20),99,99,True,5,0.0053273480749879143,36.399999999999999,32.399999999999999,4,3.1746031746031744
Base,Base (80/20),EO,Base (80/20),Base (80/20),99,99,False,1,0.006424033030848042,100,100,0,-4.6000000000000041
Base,Base (80/20),EO,Base (80/20),Base (80/20),99,99,False,2,0.0056064744217428908,100,100,0,-0.60000000000000053
Base,Base (80/20),EO,Base (80/20),Base (80/20),99,99,False,3,0.0057394771097001307,100,100,0,9.7999999999999972
Base,Base (80/20),EO,Base (80/20),Base (80/20),99,99,False,4,0.0049473835408870848,100,100,0,1.4000000000000012
Base,Base (80/20),EO,Base (80/20),Base (80/20),99,99,False,5,0.0051003005756959929,100,100,0,1.2000000000000011
Base,Base (80/20),DP,Base (80/20),Base (80/20),99,99,True,1,0.0064856270550558426,100,100,0,-1.2000000000000011
Base,Base (80/20),DP,Base (80/20),Base (80/20),99,99,True,2,0.005641450789356961,78.400000000000006,78.200000000000003,0.20000000000000284,2.898768202933355
Base,Base (80/20),DP,Base (80/20),Base (80/20),99,99,True,3,0.0059173692434764114,61,56.200000000000003,4.7999999999999972,11.884954203372022
Base,Base (80/20),DP,Base (80/20),Base (80/20),99,99,True,4,0.0052753665724120102,49.200000000000003,39.200000000000003,10,5.7615729218516654
Base,Base (80/20),DP,Base (80/20),Base (80/20),99,99,True,5,0.0052672943235574365,39,29.799999999999997,9.2000000000000028,6.7768026157287835
Base,Base (80/20),DP,Base (80/20),Base (80/20),99,99,False,1,0.0064856270550558426,100,100,0,-1.2000000000000011
Base,Base (80/20),DP,Base (80/20),Base (80/20),99,99,False,2,0.005641450789356961,100,100,0,2.4000000000000021
Base,Base (80/20),DP,Base (80/20),Base (80/20),99,99,False,3,0.0057637772154610634,100,100,0,12.4
Base,Base (80/20),DP,Base (80/20),Base (80/20),99,99,False,4,0.0049814076534064888,100,100,0,3.0000000000000027
Base,Base (80/20),DP,Base (80/20),Base (80/20),99,99,False,5,0.0051267547529755264,100,100,0,4.2000000000000037
Base,Erdős–Rényi,Baseline,Erdős–Rényi,Erdős–Rényi,2026,2026,True,1,0.0062788929026658113,100,100,0,7.0000000000000062
Base,Erdős–Rényi,Baseline,Erdős–Rényi,Erdős–Rényi,2026,2026,True,2,0.0063660351644433399,80.600000000000009,70.199999999999989,10.40000000000002,0.76279753699108888
Base,Erdős–Rényi,Baseline,Erdős–Rényi,Erdős–Rényi,2026,2026,True,3,0.0061771731648453398,62.799999999999997,53,9.7999999999999972,2.5513760365340699
Base,Erdős–Rényi,Baseline,Erdős–Rényi,Erdős–Rényi,2026,2026,True,4,0.0060238025213158464,48.799999999999997,40.600000000000001,8.1999999999999957,-2.7255107809093126
Base,Erdős–Rényi,Baseline,Erdős–Rényi,Erdős–Rényi,2026,2026,True,5,0.006151752028415336,36.799999999999997,32.200000000000003,4.5999999999999943,4.503105590062118
Base,Erdős–Rényi,Baseline,Erdős–Rényi,Erdős–Rényi,2026,2026,False,1,0.0062788929026658113,100,100,0,7.0000000000000062
Base,Erdős–Rényi,Baseline,Erdős–Rényi,Erdős–Rényi,2026,2026,False,2,0.0063660351644433399,100,100,0,4.0000000000000036
Base,Erdős–Rényi,Baseline,Erdős–Rényi,Erdős–Rényi,2026,2026,False,3,0.0058074885807696264,100,100,0,3.6000000000000032
Base,Erdős–Rényi,Baseline,Erdős–Rényi,Erdős–Rényi,2026,2026,False,4,0.0060971062902870354,100,100,0,-5.4000000000000048
Base,Erdős–Rényi,Baseline,Erdős–Rényi,Erdős–Rényi,2026,2026,False,5,0.0068238523371839666,100,100,0,3.6000000000000032
Base,Erdős–Rényi,LCF-original,Erdős–Rényi,Erdős–Rényi,2026,2026,True,1,0.0046932697296142578,100,100,0,17.800000000000001
Base,Erdős–Rényi,LCF-original,Erdős–Rényi,Erdős–Rényi,2026,2026,True,2,0.0047273450066024347,82.799999999999997,55.800000000000004,26.999999999999993,13.923952002493373
Base,Erdős–Rényi,LCF-original,Erdős–Rényi,Erdős–Rényi,2026,2026,True,3,0.0045962651594315673,61.799999999999997,33.800000000000004,27.999999999999993,12.810938128339178
Base,Erdős–Rényi,LCF-original,Erdős–Rényi,Erdős–Rényi,2026,2026,True,4,0.0045328583240589193,48,20.599999999999998,27.400000000000002,8.5315533980582501
Base,Erdős–Rényi,LCF-original,Erdős–Rényi,Erdős–Rényi,2026,2026,True,5,0.0045545961715421912,36.399999999999999,12.6,23.799999999999997,9.0354090354090424
Base,Erdős–Rényi,LCF-original,Erdős–Rényi,Erdős–Rényi,2026,2026,False,1,0.0046932697296142578,100,100,0,17.800000000000001
Base,Erdős–Rényi,LCF-original,Erdős–Rényi,Erdős–Rényi,2026,2026,False,2,0.0047273450066024347,100,100,0,13.200000000000001
Base,Erdős–Rényi,LCF-original,Erdős–Rényi,Erdős–Rényi,2026,2026,False,3,0.0044499594496133499,100,100,0,11.199999999999999
Base,Erdős–Rényi,LCF-original,Erdős–Rényi,Erdős–Rényi,2026,2026,False,4,0.0046928756677327987,100,100,0,2.4000000000000021
Base,Erdős–Rényi,LCF-original,Erdős–Rényi,Erdős–Rényi,2026,2026,False,5,0.0052987670401795084,100,100,0,13.600000000000001
Base,Erdős–Rényi,LCF-active,Erdős–Rényi,Erdős–Rényi,2026,2026,True,1,0.0031757950782775879,100,100,0,18.199999999999999
Base,Erdős–Rényi,LCF-active,Erdős–Rényi,Erdős–Rényi,2026,2026,True,2,0.003173955800742867,83.200000000000003,57.999999999999993,25.20000000000001,15.112732095490722
Base,Erdős–Rényi,LCF-active,Erdős–Rényi,Erdős–Rényi,2026,2026,True,3,0.0030788228061733314,63.600000000000001,35.799999999999997,27.800000000000004,11.148589297635358
Base,Erdős–Rényi,LCF-active,Erdős–Rényi,Erdős–Rényi,2026,2026,True,4,0.0029326646026418546,50.200000000000003,23.799999999999997,26.400000000000006,14.998828216545579
Base,Erdős–Rényi,LCF-active,Erdős–Rényi,Erdős–Rényi,2026,2026,True,5,0.0029763649753452581,39.200000000000003,13.4,25.800000000000004,14.011574779165404
Base,Erdős–Rényi,LCF-active,Erdős–Rényi,Erdős–Rényi,2026,2026,False,1,0.0031757950782775879,100,100,0,18.199999999999999
Base,Erdős–Rényi,LCF-active,Erdős–Rényi,Erdős–Rényi,2026,2026,False,2,0.003173955800742867,100,100,0,13.800000000000001
Base,Erdős–Rényi,LCF-active,Erdős–Rényi,Erdős–Rényi,2026,2026,False,3,0.0029701682347192948,100,100,0,10.599999999999998
Base,Erdős–Rényi,LCF-active,Erdős–Rényi,Erdős–Rényi,2026,2026,False,4,0.0029862343084953169,100,100,0,4.7999999999999936
Base,Erdős–Rényi,LCF-active,Erdős–Rényi,Erdős–Rényi,2026,2026,False,5,0.0033865196045116397,100,100,0,14.600000000000001
Base,Erdős–Rényi,EO,Erdős–Rényi,Erdős–Rényi,2026,2026,True,1,0.0062205350479677124,100,100,0,5.2000000000000046
Base,Erdős–Rényi,EO,Erdős–Rényi,Erdős–Rényi,2026,2026,True,2,0.0062962663680256048,79.800000000000011,71.799999999999997,8.0000000000000142,-0.018151227651308499
Base,Erdős–Rényi,EO,Erdős–Rényi,Erdős–Rényi,2026,2026,True,3,0.0060066608510501718,61.799999999999997,54.400000000000006,7.3999999999999915,3.2552826956025127
Base,Erdős–Rényi,EO,Erdős–Rényi,Erdős–Rényi,2026,2026,True,4,0.0058493535579802192,47.799999999999997,41.600000000000001,6.1999999999999957,-5.2401834567106569
Base,Erdős–Rényi,EO,Erdős–Rényi,Erdős–Rényi,2026,2026,True,5,0.005945512295925659,35.199999999999996,32.800000000000004,2.3999999999999915,4.1990022172949004
Base,Erdős–Rényi,EO,Erdős–Rényi,Erdős–Rényi,2026,2026,False,1,0.0062205350479677124,100,100,0,5.2000000000000046
Base,Erdős–Rényi,EO,Erdős–Rényi,Erdős–Rényi,2026,2026,False,2,0.0062962663680256048,100,100,0,2.200000000000002
Base,Erdős–Rényi,EO,Erdős–Rényi,Erdős–Rényi,2026,2026,False,3,0.0057303694528274551,100,100,0,1.2000000000000011
Base,Erdős–Rényi,EO,Erdős–Rényi,Erdős–Rényi,2026,2026,False,4,0.0059949392322793393,100,100,0,-8.4000000000000075
Base,Erdős–Rényi,EO,Erdős–Rényi,Erdős–Rényi,2026,2026,False,5,0.0066836473683733466,100,100,0,0.60000000000000053
Base,Erdős–Rényi,DP,Erdős–Rényi,Erdős–Rényi,2026,2026,True,1,0.006272661029969262,100,100,0,7.0000000000000062
Base,Erdős–Rényi,DP,Erdős–Rényi,Erdős–Rényi,2026,2026,True,2,0.0063502432678765874,80.600000000000009,70.199999999999989,10.40000000000002,0.76279753699108888
Base,Erdős–Rényi,DP,Erdős–Rényi,Erdős–Rényi,2026,2026,True,3,0.0061630798830429878,62.799999999999997,53,9.7999999999999972,2.5513760365340699
Base,Erdős–Rényi,DP,Erdős–Rényi,Erdős–Rényi,2026,2026,True,4,0.0060023834528547537,48.799999999999997,40.600000000000001,8.1999999999999957,-2.7255107809093126
Base,Erdős–Rényi,DP,Erdős–Rényi,Erdős–Rényi,2026,2026,True,5,0.0061281347538928443,36.799999999999997,32.200000000000003,4.5999999999999943,4.503105590062118
Base,Erdős–Rényi,DP,Erdős–Rényi,Erdős–Rényi,2026,2026,False,1,0.006272661029969262,100,100,0,7.0000000000000062
Base,Erdős–Rényi,DP,Erdős–Rényi,Erdős–Rényi,2026,2026,False,2,0.0063502432678765874,100,100,0,4.0000000000000036
Base,Erdős–Rényi,DP,Erdős–Rényi,Erdős–Rényi,2026,2026,False,3,0.0057793504481782332,100,100,0,3.6000000000000032
Base,Erdős–Rényi,DP,Erdős–Rényi,Erdős–Rényi,2026,2026,False,4,0.006056906281661445,100,100,0,-5.4000000000000048
Base,Erdős–Rényi,DP,Erdős–Rényi,Erdős–Rényi,2026,2026,False,5,0.0067867480216033949,100,100,0,3.400000000000003
Base,Erdős–Rényi,Baseline,Erdős–Rényi,Erdős–Rényi,7,7,True,1,0.0062788929026658113,100,100,0,4.5999999999999925
Base,Erdős–Rényi,Baseline,Erdős–Rényi,Erdős–Rényi,7,7,True,2,0.0067653982134600055,81.200000000000003,76.599999999999994,4.6000000000000085,6.2039383143191573
Base,Erdős–Rényi,Baseline,Erdős–Rényi,Erdős–Rényi,7,7,True,3,0.0058272628237170387,63.200000000000003,54.400000000000006,8.7999999999999972,5.4867833209233048
Base,Erdős–Rényi,Baseline,Erdős–Rényi,Erdős–Rényi,7,7,True,4,0.0059960239340354216,50.600000000000001,41.199999999999996,9.4000000000000057,-2.1336198626194403
Base,Erdős–Rényi,Baseline,Erdős–Rényi,Erdős–Rényi,7,7,True,5,0.0061519728302286136,41.799999999999997,33.800000000000004,7.9999999999999929,6.630616347215545
Base,Erdős–Rényi,Baseline,Erdős–Rényi,Erdős–Rényi,7,7,False,1,0.0062788929026658113,100,100,0,4.5999999999999925
Base,Erdős–Rényi,Baseline,Erdős–Rényi,Erdős–Rényi,7,7,False,2,0.0067653982134600055,100,100,0,4.6000000000000041
Base,Erdős–Rényi,Baseline,Erdős–Rényi,Erdős–Rényi,7,7,False,3,0.0054802649382188484,100,100,0,3.400000000000003
Base,Erdős–Rényi,Baseline,Erdős–Rényi,Erdős–Rényi,7,7,False,4,0.0057844679239669183,100,100,0,1.2000000000000011
Base,Erdős–Rényi,Baseline,Erdős–Rényi,Erdős–Rényi,7,7,False,5,0.0059697646699408136,100,100,0,5.0000000000000044
Base,Erdős–Rényi,LCF-original,Erdős–Rényi,Erdős–Rényi,7,7,True,1,0.0046932697296142578,100,100,0,12.800000000000001
Base,Erdős–Rényi,LCF-original,Erdős–Rényi,Erdős–Rényi,7,7,True,2,0.0050555634189567433,78.600000000000009,63,15.600000000000009,13.512662062280389
Base,Erdős–Rényi,LCF-original,Erdős–Rényi,Erdős–Rényi,7,7,True,3,0.0045324526891815653,59,38.200000000000003,20.799999999999997,11.587541041796079
Base,Erdős–Rényi,LCF-original,Erdős–Rényi,Erdős–Rényi,7,7,True,4,0.0046438472034230349,44.800000000000004,24.800000000000001,20.000000000000004,10.181451612903224
Base,Erdős–Rényi,LCF-original,Erdős–Rényi,Erdős–Rényi,7,7,True,5,0.0047402839750075865,35,16.400000000000002,18.599999999999998,12.745644599303136
Base,Erdős–Rényi,LCF-original,Erdős–Rényi,Erdős–Rényi,7,7,False,1,0.0046932697296142578,100,100,0,12.800000000000001
Base,Erdős–Rényi,LCF-original,Erdős–Rényi,Erdős–Rényi,7,7,False,2,0.0050555634189567433,100,100,0,12.4
Base,Erdős–Rényi,LCF-original,Erdős–Rényi,Erdős–Rényi,7,7,False,3,0.004341808276763004,100,100,0,10.399999999999999
Base,Erdős–Rényi,LCF-original,Erdős–Rényi,Erdős–Rényi,7,7,False,4,0.0046033586210459942,100,100,0,14.199999999999996
Base,Erdős–Rényi,LCF-original,Erdős–Rényi,Erdős–Rényi,7,7,False,5,0.0045837924799083662,100,100,0,16.399999999999999
Base,Erdős–Rényi,LCF-active,Erdős–Rényi,Erdős–Rényi,7,7,True,1,0.0031757950782775879,100,100,0,13.200000000000001
Base,Erdős–Rényi,LCF-active,Erdős–Rényi,Erdős–Rényi,7,7,True,2,0.0033274203465437635,80.200000000000003,64.400000000000006,15.799999999999997,14.894440916342678
Base,Erdős–Rényi,LCF-active,Erdős–Rényi,Erdős–Rényi,7,7,True,3,0.002884192148934428,61,39.399999999999999,21.600000000000001,13.828742614629274
Base,Erdős–Rényi,LCF-active,Erdős–Rényi,Erdős–Rényi,7,7,True,4,0.0029637609247252783,48.199999999999996,26.200000000000003,21.999999999999993,10.747204713186154
Base,Erdős–Rényi,LCF-active,Erdős–Rényi,Erdős–Rényi,7,7,True,5,0.0030390590148854368,38,17.399999999999999,20.600000000000001,16.944948578342405
Base,Erdős–Rényi,LCF-active,Erdős–Rényi,Erdős–Rényi,7,7,False,1,0.0031757950782775879,100,100,0,13.200000000000001
Base,Erdős–Rényi,LCF-active,Erdős–Rényi,Erdős–Rényi,7,7,False,2,0.0033274203465437635,100,100,0,13
Base,Erdős–Rényi,LCF-active,Erdős–Rényi,Erdős–Rényi,7,7,False,3,0.0027482245668424277,100,100,0,11.6
Base,Erdős–Rényi,LCF-active,Erdős–Rényi,Erdős–Rényi,7,7,False,4,0.0028970015984900455,100,100,0,13.800000000000001
Base,Erdős–Rényi,LCF-active,Erdős–Rényi,Erdős–Rényi,7,7,False,5,0.0029184096706210694,100,100,0,16.599999999999998
Base,Erdős–Rényi,EO,Erdős–Rényi,Erdős–Rényi,7,7,True,1,0.0062205350479677124,100,100,0,0.80000000000000071
Base,Erdős–Rényi,EO,Erdős–Rényi,Erdős–Rényi,7,7,True,2,0.0066760474437838058,77.799999999999997,77.400000000000006,0.39999999999999147,4.825199444676942
Base,Erdős–Rényi,EO,Erdős–Rényi,Erdős–Rényi,7,7,True,3,0.0057463210340370496,60.399999999999999,55.800000000000004,4.5999999999999943,3.060836953167656
Base,Erdős–Rényi,EO,Erdős–Rényi,Erdős–Rényi,7,7,True,4,0.005850522410708936,48.199999999999996,43.399999999999999,4.7999999999999972,-4.9467464672925736
Base,Erdős–Rényi,EO,Erdős–Rényi,Erdős–Rényi,7,7,True,5,0.0060307559920226295,39,37.200000000000003,1.7999999999999972,1.2489660876757624
Base,Erdős–Rényi,EO,Erdős–Rényi,Erdős–Rényi,7,7,False,1,0.0062205350479677124,100,100,0,0.80000000000000071
Base,Erdős–Rényi,EO,Erdős–Rényi,Erdős–Rényi,7,7,False,2,0.0066760474437838058,100,100,0,2.8000000000000025
Base,Erdős–Rényi,EO,Erdős–Rényi,Erdős–Rényi,7,7,False,3,0.0053764641279190339,100,100,0,1.2000000000000011
Base,Erdős–Rényi,EO,Erdős–Rényi,Erdős–Rényi,7,7,False,4,0.0056634585807850968,100,100,0,-0.60000000000000053
Base,Erdős–Rényi,EO,Erdős–Rényi,Erdős–Rényi,7,7,False,5,0.0058638677075640855,100,100,0,2.8000000000000025
Base,Erdős–Rényi,DP,Erdős–Rényi,Erdős–Rényi,7,7,True,1,0.006272661029969262,100,100,0,4.5999999999999925
Base,Erdős–Rényi,DP,Erdős–Rényi,Erdős–Rényi,7,7,True,2,0.0067542986330947352,81.200000000000003,76.599999999999994,4.6000000000000085,6.2039383143191573
Base,Erdős–Rényi,DP,Erdős–Rényi,Erdős–Rényi,7,7,True,3,0.0058093768616734875,63.200000000000003,54.400000000000006,8.7999999999999972,5.4867833209233048
Base,Erdős–Rényi,DP,Erdős–Rényi,Erdős–Rényi,7,7,True,4,0.0059754904719546698,50.600000000000001,41.199999999999996,9.4000000000000057,-2.1336198626194403
Base,Erdős–Rényi,DP,Erdős–Rényi,Erdős–Rényi,7,7,True,5,0.0061373385129034341,41.799999999999997,33.800000000000004,7.9999999999999929,7.1090852467370684
Base,Erdős–Rényi,DP,Erdős–Rényi,Erdős–Rényi,7,7,False,1,0.006272661029969262,100,100,0,4.5999999999999925
Base,Erdős–Rényi,DP,Erdős–Rényi,Erdős–Rényi,7,7,False,2,0.0067542986330947352,100,100,0,4.6000000000000041
Base,Erdős–Rényi,DP,Erdős–Rényi,Erdős–Rényi,7,7,False,3,0.0054578333453260131,100,100,0,3.400000000000003
Base,Erdős–Rényi,DP,Erdős–Rényi,Erdős–Rényi,7,7,False,4,0.005765369173045265,100,100,0,1.2000000000000011
Base,Erdős–Rényi,DP,Erdős–Rényi,Erdős–Rényi,7,7,False,5,0.0059552722766125221,100,100,0,5.2000000000000046
Base,Erdős–Rényi,Baseline,Erdős–Rényi,Erdős–Rényi,13,13,True,1,0.0062788929026658113,100,100,0,6.5999999999999943
Base,Erdős–Rényi,Baseline,Erdős–Rényi,Erdős–Rényi,13,13,True,2,0.0061632129266226965,82.599999999999994,76.799999999999997,5.7999999999999972,8.4033242534301884
Base,Erdős–Rényi,Baseline,Erdős–Rényi,Erdős–Rényi,13,13,True,3,0.0071837346456997686,66,55.000000000000007,10.999999999999993,0.54545454545454897
Base,Erdős–Rényi,Baseline,Erdős–Rényi,Erdős–Rényi,13,13,True,4,0.0061731838085697932,49.600000000000001,39.800000000000004,9.7999999999999972,7.5457934835467704
Base,Erdős–Rényi,Baseline,Erdős–Rényi,Erdős–Rényi,13,13,True,5,0.0064011478879675288,39,29.399999999999999,9.6000000000000014,10.057561486132915
Base,Erdős–Rényi,Baseline,Erdős–Rényi,Erdős–Rényi,13,13,False,1,0.0062788929026658113,100,100,0,6.5999999999999943
Base,Erdős–Rényi,Baseline,Erdős–Rényi,Erdős–Rényi,13,13,False,2,0.0061632129266226965,100,100,0,9.3999999999999968
Base,Erdős–Rényi,Baseline,Erdős–Rényi,Erdős–Rényi,13,13,False,3,0.0068900724867080321,100,100,0,1.2000000000000011
Base,Erdős–Rényi,Baseline,Erdős–Rényi,Erdős–Rényi,13,13,False,4,0.0062426132056410122,100,100,0,5.8000000000000052
Base,Erdős–Rényi,Baseline,Erdős–Rényi,Erdős–Rényi,13,13,False,5,0.0072031289019482969,100,100,0,8.7999999999999972
Base,Erdős–Rényi,LCF-original,Erdős–Rényi,Erdős–Rényi,13,13,True,1,0.0046932697296142578,100,100,0,14.800000000000002
Base,Erdős–Rényi,LCF-original,Erdős–Rényi,Erdős–Rényi,13,13,True,2,0.0048436498635359149,80.400000000000006,63,17.400000000000006,9.1400142146410843
Base,Erdős–Rényi,LCF-original,Erdős–Rényi,Erdős–Rényi,13,13,True,3,0.005171928113771096,58.199999999999996,39.600000000000001,18.599999999999994,8.7004061230865339
Base,Erdős–Rényi,LCF-original,Erdős–Rényi,Erdős–Rényi,13,13,True,4,0.0047444739559103777,42.600000000000001,24.399999999999999,18.200000000000003,13.141691680135459
Base,Erdős–Rényi,LCF-original,Erdős–Rényi,Erdős–Rényi,13,13,True,5,0.0049395984548926686,31.800000000000001,15.800000000000001,16,27.418199187962738
Base,Erdős–Rényi,LCF-original,Erdős–Rényi,Erdős–Rényi,13,13,False,1,0.0046932697296142578,100,100,0,14.800000000000002
Base,Erdős–Rényi,LCF-original,Erdős–Rényi,Erdős–Rényi,13,13,False,2,0.0048436498635359149,100,100,0,12.999999999999995
Base,Erdős–Rényi,LCF-original,Erdős–Rényi,Erdős–Rényi,13,13,False,3,0.0050354214856721535,100,100,0,9.9999999999999929
Base,Erdős–Rényi,LCF-original,Erdős–Rényi,Erdős–Rényi,13,13,False,4,0.0049366435300934874,100,100,0,13.200000000000001
Base,Erdős–Rényi,LCF-original,Erdős–Rényi,Erdős–Rényi,13,13,False,5,0.0055626526962359035,100,100,0,19.400000000000002
Base,Erdős–Rényi,LCF-active,Erdős–Rényi,Erdős–Rényi,13,13,True,1,0.0031757950782775879,100,100,0,16.000000000000004
Base,Erdős–Rényi,LCF-active,Erdős–Rényi,Erdős–Rényi,13,13,True,2,0.0031434433105806958,81.200000000000003,63.600000000000001,17.600000000000001,10.318493044582834
Base,Erdős–Rényi,LCF-active,Erdős–Rényi,Erdős–Rényi,13,13,True,3,0.0035087351250219223,61.399999999999999,41.600000000000001,19.799999999999997,6.3674517664745744
Base,Erdős–Rényi,LCF-active,Erdős–Rényi,Erdős–Rényi,13,13,True,4,0.0029864936294725641,45,27.400000000000002,17.599999999999998,12.301703163017031
Base,Erdős–Rényi,LCF-active,Erdős–Rényi,Erdős–Rényi,13,13,True,5,0.0031495778444587952,33.200000000000003,17.800000000000001,15.400000000000002,23.047245160416946
Base,Erdős–Rényi,LCF-active,Erdős–Rényi,Erdős–Rényi,13,13,False,1,0.0031757950782775879,100,100,0,16.000000000000004
Base,Erdős–Rényi,LCF-active,Erdős–Rényi,Erdős–Rényi,13,13,False,2,0.0031434433105806958,100,100,0,13.800000000000001
Base,Erdős–Rényi,LCF-active,Erdős–Rényi,Erdős–Rényi,13,13,False,3,0.0034236846915939312,100,100,0,9.1999999999999975
Base,Erdős–Rényi,LCF-active,Erdős–Rényi,Erdős–Rényi,13,13,False,4,0.0031419486247680206,100,100,0,13.4
Base,Erdős–Rényi,LCF-active,Erdős–Rényi,Erdős–Rényi,13,13,False,5,0.0036841473490505372,100,100,0,18.800000000000004
Base,Erdős–Rényi,EO,Erdős–Rényi,Erdős–Rényi,13,13,True,1,0.0062205350479677124,100,100,0,4.2000000000000037
Base,Erdős–Rényi,EO,Erdős–Rényi,Erdős–Rényi,13,13,True,2,0.0060742570337477542,80.800000000000011,77.799999999999997,3.0000000000000142,5.6873425131716342
Base,Erdős–Rényi,EO,Erdős–Rényi,Erdős–Rényi,13,13,True,3,0.0071596947732163185,63.200000000000003,56.200000000000003,7,-1.1227983242488415
Base,Erdős–Rényi,EO,Erdős–Rényi,Erdős–Rényi,13,13,True,4,0.0061306815242739843,46.800000000000004,41.600000000000001,5.2000000000000028,3.6858974358974339
Base,Erdős–Rényi,EO,Erdős–Rényi,Erdős–Rényi,13,13,True,5,0.006353295247335855,35.799999999999997,31.600000000000001,4.1999999999999957,12.163213351248148
Base,Erdős–Rényi,EO,Erdős–Rényi,Erdős–Rényi,13,13,False,1,0.0062205350479677124,100,100,0,4.2000000000000037
Base,Erdős–Rényi,EO,Erdős–Rényi,Erdős–Rényi,13,13,False,2,0.0060742570337477542,100,100,0,6.4000000000000057
Base,Erdős–Rényi,EO,Erdős–Rényi,Erdős–Rényi,13,13,False,3,0.0068145448143767107,100,100,0,-0.40000000000000036
Base,Erdős–Rényi,EO,Erdős–Rényi,Erdős–Rényi,13,13,False,4,0.0061249000742019666,100,100,0,2.8000000000000025
Base,Erdős–Rényi,EO,Erdős–Rényi,Erdős–Rényi,13,13,False,5,0.0070368180325239837,100,100,0,7.1999999999999957
Base,Erdős–Rényi,DP,Erdős–Rényi,Erdős–Rényi,13,13,True,1,0.006272661029969262,100,100,0,6.399999999999995
Base,Erdős–Rényi,DP,Erdős–Rényi,Erdős–Rényi,13,13,True,2,0.006141349396760698,82.599999999999994,76.799999999999997,5.7999999999999972,8.4033242534301884
Base,Erdős–Rényi,DP,Erdős–Rényi,Erdős–Rényi,13,13,True,3,0.0071811617464226929,66,55.000000000000007,10.999999999999993,0.54545454545454897
Base,Erdős–Rényi,DP,Erdős–Rényi,Erdős–Rényi,13,13,True,4,0.0061436414583426746,49.600000000000001,39.800000000000004,9.7999999999999972,7.5457934835467704
Base,Erdős–Rényi,DP,Erdős–Rényi,Erdős–Rényi,13,13,True,5,0.0063790892646050645,39,29.399999999999999,9.6000000000000014,10.057561486132915
Base,Erdős–Rényi,DP,Erdős–Rényi,Erdős–Rényi,13,13,False,1,0.006272661029969262,100,100,0,6.399999999999995
Base,Erdős–Rényi,DP,Erdős–Rényi,Erdős–Rényi,13,13,False,2,0.006141349396760698,100,100,0,9.3999999999999968
Base,Erdős–Rényi,DP,Erdős–Rényi,Erdős–Rényi,13,13,False,3,0.0068921898901735945,100,100,0,1.2000000000000011
Base,Erdős–Rényi,DP,Erdős–Rényi,Erdős–Rényi,13,13,False,4,0.0062162893991265511,100,100,0,5.8000000000000052
Base,Erdős–Rényi,DP,Erdős–Rényi,Erdős–Rényi,13,13,False,5,0.0071747114778586418,100,100,0,8.7999999999999972
Base,Erdős–Rényi,Baseline,Erdős–Rényi,Erdős–Rényi,42,42,True,1,0.0062788929026658113,100,100,0,2.200000000000002
Base,Erdős–Rényi,Baseline,Erdős–Rényi,Erdős–Rényi,42,42,True,2,0.0064726472417220293,75.400000000000006,74.599999999999994,0.80000000000001137,0.6265067095241772
Base,Erdős–Rényi,Baseline,Erdős–Rényi,Erdős–Rényi,42,42,True,3,0.006825936850404557,58.399999999999999,56.799999999999997,1.6000000000000014,9.2610457264132755
Base,Erdős–Rényi,Baseline,Erdős–Rényi,Erdős–Rényi,42,42,True,4,0.0053700121183104521,49.200000000000003,42.199999999999996,7.0000000000000071,5.4617963241243794
Base,Erdős–Rényi,Baseline,Erdős–Rényi,Erdős–Rényi,42,42,True,5,0.0059304042020807968,40.600000000000001,30.800000000000001,9.8000000000000007,2.8660994178235533
Base,Erdős–Rényi,Baseline,Erdős–Rényi,Erdős–Rényi,42,42,False,1,0.0062788929026658113,100,100,0,2.200000000000002
Base,Erdős–Rényi,Baseline,Erdős–Rényi,Erdős–Rényi,42,42,False,2,0.0064726472417220293,100,100,0,0.20000000000000018
Base,Erdős–Rényi,Baseline,Erdős–Rényi,Erdős–Rényi,42,42,False,3,0.0068777358044765924,100,100,0,8.1999999999999957
Base,Erdős–Rényi,Baseline,Erdős–Rényi,Erdős–Rényi,42,42,False,4,0.0051743912103748846,100,100,0,5.600000000000005
Base,Erdős–Rényi,Baseline,Erdős–Rényi,Erdős–Rényi,42,42,False,5,0.005670435878962099,100,100,0,-1.8000000000000016
Base,Erdős–Rényi,LCF-original,Erdős–Rényi,Erdős–Rényi,42,42,True,1,0.0046932697296142578,100,100,0,9.7999999999999972
Base,Erdős–Rényi,LCF-original,Erdős–Rényi,Erdős–Rényi,42,42,True,2,0.0048017954676352614,72.599999999999994,60.600000000000001,11.999999999999993,14.295065870223389
Base,Erdős–Rényi,LCF-original,Erdős–Rényi,Erdős–Rényi,42,42,True,3,0.005043358243347007,55.400000000000006,36,19.400000000000006,15.34296028880866
Base,Erdős–Rényi,LCF-original,Erdős–Rényi,Erdős–Rényi,42,42,True,4,0.0044769930966629401,45.200000000000003,22.600000000000001,22.600000000000001,13.274336283185834
Base,Erdős–Rényi,LCF-original,Erdős–Rényi,Erdős–Rényi,42,42,True,5,0.0045210976773023548,34.799999999999997,14.000000000000002,20.799999999999997,12.939244663382599
Base,Erdős–Rényi,LCF-original,Erdős–Rényi,Erdős–Rényi,42,42,False,1,0.0046932697296142578,100,100,0,9.7999999999999972
Base,Erdős–Rényi,LCF-original,Erdős–Rényi,Erdős–Rényi,42,42,False,2,0.0048017954676352614,100,100,0,12.4
Base,Erdős–Rényi,LCF-original,Erdős–Rényi,Erdős–Rényi,42,42,False,3,0.0051476249837687504,100,100,0,15.600000000000003
Base,Erdős–Rényi,LCF-original,Erdős–Rényi,Erdős–Rényi,42,42,False,4,0.0043670033063515357,100,100,0,12.800000000000001
Base,Erdős–Rényi,LCF-original,Erdős–Rényi,Erdős–Rényi,42,42,False,5,0.0044822292845977385,100,100,0,12.800000000000001
Base,Erdős–Rényi,LCF-active,Erdős–Rényi,Erdős–Rényi,42,42,True,1,0.0031757950782775879,100,100,0,9.7999999999999972
Base,Erdős–Rényi,LCF-active,Erdős–Rényi,Erdős–Rényi,42,42,True,2,0.0032813268523749217,74.200000000000003,61.600000000000001,12.600000000000001,13.287184513599604
Base,Erdős–Rényi,LCF-active,Erdős–Rényi,Erdős–Rényi,42,42,True,3,0.0034673813658653296,56.799999999999997,37.399999999999999,19.399999999999999,15.029750696693533
Base,Erdős–Rényi,LCF-active,Erdős–Rényi,Erdős–Rényi,42,42,True,4,0.0028145878360514853,46.600000000000001,24.800000000000001,21.800000000000001,14.910701924408142
Base,Erdős–Rényi,LCF-active,Erdős–Rényi,Erdős–Rényi,42,42,True,5,0.0029348913759277284,38.800000000000004,15.800000000000001,23.000000000000004,12.299360563747886
Base,Erdős–Rényi,LCF-active,Erdős–Rényi,Erdős–Rényi,42,42,False,1,0.0031757950782775879,100,100,0,9.7999999999999972
Base,Erdős–Rényi,LCF-active,Erdős–Rényi,Erdős–Rényi,42,42,False,2,0.0032813268523749217,100,100,0,11.799999999999999
Base,Erdős–Rényi,LCF-active,Erdős–Rényi,Erdős–Rényi,42,42,False,3,0.0034831201113136867,100,100,0,15.600000000000003
Base,Erdős–Rényi,LCF-active,Erdős–Rényi,Erdős–Rényi,42,42,False,4,0.0026511571088431163,100,100,0,14.000000000000002
Base,Erdős–Rényi,LCF-active,Erdős–Rényi,Erdős–Rényi,42,42,False,5,0.0028110414939755968,100,100,0,8.9999999999999964
Base,Erdős–Rényi,EO,Erdős–Rényi,Erdős–Rényi,42,42,True,1,0.0062205350479677124,100,100,0,-1.8000000000000016
Base,Erdős–Rényi,EO,Erdős–Rényi,Erdős–Rényi,42,42,True,2,0.0064047844423332778,73.400000000000006,76.799999999999997,3.3999999999999915,-3.3910933242506824
Base,Erdős–Rényi,EO,Erdős–Rényi,Erdős–Rényi,42,42,True,3,0.006718415736140293,55.400000000000006,60.399999999999999,4.9999999999999929,7.0624237932435996
Base,Erdős–Rényi,EO,Erdős–Rényi,Erdős–Rényi,42,42,True,4,0.0052639811237884526,46,44,2,4.2094861660079026
Base,Erdős–Rényi,EO,Erdős–Rényi,Erdős–Rényi,42,42,True,5,0.0058651215792863143,37.600000000000001,32.600000000000001,5,0.23169299047122172
Base,Erdős–Rényi,EO,Erdős–Rényi,Erdős–Rényi,42,42,False,1,0.0062205350479677124,100,100,0,-1.8000000000000016
Base,Erdős–Rényi,EO,Erdős–Rényi,Erdős–Rényi,42,42,False,2,0.0064047844423332778,100,100,0,-3.2000000000000028
Base,Erdős–Rényi,EO,Erdős–Rényi,Erdős–Rényi,42,42,False,3,0.0067658666077272667,100,100,0,5.5999999999999943
Base,Erdős–Rényi,EO,Erdős–Rényi,Erdős–Rényi,42,42,False,4,0.0050683277172228758,100,100,0,3.6000000000000032
Base,Erdős–Rényi,EO,Erdős–Rényi,Erdős–Rényi,42,42,False,5,0.0055589252930126065,100,100,0,-2.6000000000000023
Base,Erdős–Rényi,DP,Erdős–Rényi,Erdős–Rényi,42,42,True,1,0.006272661029969262,100,100,0,2.200000000000002
Base,Erdős–Rényi,DP,Erdős–Rényi,Erdős–Rényi,42,42,True,2,0.0064640500937549472,75.400000000000006,74.599999999999994,0.80000000000001137,0.6265067095241772
Base,Erdős–Rényi,DP,Erdős–Rényi,Erdős–Rényi,42,42,True,3,0.0068100705323771438,58.399999999999999,56.799999999999997,1.6000000000000014,9.2610457264132755
Base,Erdős–Rényi,DP,Erdős–Rényi,Erdős–Rényi,42,42,True,4,0.0053215988711678985,49.200000000000003,42.199999999999996,7.0000000000000071,5.4617963241243794
Base,Erdős–Rényi,DP,Erdős–Rényi,Erdős–Rényi,42,42,True,5,0.0059029948562435708,40.600000000000001,30.800000000000001,9.8000000000000007,2.8660994178235533
Base,Erdős–Rényi,DP,Erdős–Rényi,Erdős–Rényi,42,42,False,1,0.006272661029969262,100,100,0,2.200000000000002
Base,Erdős–Rényi,DP,Erdős–Rényi,Erdős–Rényi,42,42,False,2,0.0064640500937549472,100,100,0,0.20000000000000018
Base,Erdős–Rényi,DP,Erdős–Rényi,Erdős–Rényi,42,42,False,3,0.006869380965847327,100,100,0,8.1999999999999957
Base,Erdős–Rényi,DP,Erdős–Rényi,Erdős–Rényi,42,42,False,4,0.0051347224715686535,100,100,0,5.600000000000005
Base,Erdős–Rényi,DP,Erdős–Rényi,Erdős–Rényi,42,42,False,5,0.005639863232000164,100,100,0,-1.8000000000000016
Base,Erdős–Rényi,Baseline,Erdős–Rényi,Erdős–Rényi,99,99,True,1,0.0062788929026658113,100,100,0,-1.8000000000000016
Base,Erdős–Rényi,Baseline,Erdős–Rényi,Erdős–Rényi,99,99,True,2,0.0054847624063216749,78.200000000000003,77.600000000000009,0.59999999999999432,2.0651514752023536
Base,Erdős–Rényi,Baseline,Erdős–Rényi,Erdős–Rényi,99,99,True,3,0.0058072134289351984,61,58.599999999999994,2.4000000000000057,12.525037766463376
Base,Erdős–Rényi,Baseline,Erdős–Rényi,Erdős–Rényi,99,99,True,4,0.0052308244565669737,49.200000000000003,42.799999999999997,6.4000000000000057,4.8210622293138883
Base,Erdős–Rényi,Baseline,Erdős–Rényi,Erdős–Rényi,99,99,True,5,0.005215040848835506,38.800000000000004,31.600000000000001,7.2000000000000028,11.24233328983426
Base,Erdős–Rényi,Baseline,Erdős–Rényi,Erdős–Rényi,99,99,False,1,0.0062788929026658113,100,100,0,-1.8000000000000016
Base,Erdős–Rényi,Baseline,Erdős–Rényi,Erdős–Rényi,99,99,False,2,0.0054847624063216749,100,100,0,2.0000000000000018
Base,Erdős–Rényi,Baseline,Erdős–Rényi,Erdős–Rényi,99,99,False,3,0.0055410296776776669,100,100,0,11.6
Base,Erdős–Rényi,Baseline,Erdős–Rényi,Erdős–Rényi,99,99,False,4,0.0047924766137938946,100,100,0,3.0000000000000027
Base,Erdős–Rényi,Baseline,Erdős–Rényi,Erdős–Rényi,99,99,False,5,0.0049521492320918625,100,100,0,4.0000000000000036
Base,Erdős–Rényi,LCF-original,Erdős–Rényi,Erdős–Rényi,99,99,True,1,0.0046932697296142578,100,100,0,12.199999999999999
Base,Erdős–Rényi,LCF-original,Erdős–Rényi,Erdős–Rényi,99,99,True,2,0.004289920371888134,78.600000000000009,60,18.600000000000009,11.46310432569974
Base,Erdős–Rényi,LCF-original,Erdős–Rényi,Erdős–Rényi,99,99,True,3,0.0044016590929947252,57.799999999999997,34.799999999999997,23,18.37091834705485
Base,Erdős–Rényi,LCF-original,Erdős–Rényi,Erdős–Rényi,99,99,True,4,0.0042132077648296962,46.200000000000003,21.800000000000001,24.400000000000002,14.734500973033082
Base,Erdős–Rényi,LCF-original,Erdős–Rényi,Erdős–Rényi,99,99,True,5,0.0041884260268466589,35.399999999999999,14.000000000000002,21.399999999999999,18.991121872477812
Base,Erdős–Rényi,LCF-original,Erdős–Rényi,Erdős–Rényi,99,99,False,1,0.0046932697296142578,100,100,0,12.199999999999999
Base,Erdős–Rényi,LCF-original,Erdős–Rényi,Erdős–Rényi,99,99,False,2,0.004289920371888134,100,100,0,12.4
Base,Erdős–Rényi,LCF-original,Erdős–Rényi,Erdős–Rényi,99,99,False,3,0.0042524489536019949,100,100,0,19.600000000000001
Base,Erdős–Rényi,LCF-original,Erdős–Rényi,Erdős–Rényi,99,99,False,4,0.0039536332123998319,100,100,0,13.200000000000001
Base,Erdős–Rényi,LCF-original,Erdős–Rényi,Erdős–Rényi,99,99,False,5,0.0041961330083131188,100,100,0,13.4
Base,Erdős–Rényi,LCF-active,Erdős–Rényi,Erdős–Rényi,99,99,True,1,0.0031757950782775879,100,100,0,9.9999999999999982
Base,Erdős–Rényi,LCF-active,Erdős–Rényi,Erdős–Rényi,99,99,True,2,0.0028282873964774469,79,63.200000000000003,15.799999999999997,11.202531645569614
Base,Erdős–Rényi,LCF-active,Erdős–Rényi,Erdős–Rényi,99,99,True,3,0.0029849442672090776,59,38.200000000000003,20.799999999999997,19.904161859969822
Base,Erdős–Rényi,LCF-active,Erdős–Rényi,Erdős–Rényi,99,99,True,4,0.0028089944768731057,47.799999999999997,23.599999999999998,24.199999999999999,12.772143819587257
Base,Erdős–Rényi,LCF-active,Erdős–Rényi,Erdős–Rényi,99,99,True,5,0.0027519457650746482,37.799999999999997,15.6,22.199999999999996,19.678469678469675
Base,Erdős–Rényi,LCF-active,Erdős–Rényi,Erdős–Rényi,99,99,False,1,0.0031757950782775879,100,100,0,9.9999999999999982
Base,Erdős–Rényi,LCF-active,Erdős–Rényi,Erdős–Rényi,99,99,False,2,0.0028282873964774469,100,100,0,12
Base,Erdős–Rényi,LCF-active,Erdős–Rényi,Erdős–Rényi,99,99,False,3,0.0028718030202325995,100,100,0,20.600000000000001
Base,Erdős–Rényi,LCF-active,Erdős–Rényi,Erdős–Rényi,99,99,False,4,0.0025952361217095321,100,100,0,13.4
Base,Erdős–Rényi,LCF-active,Erdős–Rényi,Erdős–Rényi,99,99,False,5,0.0027484293641705237,100,100,0,13.200000000000001
Base,Erdős–Rényi,EO,Erdős–Rényi,Erdős–Rényi,99,99,True,1,0.0062205350479677124,100,100,0,-5.0000000000000044
Base,Erdős–Rényi,EO,Erdős–Rényi,Erdős–Rényi,99,99,True,2,0.005441049868662784,76,79.200000000000003,3.2000000000000028,-0.17278043593833559
Base,Erdős–Rényi,EO,Erdős–Rényi,Erdős–Rényi,99,99,True,3,0.0057603036387839923,57.999999999999993,59.799999999999997,1.8000000000000043,9.4026063891131333
Base,Erdős–Rényi,EO,Erdős–Rényi,Erdős–Rényi,99,99,True,4,0.0052157387170753688,46.400000000000006,44.800000000000004,1.6000000000000014,3.0480295566502447
Base,Erdős–Rényi,EO,Erdős–Rényi,Erdős–Rényi,99,99,True,5,0.0053272275689825177,36.199999999999996,33.200000000000003,2.9999999999999929,7.664913798841777
Base,Erdős–Rényi,EO,Erdős–Rényi,Erdős–Rényi,99,99,False,1,0.0062205350479677124,100,100,0,-5.0000000000000044
Base,Erdős–Rényi,EO,Erdős–Rényi,Erdős–Rényi,99,99,False,2,0.005441049868662784,100,100,0,-0.80000000000000071
Base,Erdős–Rényi,EO,Erdős–Rényi,Erdős–Rényi,99,99,False,3,0.0055171461176941605,100,100,0,9.5999999999999979
Base,Erdős–Rényi,EO,Erdős–Rényi,Erdős–Rényi,99,99,False,4,0.0047627817441509013,100,100,0,1.6000000000000014
Base,Erdős–Rényi,EO,Erdős–Rényi,Erdős–Rényi,99,99,False,5,0.0049246165269459796,100,100,0,1.8000000000000016
Base,Erdős–Rényi,DP,Erdős–Rényi,Erdős–Rényi,99,99,True,1,0.006272661029969262,100,100,0,-1.8000000000000016
Base,Erdős–Rényi,DP,Erdős–Rényi,Erdős–Rényi,99,99,True,2,0.0054752809693744409,78.200000000000003,77.600000000000009,0.59999999999999432,2.0651514752023536
Base,Erdős–Rényi,DP,Erdős–Rényi,Erdős–Rényi,99,99,True,3,0.005807245535915051,61,58.599999999999994,2.4000000000000057,12.525037766463376
Base,Erdős–Rényi,DP,Erdős–Rényi,Erdős–Rényi,99,99,True,4,0.0052259781040431275,49.200000000000003,42.799999999999997,6.4000000000000057,4.8210622293138883
Base,Erdős–Rényi,DP,Erdős–Rényi,Erdős–Rényi,99,99,True,5,0.0052370594238664303,38.800000000000004,31.600000000000001,7.2000000000000028,10.609421897429206
Base,Erdős–Rényi,DP,Erdős–Rényi,Erdős–Rényi,99,99,False,1,0.006272661029969262,100,100,0,-1.8000000000000016
Base,Erdős–Rényi,DP,Erdős–Rényi,Erdős–Rényi,99,99,False,2,0.0054752809693744409,100,100,0,2.0000000000000018
Base,Erdős–Rényi,DP,Erdős–Rényi,Erdős–Rényi,99,99,False,3,0.0055454393508107547,100,100,0,11.6
Base,Erdős–Rényi,DP,Erdős–Rényi,Erdős–Rényi,99,99,False,4,0.0047929009502001296,100,100,0,3.0000000000000027
Base,Erdős–Rényi,DP,Erdős–Rényi,Erdős–Rényi,99,99,False,5,0.0049462184385776764,100,100,0,3.8000000000000034
Base,Watts–Strogatz,Baseline,Watts–Strogatz,Watts–Strogatz,2026,2026,True,1,0.0062180204695946317,100,100,0,7.6000000000000068
Base,Watts–Strogatz,Baseline,Watts–Strogatz,Watts–Strogatz,2026,2026,True,2,0.0063144547302028675,84.200000000000003,73.200000000000003,11,5.4722687330451825
Base,Watts–Strogatz,Baseline,Watts–Strogatz,Watts–Strogatz,2026,2026,True,3,0.0061062484951351914,65.200000000000003,54,11.200000000000003,3.1561008861622386
Base,Watts–Strogatz,Baseline,Watts–Strogatz,Watts–Strogatz,2026,2026,True,4,0.0061095841184283239,52.200000000000003,42.600000000000001,9.6000000000000014,-4.6732502293454159
Base,Watts–Strogatz,Baseline,Watts–Strogatz,Watts–Strogatz,2026,2026,True,5,0.0062237110138053664,38.200000000000003,33.200000000000003,5,3.2391345486658674
Base,Watts–Strogatz,Baseline,Watts–Strogatz,Watts–Strogatz,2026,2026,False,1,0.0062180204695946317,100,100,0,7.6000000000000068
Base,Watts–Strogatz,Baseline,Watts–Strogatz,Watts–Strogatz,2026,2026,False,2,0.0063144547302028675,100,100,0,4.6000000000000041
Base,Watts–Strogatz,Baseline,Watts–Strogatz,Watts–Strogatz,2026,2026,False,3,0.0057802921199461288,100,100,0,4.4000000000000039
Base,Watts–Strogatz,Baseline,Watts–Strogatz,Watts–Strogatz,2026,2026,False,4,0.0061351445849348041,100,100,0,-5.0000000000000044
Base,Watts–Strogatz,Baseline,Watts–Strogatz,Watts–Strogatz,2026,2026,False,5,0.0068830129099756165,100,100,0,4.0000000000000036
Base,Watts–Strogatz,LCF-original,Watts–Strogatz,Watts–Strogatz,2026,2026,True,1,0.0043342113494873047,100,100,0,17.800000000000001
Base,Watts–Strogatz,LCF-original,Watts–Strogatz,Watts–Strogatz,2026,2026,True,2,0.0043427528420152406,80.600000000000009,56.999999999999993,23.600000000000016,16.129902921074397
Base,Watts–Strogatz,LCF-original,Watts–Strogatz,Watts–Strogatz,2026,2026,True,3,0.0042101186642182764,60.199999999999996,33.200000000000003,26.999999999999993,13.122923588039869
Base,Watts–Strogatz,LCF-original,Watts–Strogatz,Watts–Strogatz,2026,2026,True,4,0.0041625498189225008,46.200000000000003,21.800000000000001,24.400000000000002,9.2616863259065099
Base,Watts–Strogatz,LCF-original,Watts–Strogatz,Watts–Strogatz,2026,2026,True,5,0.0041341126445305632,36,12.6,23.399999999999999,17.777777777777782
Base,Watts–Strogatz,LCF-original,Watts–Strogatz,Watts–Strogatz,2026,2026,False,1,0.0043342113494873047,100,100,0,17.800000000000001
Base,Watts–Strogatz,LCF-original,Watts–Strogatz,Watts–Strogatz,2026,2026,False,2,0.0043427528420152406,100,100,0,13.4
Base,Watts–Strogatz,LCF-original,Watts–Strogatz,Watts–Strogatz,2026,2026,False,3,0.0041122894312177749,100,100,0,10.999999999999998
Base,Watts–Strogatz,LCF-original,Watts–Strogatz,Watts–Strogatz,2026,2026,False,4,0.0043572423381248448,100,100,0,2.0000000000000018
Base,Watts–Strogatz,LCF-original,Watts–Strogatz,Watts–Strogatz,2026,2026,False,5,0.0049129038598142438,100,100,0,13.4
Base,Watts–Strogatz,LCF-active,Watts–Strogatz,Watts–Strogatz,2026,2026,True,1,0.0040640830993652344,100,100,0,18.399999999999999
Base,Watts–Strogatz,LCF-active,Watts–Strogatz,Watts–Strogatz,2026,2026,True,2,0.0040709934394232983,82.199999999999989,58.199999999999996,23.999999999999993,16.223944615847692
Base,Watts–Strogatz,LCF-active,Watts–Strogatz,Watts–Strogatz,2026,2026,True,3,0.0039783399379398343,62.799999999999997,36.199999999999996,26.600000000000001,13.268466059049155
Base,Watts–Strogatz,LCF-active,Watts–Strogatz,Watts–Strogatz,2026,2026,True,4,0.0038387953237377648,49,23.799999999999997,25.200000000000003,11.812725090036015
Base,Watts–Strogatz,LCF-active,Watts–Strogatz,Watts–Strogatz,2026,2026,True,5,0.0037747200908467837,38.800000000000004,13.800000000000001,25.000000000000004,21.985656656207979
Base,Watts–Strogatz,LCF-active,Watts–Strogatz,Watts–Strogatz,2026,2026,False,1,0.0040640830993652344,100,100,0,18.399999999999999
Base,Watts–Strogatz,LCF-active,Watts–Strogatz,Watts–Strogatz,2026,2026,False,2,0.0040709934394232983,100,100,0,13.800000000000001
Base,Watts–Strogatz,LCF-active,Watts–Strogatz,Watts–Strogatz,2026,2026,False,3,0.0038246670345343237,100,100,0,11.6
Base,Watts–Strogatz,LCF-active,Watts–Strogatz,Watts–Strogatz,2026,2026,False,4,0.0039286391519062214,100,100,0,4.5999999999999925
Base,Watts–Strogatz,LCF-active,Watts–Strogatz,Watts–Strogatz,2026,2026,False,5,0.004459256135989853,100,100,0,15.000000000000002
Base,Watts–Strogatz,EO,Watts–Strogatz,Watts–Strogatz,2026,2026,True,1,0.0061574373806995153,100,100,0,5.600000000000005
Base,Watts–Strogatz,EO,Watts–Strogatz,Watts–Strogatz,2026,2026,True,2,0.0062424036958259599,83.200000000000003,74.200000000000003,9,3.5429193448061391
Base,Watts–Strogatz,EO,Watts–Strogatz,Watts–Strogatz,2026,2026,True,3,0.005990096111033627,63.600000000000001,56.200000000000003,7.3999999999999986,3.4703104366704651
Base,Watts–Strogatz,EO,Watts–Strogatz,Watts–Strogatz,2026,2026,True,4,0.0059971513822100198,50.600000000000001,43,7.6000000000000014,-8.5246805772589358
Base,Watts–Strogatz,EO,Watts–Strogatz,Watts–Strogatz,2026,2026,True,5,0.0060855603791353241,36.199999999999996,34.399999999999999,1.7999999999999972,4.6126172427084722
Base,Watts–Strogatz,EO,Watts–Strogatz,Watts–Strogatz,2026,2026,False,1,0.0061574373806995153,100,100,0,5.600000000000005
Base,Watts–Strogatz,EO,Watts–Strogatz,Watts–Strogatz,2026,2026,False,2,0.0062424036958259599,100,100,0,2.4000000000000021
Base,Watts–Strogatz,EO,Watts–Strogatz,Watts–Strogatz,2026,2026,False,3,0.0057032521560668181,100,100,0,1.8000000000000016
Base,Watts–Strogatz,EO,Watts–Strogatz,Watts–Strogatz,2026,2026,False,4,0.0060442674179411737,100,100,0,-8.0000000000000071
Base,Watts–Strogatz,EO,Watts–Strogatz,Watts–Strogatz,2026,2026,False,5,0.0067552246063333765,100,100,0,1.2000000000000011
Base,Watts–Strogatz,DP,Watts–Strogatz,Watts–Strogatz,2026,2026,True,1,0.0062177432011758516,100,100,0,7.6000000000000068
Base,Watts–Strogatz,DP,Watts–Strogatz,Watts–Strogatz,2026,2026,True,2,0.0063161224084712364,84.200000000000003,73.200000000000003,11,5.4722687330451825
Base,Watts–Strogatz,DP,Watts–Strogatz,Watts–Strogatz,2026,2026,True,3,0.0061095090707831146,65.200000000000003,54,11.200000000000003,3.526471256532604
Base,Watts–Strogatz,DP,Watts–Strogatz,Watts–Strogatz,2026,2026,True,4,0.006112210386607364,52.200000000000003,42.399999999999999,9.8000000000000043,-4.9699992770910084
Base,Watts–Strogatz,DP,Watts–Strogatz,Watts–Strogatz,2026,2026,True,5,0.0062305779266661476,38.200000000000003,33.200000000000003,5,3.2391345486658674
Base,Watts–Strogatz,DP,Watts–Strogatz,Watts–Strogatz,2026,2026,False,1,0.0062177432011758516,100,100,0,7.6000000000000068
Base,Watts–Strogatz,DP,Watts–Strogatz,Watts–Strogatz,2026,2026,False,2,0.0063161224084712364,100,100,0,4.6000000000000041
Base,Watts–Strogatz,DP,Watts–Strogatz,Watts–Strogatz,2026,2026,False,3,0.0057831220267138272,100,100,0,4.6000000000000041
Base,Watts–Strogatz,DP,Watts–Strogatz,Watts–Strogatz,2026,2026,False,4,0.0061348703734757093,100,100,0,-5.0000000000000044
Base,Watts–Strogatz,DP,Watts–Strogatz,Watts–Strogatz,2026,2026,False,5,0.0068821586268936752,100,100,0,4.0000000000000036
Base,Watts–Strogatz,Baseline,Watts–Strogatz,Watts–Strogatz,7,7,True,1,0.0062180204695946317,100,100,0,4.5999999999999925
Base,Watts–Strogatz,Baseline,Watts–Strogatz,Watts–Strogatz,7,7,True,2,0.0067245364002390673,83,77.400000000000006,5.5999999999999943,7.0221973163973717
Base,Watts–Strogatz,Baseline,Watts–Strogatz,Watts–Strogatz,7,7,True,3,0.0057863409423843937,65.200000000000003,57.599999999999994,7.6000000000000085,3.7811008861622364
Base,Watts–Strogatz,Baseline,Watts–Strogatz,Watts–Strogatz,7,7,True,4,0.0060117824652656804,52.400000000000006,43,9.4000000000000057,-1.8764423930410001
Base,Watts–Strogatz,Baseline,Watts–Strogatz,Watts–Strogatz,7,7,True,5,0.006054218241779652,42.799999999999997,35.199999999999996,7.6000000000000014,10.407816482582843
Base,Watts–Strogatz,Baseline,Watts–Strogatz,Watts–Strogatz,7,7,False,1,0.0062180204695946317,100,100,0,4.5999999999999925
Base,Watts–Strogatz,Baseline,Watts–Strogatz,Watts–Strogatz,7,7,False,2,0.0067245364002390673,100,100,0,5.600000000000005
Base,Watts–Strogatz,Baseline,Watts–Strogatz,Watts–Strogatz,7,7,False,3,0.0055081960592096024,100,100,0,3.8000000000000034
Base,Watts–Strogatz,Baseline,Watts–Strogatz,Watts–Strogatz,7,7,False,4,0.0058300609240480306,100,100,0,1.2000000000000011
Base,Watts–Strogatz,Baseline,Watts–Strogatz,Watts–Strogatz,7,7,False,5,0.0059788295243203837,100,100,0,5.4000000000000048
Base,Watts–Strogatz,LCF-original,Watts–Strogatz,Watts–Strogatz,7,7,True,1,0.0043342113494873047,100,100,0,12.800000000000001
Base,Watts–Strogatz,LCF-original,Watts–Strogatz,Watts–Strogatz,7,7,True,2,0.0046330413495143663,82,63.399999999999999,18.600000000000001,13.097637916442256
Base,Watts–Strogatz,LCF-original,Watts–Strogatz,Watts–Strogatz,7,7,True,3,0.004028052301717322,61.199999999999996,38.800000000000004,22.399999999999991,6.0070076140421813
Base,Watts–Strogatz,LCF-original,Watts–Strogatz,Watts–Strogatz,7,7,True,4,0.0041273748515554542,45.399999999999999,25.800000000000001,19.599999999999998,10.193627702079711
Base,Watts–Strogatz,LCF-original,Watts–Strogatz,Watts–Strogatz,7,7,True,5,0.0041858151630888019,35.799999999999997,17.599999999999998,18.199999999999999,18.346876587100049
Base,Watts–Strogatz,LCF-original,Watts–Strogatz,Watts–Strogatz,7,7,False,1,0.0043342113494873047,100,100,0,12.800000000000001
Base,Watts–Strogatz,LCF-original,Watts–Strogatz,Watts–Strogatz,7,7,False,2,0.0046330413495143663,100,100,0,12.6
Base,Watts–Strogatz,LCF-original,Watts–Strogatz,Watts–Strogatz,7,7,False,3,0.0039536033967461082,100,100,0,10.399999999999999
Base,Watts–Strogatz,LCF-original,Watts–Strogatz,Watts–Strogatz,7,7,False,4,0.0041949961214473586,100,100,0,14.199999999999996
Base,Watts–Strogatz,LCF-original,Watts–Strogatz,Watts–Strogatz,7,7,False,5,0.0041795902821873954,100,100,0,15.999999999999998
Base,Watts–Strogatz,LCF-active,Watts–Strogatz,Watts–Strogatz,7,7,True,1,0.0040640830993652344,100,100,0,13.600000000000001
Base,Watts–Strogatz,LCF-active,Watts–Strogatz,Watts–Strogatz,7,7,True,2,0.0042981772787605843,83.399999999999991,64.400000000000006,18.999999999999986,14.241029536619148
Base,Watts–Strogatz,LCF-active,Watts–Strogatz,Watts–Strogatz,7,7,True,3,0.0037214782675448754,63.800000000000004,39.800000000000004,24,9.2405601676092015
Base,Watts–Strogatz,LCF-active,Watts–Strogatz,Watts–Strogatz,7,7,True,4,0.0038354179543457212,48.600000000000001,26.600000000000001,22,11.692812277607601
Base,Watts–Strogatz,LCF-active,Watts–Strogatz,Watts–Strogatz,7,7,True,5,0.0039049715907107929,38.800000000000004,18.199999999999999,20.600000000000005,19.78588421887391
Base,Watts–Strogatz,LCF-active,Watts–Strogatz,Watts–Strogatz,7,7,False,1,0.0040640830993652344,100,100,0,13.600000000000001
Base,Watts–Strogatz,LCF-active,Watts–Strogatz,Watts–Strogatz,7,7,False,2,0.0042981772787605843,100,100,0,13.4
Base,Watts–Strogatz,LCF-active,Watts–Strogatz,Watts–Strogatz,7,7,False,3,0.0035799887681536857,100,100,0,11.6
Base,Watts–Strogatz,LCF-active,Watts–Strogatz,Watts–Strogatz,7,7,False,4,0.0038185140358448777,100,100,0,14.400000000000002
Base,Watts–Strogatz,LCF-active,Watts–Strogatz,Watts–Strogatz,7,7,False,5,0.0038606003551513446,100,100,0,17
Base,Watts–Strogatz,EO,Watts–Strogatz,Watts–Strogatz,7,7,True,1,0.0061574373806995153,100,100,0,1.4000000000000012
Base,Watts–Strogatz,EO,Watts–Strogatz,Watts–Strogatz,7,7,True,2,0.0066329721802923514,81.399999999999991,78,3.3999999999999915,5.0570150570150574
Base,Watts–Strogatz,EO,Watts–Strogatz,Watts–Strogatz,7,7,True,3,0.0057188308523193898,63.399999999999999,59,4.3999999999999986,0.12083622948190209
Base,Watts–Strogatz,EO,Watts–Strogatz,Watts–Strogatz,7,7,True,4,0.0059827363958138147,49.799999999999997,45.399999999999999,4.3999999999999986,-2.3795623020717249
Base,Watts–Strogatz,EO,Watts–Strogatz,Watts–Strogatz,7,7,True,5,0.0062054981984870361,41.199999999999996,37.399999999999999,3.7999999999999972,5.9368672446913457
Base,Watts–Strogatz,EO,Watts–Strogatz,Watts–Strogatz,7,7,False,1,0.0061574373806995153,100,100,0,1.4000000000000012
Base,Watts–Strogatz,EO,Watts–Strogatz,Watts–Strogatz,7,7,False,2,0.0066329721802923514,100,100,0,3.6000000000000032
Base,Watts–Strogatz,EO,Watts–Strogatz,Watts–Strogatz,7,7,False,3,0.0054185522925426222,100,100,0,1.4000000000000012
Base,Watts–Strogatz,EO,Watts–Strogatz,Watts–Strogatz,7,7,False,4,0.0057184517379510469,100,100,0,-0.40000000000000036
Base,Watts–Strogatz,EO,Watts–Strogatz,Watts–Strogatz,7,7,False,5,0.0058689604980265431,100,100,0,2.8000000000000025
Base,Watts–Strogatz,DP,Watts–Strogatz,Watts–Strogatz,7,7,True,1,0.0062177432011758516,100,100,0,4.5999999999999925
Base,Watts–Strogatz,DP,Watts–Strogatz,Watts–Strogatz,7,7,True,2,0.0067198700318930049,83,77.400000000000006,5.5999999999999943,7.0221973163973717
Base,Watts–Strogatz,DP,Watts–Strogatz,Watts–Strogatz,7,7,True,3,0.0057802627245678861,65.200000000000003,57.599999999999994,7.6000000000000085,3.7811008861622364
Base,Watts–Strogatz,DP,Watts–Strogatz,Watts–Strogatz,7,7,True,4,0.0060050848231280041,52.400000000000006,43,9.4000000000000057,-1.8764423930410001
Base,Watts–Strogatz,DP,Watts–Strogatz,Watts–Strogatz,7,7,True,5,0.0060493608561251744,42.799999999999997,35.199999999999996,7.6000000000000014,10.407816482582843
Base,Watts–Strogatz,DP,Watts–Strogatz,Watts–Strogatz,7,7,False,1,0.0062177432011758516,100,100,0,4.5999999999999925
Base,Watts–Strogatz,DP,Watts–Strogatz,Watts–Strogatz,7,7,False,2,0.0067198700318930049,100,100,0,5.600000000000005
Base,Watts–Strogatz,DP,Watts–Strogatz,Watts–Strogatz,7,7,False,3,0.005502211532700807,100,100,0,3.8000000000000034
Base,Watts–Strogatz,DP,Watts–Strogatz,Watts–Strogatz,7,7,False,4,0.0058219146289628654,100,100,0,1.2000000000000011
Base,Watts–Strogatz,DP,Watts–Strogatz,Watts–Strogatz,7,7,False,5,0.0059720831887839498,100,100,0,5.600000000000005
Base,Watts–Strogatz,Baseline,Watts–Strogatz,Watts–Strogatz,13,13,True,1,0.0062180204695946317,100,100,0,7.5999999999999961
Base,Watts–Strogatz,Baseline,Watts–Strogatz,Watts–Strogatz,13,13,True,2,0.0062107009171830097,84,71,13,9.5472837022132833
Base,Watts–Strogatz,Baseline,Watts–Strogatz,Watts–Strogatz,13,13,True,3,0.0070139938520979994,66.799999999999997,47.399999999999999,19.399999999999999,0.86283129942645864
Base,Watts–Strogatz,Baseline,Watts–Strogatz,Watts–Strogatz,13,13,True,4,0.0060066693999474285,50.600000000000001,34,16.600000000000001,6.6147407579632667
Base,Watts–Strogatz,Baseline,Watts–Strogatz,Watts–Strogatz,13,13,True,5,0.0064285787319486865,39.399999999999999,25.199999999999999,14.199999999999999,9.00410925791636
Base,Watts–Strogatz,Baseline,Watts–Strogatz,Watts–Strogatz,13,13,False,1,0.0062180204695946317,100,100,0,7.5999999999999961
Base,Watts–Strogatz,Baseline,Watts–Strogatz,Watts–Strogatz,13,13,False,2,0.0062107009171830097,100,100,0,9.2000000000000082
Base,Watts–Strogatz,Baseline,Watts–Strogatz,Watts–Strogatz,13,13,False,3,0.0068128062706352965,100,100,0,2.200000000000002
Base,Watts–Strogatz,Baseline,Watts–Strogatz,Watts–Strogatz,13,13,False,4,0.0063504704859111971,100,100,0,6.6000000000000059
Base,Watts–Strogatz,Baseline,Watts–Strogatz,Watts–Strogatz,13,13,False,5,0.0072807795158257305,100,100,0,9.3999999999999968
Base,Watts–Strogatz,LCF-original,Watts–Strogatz,Watts–Strogatz,13,13,True,1,0.0043342113494873047,100,100,0,14.400000000000002
Base,Watts–Strogatz,LCF-original,Watts–Strogatz,Watts–Strogatz,13,13,True,2,0.0045004656552912747,81.399999999999991,59.599999999999994,21.799999999999997,11.25109245914615
Base,Watts–Strogatz,LCF-original,Watts–Strogatz,Watts–Strogatz,13,13,True,3,0.0048166489177652316,59.399999999999999,34.799999999999997,24.600000000000001,8.469755021479159
Base,Watts–Strogatz,LCF-original,Watts–Strogatz,Watts–Strogatz,13,13,True,4,0.0043446963633290148,42,22,20,14.1991341991342
Base,Watts–Strogatz,LCF-original,Watts–Strogatz,Watts–Strogatz,13,13,True,5,0.0045174450227492002,32.399999999999999,14.199999999999999,18.199999999999999,25.473830638149884
Base,Watts–Strogatz,LCF-original,Watts–Strogatz,Watts–Strogatz,13,13,False,1,0.0043342113494873047,100,100,0,14.400000000000002
Base,Watts–Strogatz,LCF-original,Watts–Strogatz,Watts–Strogatz,13,13,False,2,0.0045004656552912747,100,100,0,13.199999999999996
Base,Watts–Strogatz,LCF-original,Watts–Strogatz,Watts–Strogatz,13,13,False,3,0.0046597935612902042,100,100,0,10.199999999999992
Base,Watts–Strogatz,LCF-original,Watts–Strogatz,Watts–Strogatz,13,13,False,4,0.0046019752839617789,100,100,0,13.200000000000001
Base,Watts–Strogatz,LCF-original,Watts–Strogatz,Watts–Strogatz,13,13,False,5,0.0051902930098921551,100,100,0,19.600000000000001
Base,Watts–Strogatz,LCF-active,Watts–Strogatz,Watts–Strogatz,13,13,True,1,0.0040640830993652344,100,100,0,16.200000000000003
Base,Watts–Strogatz,LCF-active,Watts–Strogatz,Watts–Strogatz,13,13,True,2,0.0040340336350097594,82.799999999999997,59.599999999999994,23.200000000000003,12.318840579710145
Base,Watts–Strogatz,LCF-active,Watts–Strogatz,Watts–Strogatz,13,13,True,3,0.0044935294363006584,62.200000000000003,36.799999999999997,25.400000000000006,7.9005312456312096
Base,Watts–Strogatz,LCF-active,Watts–Strogatz,Watts–Strogatz,13,13,True,4,0.0038200588865962004,45,24.399999999999999,20.600000000000001,16.083788706739533
Base,Watts–Strogatz,LCF-active,Watts–Strogatz,Watts–Strogatz,13,13,True,5,0.0040821750235167098,35.199999999999996,15.4,19.799999999999997,22.727272727272723
Base,Watts–Strogatz,LCF-active,Watts–Strogatz,Watts–Strogatz,13,13,False,1,0.0040640830993652344,100,100,0,16.200000000000003
Base,Watts–Strogatz,LCF-active,Watts–Strogatz,Watts–Strogatz,13,13,False,2,0.0040340336350097594,100,100,0,14.000000000000002
Base,Watts–Strogatz,LCF-active,Watts–Strogatz,Watts–Strogatz,13,13,False,3,0.0043380699661407229,100,100,0,10.199999999999998
Base,Watts–Strogatz,LCF-active,Watts–Strogatz,Watts–Strogatz,13,13,False,4,0.0040831849408008436,100,100,0,13.600000000000001
Base,Watts–Strogatz,LCF-active,Watts–Strogatz,Watts–Strogatz,13,13,False,5,0.0046947999728962353,100,100,0,19.200000000000006
Base,Watts–Strogatz,EO,Watts–Strogatz,Watts–Strogatz,13,13,True,1,0.0061574373806995153,100,100,0,5.0000000000000044
Base,Watts–Strogatz,EO,Watts–Strogatz,Watts–Strogatz,13,13,True,2,0.0061333272823129725,81.599999999999994,72,9.5999999999999943,7.3202614379084929
Base,Watts–Strogatz,EO,Watts–Strogatz,Watts–Strogatz,13,13,True,3,0.00701120284153256,64,48.399999999999999,15.600000000000001,-2.2959710743801653
Base,Watts–Strogatz,EO,Watts–Strogatz,Watts–Strogatz,13,13,True,4,0.0060201468700324945,47.799999999999997,36.799999999999997,11,4.6957431326177907
Base,Watts–Strogatz,EO,Watts–Strogatz,Watts–Strogatz,13,13,True,5,0.0064425890724714163,36.399999999999999,26.200000000000003,10.199999999999996,6.5137152923412494
Base,Watts–Strogatz,EO,Watts–Strogatz,Watts–Strogatz,13,13,False,1,0.0061574373806995153,100,100,0,5.0000000000000044
Base,Watts–Strogatz,EO,Watts–Strogatz,Watts–Strogatz,13,13,False,2,0.0061333272823129725,100,100,0,7.0000000000000062
Base,Watts–Strogatz,EO,Watts–Strogatz,Watts–Strogatz,13,13,False,3,0.0067264925135076536,100,100,0,-0.40000000000000036
Base,Watts–Strogatz,EO,Watts–Strogatz,Watts–Strogatz,13,13,False,4,0.0062406561428822727,100,100,0,3.8000000000000034
Base,Watts–Strogatz,EO,Watts–Strogatz,Watts–Strogatz,13,13,False,5,0.0071064417972751537,100,100,0,7.399999999999995
Base,Watts–Strogatz,DP,Watts–Strogatz,Watts–Strogatz,13,13,True,1,0.0062177432011758516,100,100,0,7.5999999999999961
Base,Watts–Strogatz,DP,Watts–Strogatz,Watts–Strogatz,13,13,True,2,0.0062166570103263652,84,71,13,9.5472837022132833
Base,Watts–Strogatz,DP,Watts–Strogatz,Watts–Strogatz,13,13,True,3,0.0070276768212153007,66.799999999999997,47.399999999999999,19.399999999999999,0.86283129942645864
Base,Watts–Strogatz,DP,Watts–Strogatz,Watts–Strogatz,13,13,True,4,0.006014481063823518,50.600000000000001,34,16.600000000000001,6.6147407579632667
Base,Watts–Strogatz,DP,Watts–Strogatz,Watts–Strogatz,13,13,True,5,0.0064447010277625116,39.399999999999999,25.199999999999999,14.199999999999999,9.00410925791636
Base,Watts–Strogatz,DP,Watts–Strogatz,Watts–Strogatz,13,13,False,1,0.0062177432011758516,100,100,0,7.5999999999999961
Base,Watts–Strogatz,DP,Watts–Strogatz,Watts–Strogatz,13,13,False,2,0.0062166570103263652,100,100,0,9.2000000000000082
Base,Watts–Strogatz,DP,Watts–Strogatz,Watts–Strogatz,13,13,False,3,0.006824471124225906,100,100,0,2.200000000000002
Base,Watts–Strogatz,DP,Watts–Strogatz,Watts–Strogatz,13,13,False,4,0.0063549712996068264,100,100,0,6.6000000000000059
Base,Watts–Strogatz,DP,Watts–Strogatz,Watts–Strogatz,13,13,False,5,0.0072865641950708993,100,100,0,9.3999999999999968
Base,Watts–Strogatz,Baseline,Watts–Strogatz,Watts–Strogatz,42,42,True,1,0.0062180204695946317,100,100,0,3.0000000000000027
Base,Watts–Strogatz,Baseline,Watts–Strogatz,Watts–Strogatz,42,42,True,2,0.0064223363022267721,76.799999999999997,73.400000000000006,3.3999999999999915,1.0232175295186274
Base,Watts–Strogatz,Baseline,Watts–Strogatz,Watts–Strogatz,42,42,True,3,0.0066952591758422386,59.199999999999996,56.000000000000007,3.1999999999999886,9.4980694980694942
Base,Watts–Strogatz,Baseline,Watts–Strogatz,Watts–Strogatz,42,42,True,4,0.005621120567679383,50,40.400000000000006,9.5999999999999943,4.1386138613861423
Base,Watts–Strogatz,Baseline,Watts–Strogatz,Watts–Strogatz,42,42,True,5,0.0063694464039204535,39.399999999999999,30.800000000000001,8.5999999999999979,2.6369569516777602
Base,Watts–Strogatz,Baseline,Watts–Strogatz,Watts–Strogatz,42,42,False,1,0.0062180204695946317,100,100,0,3.0000000000000027
Base,Watts–Strogatz,Baseline,Watts–Strogatz,Watts–Strogatz,42,42,False,2,0.0064223363022267721,100,100,0,0.80000000000000071
Base,Watts–Strogatz,Baseline,Watts–Strogatz,Watts–Strogatz,42,42,False,3,0.0068558387842315716,100,100,0,8.7999999999999972
Base,Watts–Strogatz,Baseline,Watts–Strogatz,Watts–Strogatz,42,42,False,4,0.0053468451855798182,100,100,0,6.4000000000000057
Base,Watts–Strogatz,Baseline,Watts–Strogatz,Watts–Strogatz,42,42,False,5,0.0057525666836162337,100,100,0,-1.8000000000000016
Base,Watts–Strogatz,LCF-original,Watts–Strogatz,Watts–Strogatz,42,42,True,1,0.0043342113494873047,100,100,0,9.7999999999999918
Base,Watts–Strogatz,LCF-original,Watts–Strogatz,Watts–Strogatz,42,42,True,2,0.0044803316672601401,75,60.399999999999999,14.600000000000001,15.049006622516558
Base,Watts–Strogatz,LCF-original,Watts–Strogatz,Watts–Strogatz,42,42,True,3,0.0047679570851708597,57.599999999999994,35.199999999999996,22.399999999999999,14.236111111111116
Base,Watts–Strogatz,LCF-original,Watts–Strogatz,Watts–Strogatz,42,42,True,4,0.0043121956216225499,46.200000000000003,23.599999999999998,22.600000000000005,11.020617800278821
Base,Watts–Strogatz,LCF-original,Watts–Strogatz,Watts–Strogatz,42,42,True,5,0.0044157217744751343,35.600000000000001,15.199999999999999,20.400000000000002,14.606741573033711
Base,Watts–Strogatz,LCF-original,Watts–Strogatz,Watts–Strogatz,42,42,False,1,0.0043342113494873047,100,100,0,9.7999999999999918
Base,Watts–Strogatz,LCF-original,Watts–Strogatz,Watts–Strogatz,42,42,False,2,0.0044803316672601401,100,100,0,12.800000000000001
Base,Watts–Strogatz,LCF-original,Watts–Strogatz,Watts–Strogatz,42,42,False,3,0.0048085981128629385,100,100,0,16.400000000000002
Base,Watts–Strogatz,LCF-original,Watts–Strogatz,Watts–Strogatz,42,42,False,4,0.004111904050053794,100,100,0,13
Base,Watts–Strogatz,LCF-original,Watts–Strogatz,Watts–Strogatz,42,42,False,5,0.0041638909569132743,100,100,0,12.4
Base,Watts–Strogatz,LCF-active,Watts–Strogatz,Watts–Strogatz,42,42,True,1,0.0040640830993652344,100,100,0,9.9999999999999982
Base,Watts–Strogatz,LCF-active,Watts–Strogatz,Watts–Strogatz,42,42,True,2,0.0042044681007384899,76.400000000000006,62.600000000000001,13.800000000000004,13.568238462439153
Base,Watts–Strogatz,LCF-active,Watts–Strogatz,Watts–Strogatz,42,42,True,3,0.004520908837754245,58.599999999999994,37.600000000000001,20.999999999999993,16.211604095563136
Base,Watts–Strogatz,LCF-active,Watts–Strogatz,Watts–Strogatz,42,42,True,4,0.0038219366676834898,48.399999999999999,25,23.399999999999999,12.515702479338842
Base,Watts–Strogatz,LCF-active,Watts–Strogatz,Watts–Strogatz,42,42,True,5,0.0041394285423181909,38.800000000000004,17.199999999999999,21.600000000000005,14.301126828098775
Base,Watts–Strogatz,LCF-active,Watts–Strogatz,Watts–Strogatz,42,42,False,1,0.0040640830993652344,100,100,0,9.9999999999999982
Base,Watts–Strogatz,LCF-active,Watts–Strogatz,Watts–Strogatz,42,42,False,2,0.0042044681007384899,100,100,0,12
Base,Watts–Strogatz,LCF-active,Watts–Strogatz,Watts–Strogatz,42,42,False,3,0.0045048084837540081,100,100,0,16.400000000000002
Base,Watts–Strogatz,LCF-active,Watts–Strogatz,Watts–Strogatz,42,42,False,4,0.0035761089056309814,100,100,0,14.200000000000001
Base,Watts–Strogatz,LCF-active,Watts–Strogatz,Watts–Strogatz,42,42,False,5,0.0037307576945164733,100,100,0,10.599999999999998
Base,Watts–Strogatz,EO,Watts–Strogatz,Watts–Strogatz,42,42,True,1,0.0061574373806995153,100,100,0,-1.2000000000000011
Base,Watts–Strogatz,EO,Watts–Strogatz,Watts–Strogatz,42,42,True,2,0.0063505763715397956,73.400000000000006,75.200000000000003,1.7999999999999972,-1.9117050263783408
Base,Watts–Strogatz,EO,Watts–Strogatz,Watts–Strogatz,42,42,True,3,0.0065518371017180277,55.400000000000006,59.199999999999996,3.7999999999999901,7.8275929358961776
Base,Watts–Strogatz,EO,Watts–Strogatz,Watts–Strogatz,42,42,True,4,0.0054726690611877071,46.600000000000001,43,3.6000000000000014,1.7646471703762878
Base,Watts–Strogatz,EO,Watts–Strogatz,Watts–Strogatz,42,42,True,5,0.0062440829225612893,36.799999999999997,33.399999999999999,3.3999999999999986,5.6593335068992445
Base,Watts–Strogatz,EO,Watts–Strogatz,Watts–Strogatz,42,42,False,1,0.0061574373806995153,100,100,0,-1.2000000000000011
Base,Watts–Strogatz,EO,Watts–Strogatz,Watts–Strogatz,42,42,False,2,0.0063505763715397956,100,100,0,-2.200000000000002
Base,Watts–Strogatz,EO,Watts–Strogatz,Watts–Strogatz,42,42,False,3,0.0067373888552636485,100,100,0,6.399999999999995
Base,Watts–Strogatz,EO,Watts–Strogatz,Watts–Strogatz,42,42,False,4,0.0052663936574305348,100,100,0,3.8000000000000034
Base,Watts–Strogatz,EO,Watts–Strogatz,Watts–Strogatz,42,42,False,5,0.0056522626165328438,100,100,0,-2.4000000000000021
Base,Watts–Strogatz,DP,Watts–Strogatz,Watts–Strogatz,42,42,True,1,0.0062177432011758516,100,100,0,2.8000000000000025
Base,Watts–Strogatz,DP,Watts–Strogatz,Watts–Strogatz,42,42,True,2,0.0064228116438567184,76.599999999999994,73.400000000000006,3.1999999999999886,0.93482544944899493
Base,Watts–Strogatz,DP,Watts–Strogatz,Watts–Strogatz,42,42,True,3,0.0066954402290647641,59,56.000000000000007,2.9999999999999929,9.0617433414043607
Base,Watts–Strogatz,DP,Watts–Strogatz,Watts–Strogatz,42,42,True,4,0.0056076653229044648,49.600000000000001,40.400000000000006,9.1999999999999957,4.2837751517087135
Base,Watts–Strogatz,DP,Watts–Strogatz,Watts–Strogatz,42,42,True,5,0.0063427428568256783,39.399999999999999,30.800000000000001,8.5999999999999979,3.1445711648757313
Base,Watts–Strogatz,DP,Watts–Strogatz,Watts–Strogatz,42,42,False,1,0.0062177432011758516,100,100,0,2.8000000000000025
Base,Watts–Strogatz,DP,Watts–Strogatz,Watts–Strogatz,42,42,False,2,0.0064228116438567184,100,100,0,0.80000000000000071
Base,Watts–Strogatz,DP,Watts–Strogatz,Watts–Strogatz,42,42,False,3,0.0068560934842074595,100,100,0,8.5999999999999961
Base,Watts–Strogatz,DP,Watts–Strogatz,Watts–Strogatz,42,42,False,4,0.0053390711342018449,100,100,0,6.4000000000000057
Base,Watts–Strogatz,DP,Watts–Strogatz,Watts–Strogatz,42,42,False,5,0.0057482848210492765,100,100,0,-1.8000000000000016
Base,Watts–Strogatz,Baseline,Watts–Strogatz,Watts–Strogatz,99,99,True,1,0.0062180204695946317,100,100,0,-0.60000000000000053
Base,Watts–Strogatz,Baseline,Watts–Strogatz,Watts–Strogatz,99,99,True,2,0.005464229920043584,78.600000000000009,77.400000000000006,1.2000000000000028,1.3274947235536683
Base,Watts–Strogatz,Baseline,Watts–Strogatz,Watts–Strogatz,99,99,True,3,0.0057062160531522466,60.199999999999996,57.799999999999997,2.3999999999999986,15.746818563266618
Base,Watts–Strogatz,Baseline,Watts–Strogatz,Watts–Strogatz,99,99,True,4,0.0052484651005495486,49.200000000000003,39,10.200000000000003,5.4659161976235104
Base,Watts–Strogatz,Baseline,Watts–Strogatz,Watts–Strogatz,99,99,True,5,0.0053219206218392268,39.600000000000001,29.399999999999999,10.200000000000003,10.533910533910539
Base,Watts–Strogatz,Baseline,Watts–Strogatz,Watts–Strogatz,99,99,False,1,0.0062180204695946317,100,100,0,-0.60000000000000053
Base,Watts–Strogatz,Baseline,Watts–Strogatz,Watts–Strogatz,99,99,False,2,0.005464229920043584,100,100,0,2.200000000000002
Base,Watts–Strogatz,Baseline,Watts–Strogatz,Watts–Strogatz,99,99,False,3,0.0054407513247447525,100,100,0,13.4
Base,Watts–Strogatz,Baseline,Watts–Strogatz,Watts–Strogatz,99,99,False,4,0.0047427022242344519,100,100,0,3.2000000000000028
Base,Watts–Strogatz,Baseline,Watts–Strogatz,Watts–Strogatz,99,99,False,5,0.0048819972123362865,100,100,0,4.6000000000000041
Base,Watts–Strogatz,LCF-original,Watts–Strogatz,Watts–Strogatz,99,99,True,1,0.0043342113494873047,100,100,0,12.199999999999999
Base,Watts–Strogatz,LCF-original,Watts–Strogatz,Watts–Strogatz,99,99,True,2,0.0039601232255036534,79.200000000000003,58.599999999999994,20.600000000000009,13.370910469886576
Base,Watts–Strogatz,LCF-original,Watts–Strogatz,Watts–Strogatz,99,99,True,3,0.0040229358519741076,56.399999999999991,33.800000000000004,22.599999999999987,21.70044903269126
Base,Watts–Strogatz,LCF-original,Watts–Strogatz,Watts–Strogatz,99,99,True,4,0.0039233854084208541,44.600000000000001,19.600000000000001,25,12.13050242518532
Base,Watts–Strogatz,LCF-original,Watts–Strogatz,Watts–Strogatz,99,99,True,5,0.0039969994833330968,33,12.800000000000001,20.199999999999999,16.856060606060609
Base,Watts–Strogatz,LCF-original,Watts–Strogatz,Watts–Strogatz,99,99,False,1,0.0043342113494873047,100,100,0,12.199999999999999
Base,Watts–Strogatz,LCF-original,Watts–Strogatz,Watts–Strogatz,99,99,False,2,0.0039601232255036534,100,100,0,12.6
Base,Watts–Strogatz,LCF-original,Watts–Strogatz,Watts–Strogatz,99,99,False,3,0.0039008372885812603,100,100,0,19.199999999999999
Base,Watts–Strogatz,LCF-original,Watts–Strogatz,Watts–Strogatz,99,99,False,4,0.0036043340181727279,100,100,0,13.4
Base,Watts–Strogatz,LCF-original,Watts–Strogatz,Watts–Strogatz,99,99,False,5,0.0038308347087898653,100,100,0,13.200000000000001
Base,Watts–Strogatz,LCF-active,Watts–Strogatz,Watts–Strogatz,99,99,True,1,0.0040640830993652344,100,100,0,10.399999999999999
Base,Watts–Strogatz,LCF-active,Watts–Strogatz,Watts–Strogatz,99,99,True,2,0.0036768226668953963,78.400000000000006,61.600000000000001,16.800000000000004,11.433209647495357
Base,Watts–Strogatz,LCF-active,Watts–Strogatz,Watts–Strogatz,99,99,True,3,0.0038238655749940342,57.799999999999997,39,18.799999999999997,21.307781030964417
Base,Watts–Strogatz,LCF-active,Watts–Strogatz,Watts–Strogatz,99,99,True,4,0.0036293917110460372,47.199999999999996,23.400000000000002,23.799999999999994,13.570186875271622
Base,Watts–Strogatz,LCF-active,Watts–Strogatz,Watts–Strogatz,99,99,True,5,0.0036394983412891824,36.399999999999999,15.4,21,21.978021978021982
Base,Watts–Strogatz,LCF-active,Watts–Strogatz,Watts–Strogatz,99,99,False,1,0.0040640830993652344,100,100,0,10.399999999999999
Base,Watts–Strogatz,LCF-active,Watts–Strogatz,Watts–Strogatz,99,99,False,2,0.0036768226668953963,100,100,0,12
Base,Watts–Strogatz,LCF-active,Watts–Strogatz,Watts–Strogatz,99,99,False,3,0.003704795031530761,100,100,0,20.800000000000001
Base,Watts–Strogatz,LCF-active,Watts–Strogatz,Watts–Strogatz,99,99,False,4,0.0033903699203374771,100,100,0,14.000000000000002
Base,Watts–Strogatz,LCF-active,Watts–Strogatz,Watts–Strogatz,99,99,False,5,0.0036077085281562837,100,100,0,13
Base,Watts–Strogatz,EO,Watts–Strogatz,Watts–Strogatz,99,99,True,1,0.0061574373806995153,100,100,0,-4.2000000000000037
Base,Watts–Strogatz,EO,Watts–Strogatz,Watts–Strogatz,99,99,True,2,0.0054264831720903794,75.200000000000003,78.799999999999997,3.5999999999999943,-0.67366886272814952
Base,Watts–Strogatz,EO,Watts–Strogatz,Watts–Strogatz,99,99,True,3,0.0055778617834397748,56.599999999999994,60,3.4000000000000057,11.944640753828029
Base,Watts–Strogatz,EO,Watts–Strogatz,Watts–Strogatz,99,99,True,4,0.0051850384408100858,46,41.399999999999999,4.6000000000000014,4.154589371980677
Base,Watts–Strogatz,EO,Watts–Strogatz,Watts–Strogatz,99,99,True,5,0.0052378417997553939,36.799999999999997,32.600000000000001,4.1999999999999957,4.6212323286209607
Base,Watts–Strogatz,EO,Watts–Strogatz,Watts–Strogatz,99,99,False,1,0.0061574373806995153,100,100,0,-4.2000000000000037
Base,Watts–Strogatz,EO,Watts–Strogatz,Watts–Strogatz,99,99,False,2,0.0054264831720903794,100,100,0,-0.40000000000000036
Base,Watts–Strogatz,EO,Watts–Strogatz,Watts–Strogatz,99,99,False,3,0.0054145843089183909,100,100,0,10.199999999999998
Base,Watts–Strogatz,EO,Watts–Strogatz,Watts–Strogatz,99,99,False,4,0.00469823390252877,100,100,0,1.6000000000000014
Base,Watts–Strogatz,EO,Watts–Strogatz,Watts–Strogatz,99,99,False,5,0.0048959739009614145,100,100,0,0.60000000000000053
Base,Watts–Strogatz,DP,Watts–Strogatz,Watts–Strogatz,99,99,True,1,0.0062177432011758516,100,100,0,-0.60000000000000053
Base,Watts–Strogatz,DP,Watts–Strogatz,Watts–Strogatz,99,99,True,2,0.0054653358534108021,78.600000000000009,77.400000000000006,1.2000000000000028,1.3274947235536683
Base,Watts–Strogatz,DP,Watts–Strogatz,Watts–Strogatz,99,99,True,3,0.0057093806369387101,60.199999999999996,57.799999999999997,2.3999999999999986,15.746818563266618
Base,Watts–Strogatz,DP,Watts–Strogatz,Watts–Strogatz,99,99,True,4,0.0052504643216101377,49.200000000000003,39,10.200000000000003,5.4659161976235104
Base,Watts–Strogatz,DP,Watts–Strogatz,Watts–Strogatz,99,99,True,5,0.0053182036349515016,39.600000000000001,29.399999999999999,10.200000000000003,10.533910533910539
Base,Watts–Strogatz,DP,Watts–Strogatz,Watts–Strogatz,99,99,False,1,0.0062177432011758516,100,100,0,-0.60000000000000053
Base,Watts–Strogatz,DP,Watts–Strogatz,Watts–Strogatz,99,99,False,2,0.0054653358534108021,100,100,0,2.200000000000002
Base,Watts–Strogatz,DP,Watts–Strogatz,Watts–Strogatz,99,99,False,3,0.0054476167573861423,100,100,0,13.4
Base,Watts–Strogatz,DP,Watts–Strogatz,Watts–Strogatz,99,99,False,4,0.0047485849184178974,100,100,0,3.2000000000000028
Base,Watts–Strogatz,DP,Watts–Strogatz,Watts–Strogatz,99,99,False,5,0.0048868367079426545,100,100,0,4.6000000000000041
Variant I,Base (80/20),Baseline,Base (80/20),Base (80/20),2026,2026,True,1,0.008325831252977145,100,100,0,3.400000000000003
Variant I,Base (80/20),Baseline,Base (80/20),Base (80/20),2026,2026,True,2,0.0075609328871547588,79.200000000000003,75.200000000000003,4,-2.9201590371803143
Variant I,Base (80/20),Baseline,Base (80/20),Base (80/20),2026,2026,True,3,0.0075646298347229468,60,58.599999999999994,1.4000000000000057,0.80432309442548533
Variant I,Base (80/20),Baseline,Base (80/20),Base (80/20),2026,2026,True,4,0.009130123592726358,45.200000000000003,43.799999999999997,1.4000000000000057,3.4994140703923704
Variant I,Base (80/20),Baseline,Base (80/20),Base (80/20),2026,2026,True,5,0.0081571097756822919,36,33,3,6.6666666666666652
Variant I,Base (80/20),Baseline,Base (80/20),Base (80/20),2026,2026,False,1,0.008325831252977145,100,100,0,3.400000000000003
Variant I,Base (80/20),Baseline,Base (80/20),Base (80/20),2026,2026,False,2,0.0075609328871547588,100,100,0,-1.8000000000000016
Variant I,Base (80/20),Baseline,Base (80/20),Base (80/20),2026,2026,False,3,0.0067604360359060367,100,100,0,-2.200000000000002
Variant I,Base (80/20),Baseline,Base (80/20),Base (80/20),2026,2026,False,4,0.0091320370730254563,100,100,0,0.40000000000000036
Variant I,Base (80/20),Baseline,Base (80/20),Base (80/20),2026,2026,False,5,0.0079890938312134896,100,100,0,4.5999999999999925
Variant I,Base (80/20),LCF-original,Base (80/20),Base (80/20),2026,2026,True,1,0.0050277113914489746,100,100,0,16.399999999999999
Variant I,Base (80/20),LCF-original,Base (80/20),Base (80/20),2026,2026,True,2,0.0047969157836799114,80.400000000000006,60.399999999999999,20.000000000000007,7.4676287436987181
Variant I,Base (80/20),LCF-original,Base (80/20),Base (80/20),2026,2026,True,3,0.0051110008573997945,60,38.200000000000003,21.799999999999997,6.9790575916230395
Variant I,Base (80/20),LCF-original,Base (80/20),Base (80/20),2026,2026,True,4,0.0054694250152983459,45.200000000000003,25.600000000000001,19.600000000000001,18.35591814159292
Variant I,Base (80/20),LCF-original,Base (80/20),Base (80/20),2026,2026,True,5,0.0051173527605395952,35.600000000000001,16.400000000000002,19.199999999999999,22.115648122773358
Variant I,Base (80/20),LCF-original,Base (80/20),Base (80/20),2026,2026,False,1,0.0050277113914489746,100,100,0,16.399999999999999
Variant I,Base (80/20),LCF-original,Base (80/20),Base (80/20),2026,2026,False,2,0.0047969157836799114,100,100,0,8.1999999999999957
Variant I,Base (80/20),LCF-original,Base (80/20),Base (80/20),2026,2026,False,3,0.0044375972180727974,100,100,0,7.5999999999999961
Variant I,Base (80/20),LCF-original,Base (80/20),Base (80/20),2026,2026,False,4,0.0053847641397728463,100,100,0,10.999999999999998
Variant I,Base (80/20),LCF-original,Base (80/20),Base (80/20),2026,2026,False,5,0.0050205263817599821,100,100,0,16.800000000000004
Variant I,Base (80/20),LCF-active,Base (80/20),Base (80/20),2026,2026,True,1,0.0045316219329833984,100,100,0,15.400000000000002
Variant I,Base (80/20),LCF-active,Base (80/20),Base (80/20),2026,2026,True,2,0.0041145072024385554,80.800000000000011,63.800000000000004,17.000000000000007,8.4577423259567297
Variant I,Base (80/20),LCF-active,Base (80/20),Base (80/20),2026,2026,True,3,0.0043728991840112919,61.199999999999996,41,20.199999999999996,6.3255220787502004
Variant I,Base (80/20),LCF-active,Base (80/20),Base (80/20),2026,2026,True,4,0.0049544703879078611,46.200000000000003,27.800000000000004,18.399999999999999,14.69681397738951
Variant I,Base (80/20),LCF-active,Base (80/20),Base (80/20),2026,2026,True,5,0.0043748005673532875,36,19,17,15.4093567251462
Variant I,Base (80/20),LCF-active,Base (80/20),Base (80/20),2026,2026,False,1,0.0045316219329833984,100,100,0,15.400000000000002
Variant I,Base (80/20),LCF-active,Base (80/20),Base (80/20),2026,2026,False,2,0.0041145072024385554,100,100,0,8.7999999999999972
Variant I,Base (80/20),LCF-active,Base (80/20),Base (80/20),2026,2026,False,3,0.0038835930193982238,100,100,0,7.399999999999995
Variant I,Base (80/20),LCF-active,Base (80/20),Base (80/20),2026,2026,False,4,0.0049799777690572311,100,100,0,9.5999999999999979
Variant I,Base (80/20),LCF-active,Base (80/20),Base (80/20),2026,2026,False,5,0.0044963045773777077,100,100,0,17.600000000000005
Variant I,Base (80/20),EO,Base (80/20),Base (80/20),2026,2026,True,1,0.008158659495206555,100,100,0,4.2000000000000037
Variant I,Base (80/20),EO,Base (80/20),Base (80/20),2026,2026,True,2,0.0074271883912829795,79.200000000000003,74.400000000000006,4.7999999999999972,-0.48875855327468187
Variant I,Base (80/20),EO,Base (80/20),Base (80/20),2026,2026,True,3,0.0074243068878049323,60.799999999999997,56.999999999999993,3.8000000000000043,1.1842105263157876
Variant I,Base (80/20),EO,Base (80/20),Base (80/20),2026,2026,True,4,0.0089904657941867194,45.800000000000004,42.199999999999996,3.6000000000000085,3.7148947618949046
Variant I,Base (80/20),EO,Base (80/20),Base (80/20),2026,2026,True,5,0.0079848788351902789,36,31.600000000000001,4.3999999999999986,8.9943741209564045
Variant I,Base (80/20),EO,Base (80/20),Base (80/20),2026,2026,False,1,0.008158659495206555,100,100,0,4.2000000000000037
Variant I,Base (80/20),EO,Base (80/20),Base (80/20),2026,2026,False,2,0.0074271883912829795,100,100,0,0
Variant I,Base (80/20),EO,Base (80/20),Base (80/20),2026,2026,False,3,0.0066591560635513858,100,100,0,-0.80000000000000071
Variant I,Base (80/20),EO,Base (80/20),Base (80/20),2026,2026,False,4,0.0089694772523147837,100,100,0,1.2000000000000011
Variant I,Base (80/20),EO,Base (80/20),Base (80/20),2026,2026,False,5,0.0078721032274960967,100,100,0,5.9999999999999947
Variant I,Base (80/20),DP,Base (80/20),Base (80/20),2026,2026,True,1,0.008339045608290574,100,100,0,3.400000000000003
Variant I,Base (80/20),DP,Base (80/20),Base (80/20),2026,2026,True,2,0.0075855911556146349,79.200000000000003,75.200000000000003,4,-2.9201590371803143
Variant I,Base (80/20),DP,Base (80/20),Base (80/20),2026,2026,True,3,0.0075905820651896994,60,58.599999999999994,1.4000000000000057,0.80432309442548533
Variant I,Base (80/20),DP,Base (80/20),Base (80/20),2026,2026,True,4,0.0091312291816987301,45.200000000000003,43.799999999999997,1.4000000000000057,3.4994140703923704
Variant I,Base (80/20),DP,Base (80/20),Base (80/20),2026,2026,True,5,0.0081802048411613315,36,33,3,6.6666666666666652
Variant I,Base (80/20),DP,Base (80/20),Base (80/20),2026,2026,False,1,0.008339045608290574,100,100,0,3.400000000000003
Variant I,Base (80/20),DP,Base (80/20),Base (80/20),2026,2026,False,2,0.0075855911556146349,100,100,0,-1.8000000000000016
Variant I,Base (80/20),DP,Base (80/20),Base (80/20),2026,2026,False,3,0.0067947080635468726,100,100,0,-2.200000000000002
Variant I,Base (80/20),DP,Base (80/20),Base (80/20),2026,2026,False,4,0.0091456357684133183,100,100,0,0.40000000000000036
Variant I,Base (80/20),DP,Base (80/20),Base (80/20),2026,2026,False,5,0.0080154945729613569,100,100,0,4.5999999999999925
Variant I,Base (80/20),Baseline,Base (80/20),Base (80/20),7,7,True,1,0.008325831252977145,100,100,0,2.4000000000000021
Variant I,Base (80/20),Baseline,Base (80/20),Base (80/20),7,7,True,2,0.0079593702682395628,79.200000000000003,76.200000000000003,3,-2.7877197168535761
Variant I,Base (80/20),Baseline,Base (80/20),Base (80/20),7,7,True,3,0.0088582993799969367,59.799999999999997,59.599999999999994,0.20000000000000284,-3.234495297524187
Variant I,Base (80/20),Baseline,Base (80/20),Base (80/20),7,7,True,4,0.0093428828149549892,44.800000000000004,47.199999999999996,2.3999999999999915,6.9536924939467282
Variant I,Base (80/20),Baseline,Base (80/20),Base (80/20),7,7,True,5,0.0089380155736855649,36.600000000000001,36.399999999999999,0.20000000000000284,4.5817570407734269
Variant I,Base (80/20),Baseline,Base (80/20),Base (80/20),7,7,False,1,0.008325831252977145,100,100,0,2.4000000000000021
Variant I,Base (80/20),Baseline,Base (80/20),Base (80/20),7,7,False,2,0.0079593702682395628,100,100,0,-3.0000000000000027
Variant I,Base (80/20),Baseline,Base (80/20),Base (80/20),7,7,False,3,0.0087937665674788779,100,100,0,-0.60000000000000053
Variant I,Base (80/20),Baseline,Base (80/20),Base (80/20),7,7,False,4,0.010036209143574171,100,100,0,5.5999999999999943
Variant I,Base (80/20),Baseline,Base (80/20),Base (80/20),7,7,False,5,0.0094652772565261278,100,100,0,0.60000000000000053
Variant I,Base (80/20),LCF-original,Base (80/20),Base (80/20),7,7,True,1,0.0050277113914489746,100,100,0,13.200000000000001
Variant I,Base (80/20),LCF-original,Base (80/20),Base (80/20),7,7,True,2,0.0051351246782704862,79.600000000000009,64,15.600000000000009,5.6077261306532566
Variant I,Base (80/20),LCF-original,Base (80/20),Base (80/20),7,7,True,3,0.0056027253099110164,58.599999999999994,42.399999999999999,16.199999999999996,6.8967737780926015
Variant I,Base (80/20),LCF-original,Base (80/20),Base (80/20),7,7,True,4,0.0059142235266802512,43.399999999999999,28.000000000000004,15.399999999999995,24.170506912442391
Variant I,Base (80/20),LCF-original,Base (80/20),Base (80/20),7,7,True,5,0.0057852426857186723,36.600000000000001,18.399999999999999,18.200000000000003,16.619149441672604
Variant I,Base (80/20),LCF-original,Base (80/20),Base (80/20),7,7,False,1,0.0050277113914489746,100,100,0,13.200000000000001
Variant I,Base (80/20),LCF-original,Base (80/20),Base (80/20),7,7,False,2,0.0051351246782704862,100,100,0,7.7999999999999954
Variant I,Base (80/20),LCF-original,Base (80/20),Base (80/20),7,7,False,3,0.0055442952688992131,100,100,0,10.199999999999998
Variant I,Base (80/20),LCF-original,Base (80/20),Base (80/20),7,7,False,4,0.0062545991171799598,100,100,0,19
Variant I,Base (80/20),LCF-original,Base (80/20),Base (80/20),7,7,False,5,0.0060488542640931842,100,100,0,10.199999999999998
Variant I,Base (80/20),LCF-active,Base (80/20),Base (80/20),7,7,True,1,0.0045316219329833984,100,100,0,14.000000000000002
Variant I,Base (80/20),LCF-active,Base (80/20),Base (80/20),7,7,True,2,0.0043638164110473276,80.800000000000011,65.799999999999997,15.000000000000014,5.9887447711336472
Variant I,Base (80/20),LCF-active,Base (80/20),Base (80/20),7,7,True,3,0.0048344094709633634,60.199999999999996,44,16.199999999999996,7.2832980972515777
Variant I,Base (80/20),LCF-active,Base (80/20),Base (80/20),7,7,True,4,0.0052501674263649711,45.399999999999999,29.199999999999999,16.199999999999999,22.880333112063244
Variant I,Base (80/20),LCF-active,Base (80/20),Base (80/20),7,7,True,5,0.0050433729057083321,38.200000000000003,19.600000000000001,18.600000000000001,17.875841436050859
Variant I,Base (80/20),LCF-active,Base (80/20),Base (80/20),7,7,False,1,0.0045316219329833984,100,100,0,14.000000000000002
Variant I,Base (80/20),LCF-active,Base (80/20),Base (80/20),7,7,False,2,0.0043638164110473276,100,100,0,7.399999999999995
Variant I,Base (80/20),LCF-active,Base (80/20),Base (80/20),7,7,False,3,0.0047959678327659239,100,100,0,10.199999999999998
Variant I,Base (80/20),LCF-active,Base (80/20),Base (80/20),7,7,False,4,0.005528991870375255,100,100,0,17.200000000000003
Variant I,Base (80/20),LCF-active,Base (80/20),Base (80/20),7,7,False,5,0.0052591735028381104,100,100,0,11.399999999999999
Variant I,Base (80/20),EO,Base (80/20),Base (80/20),7,7,True,1,0.008158659495206555,100,100,0,2.8000000000000025
Variant I,Base (80/20),EO,Base (80/20),Base (80/20),7,7,True,2,0.0078191355238870219,79.600000000000009,76,3.6000000000000085,-2.2573393282200427
Variant I,Base (80/20),EO,Base (80/20),Base (80/20),7,7,True,3,0.0087381334517142584,60.199999999999996,59.399999999999999,0.79999999999999716,-0.86356365426133452
Variant I,Base (80/20),EO,Base (80/20),Base (80/20),7,7,True,4,0.0092621279636118103,45.200000000000003,46.200000000000003,1,9.315021261923917
Variant I,Base (80/20),EO,Base (80/20),Base (80/20),7,7,True,5,0.0088522618883418724,37.200000000000003,35,2.2000000000000028,6.0952380952380869
Variant I,Base (80/20),EO,Base (80/20),Base (80/20),7,7,False,1,0.008158659495206555,100,100,0,2.8000000000000025
Variant I,Base (80/20),EO,Base (80/20),Base (80/20),7,7,False,2,0.0078191355238870219,100,100,0,-2.4000000000000021
Variant I,Base (80/20),EO,Base (80/20),Base (80/20),7,7,False,3,0.0086538363119558204,100,100,0,1.0000000000000009
Variant I,Base (80/20),EO,Base (80/20),Base (80/20),7,7,False,4,0.0098892479011416512,100,100,0,7.1999999999999957
Variant I,Base (80/20),EO,Base (80/20),Base (80/20),7,7,False,5,0.0093397938208125142,100,100,0,1.4000000000000012
Variant I,Base (80/20),DP,Base (80/20),Base (80/20),7,7,True,1,0.008339045608290574,100,100,0,2.4000000000000021
Variant I,Base (80/20),DP,Base (80/20),Base (80/20),7,7,True,2,0.0079908549566795051,79.200000000000003,76.200000000000003,3,-2.7877197168535761
Variant I,Base (80/20),DP,Base (80/20),Base (80/20),7,7,True,3,0.0088793573327109465,59.799999999999997,59.599999999999994,0.20000000000000284,-3.234495297524187
Variant I,Base (80/20),DP,Base (80/20),Base (80/20),7,7,True,4,0.0093589359294798946,44.800000000000004,47.199999999999996,2.3999999999999915,6.9536924939467282
Variant I,Base (80/20),DP,Base (80/20),Base (80/20),7,7,True,5,0.0089529883290943024,36.600000000000001,36.399999999999999,0.20000000000000284,4.5817570407734269
Variant I,Base (80/20),DP,Base (80/20),Base (80/20),7,7,False,1,0.008339045608290574,100,100,0,2.4000000000000021
Variant I,Base (80/20),DP,Base (80/20),Base (80/20),7,7,False,2,0.0079908549566795051,100,100,0,-2.8000000000000025
Variant I,Base (80/20),DP,Base (80/20),Base (80/20),7,7,False,3,0.0088250096604073347,100,100,0,-0.60000000000000053
Variant I,Base (80/20),DP,Base (80/20),Base (80/20),7,7,False,4,0.010066072856064534,100,100,0,5.5999999999999943
Variant I,Base (80/20),DP,Base (80/20),Base (80/20),7,7,False,5,0.0094960425579589947,100,100,0,0.60000000000000053
Variant I,Base (80/20),Baseline,Base (80/20),Base (80/20),13,13,True,1,0.008325831252977145,100,100,0,-2.4000000000000021
Variant I,Base (80/20),Baseline,Base (80/20),Base (80/20),13,13,True,2,0.006705552066887277,77.400000000000006,78.799999999999997,1.3999999999999915,-0.37972691142328374
Variant I,Base (80/20),Baseline,Base (80/20),Base (80/20),13,13,True,3,0.0076563899331762997,57.199999999999996,59.399999999999999,2.2000000000000028,-2.8231028231028299
Variant I,Base (80/20),Baseline,Base (80/20),Base (80/20),13,13,True,4,0.0077536176034217474,42.600000000000001,45.800000000000004,3.2000000000000028,0.66219734711032707
Variant I,Base (80/20),Baseline,Base (80/20),Base (80/20),13,13,True,5,0.0070316161053175508,34.200000000000003,35,0.79999999999999716,6.148705096073515
Variant I,Base (80/20),Baseline,Base (80/20),Base (80/20),13,13,False,1,0.008325831252977145,100,100,0,-2.4000000000000021
Variant I,Base (80/20),Baseline,Base (80/20),Base (80/20),13,13,False,2,0.006705552066887277,100,100,0,-0.40000000000000036
Variant I,Base (80/20),Baseline,Base (80/20),Base (80/20),13,13,False,3,0.0080834726333159912,100,100,0,-4.8000000000000043
Variant I,Base (80/20),Baseline,Base (80/20),Base (80/20),13,13,False,4,0.0081536986478696338,100,100,0,-4.6000000000000041
Variant I,Base (80/20),Baseline,Base (80/20),Base (80/20),13,13,False,5,0.006944223710132813,100,100,0,0.40000000000000036
Variant I,Base (80/20),LCF-original,Base (80/20),Base (80/20),13,13,True,1,0.0050277113914489746,100,100,0,5.9999999999999947
Variant I,Base (80/20),LCF-original,Base (80/20),Base (80/20),13,13,True,2,0.0042620112769421459,75,66.200000000000003,8.7999999999999972,11.074320241691836
Variant I,Base (80/20),LCF-original,Base (80/20),Base (80/20),13,13,True,3,0.0044575167472548083,53.800000000000004,40,13.800000000000004,11.146840148698884
Variant I,Base (80/20),LCF-original,Base (80/20),Base (80/20),13,13,True,4,0.0044984870597118976,39.200000000000003,25.399999999999999,13.800000000000004,12.638598746585251
Variant I,Base (80/20),LCF-original,Base (80/20),Base (80/20),13,13,True,5,0.0043764889379740435,32.200000000000003,14.6,17.600000000000001,13.783714796222245
Variant I,Base (80/20),LCF-original,Base (80/20),Base (80/20),13,13,False,1,0.0050277113914489746,100,100,0,5.9999999999999947
Variant I,Base (80/20),LCF-original,Base (80/20),Base (80/20),13,13,False,2,0.0042620112769421459,100,100,0,10.999999999999998
Variant I,Base (80/20),LCF-original,Base (80/20),Base (80/20),13,13,False,3,0.0048178755329930656,100,100,0,9.5999999999999925
Variant I,Base (80/20),LCF-original,Base (80/20),Base (80/20),13,13,False,4,0.0049481376952714706,100,100,0,5.7999999999999936
Variant I,Base (80/20),LCF-original,Base (80/20),Base (80/20),13,13,False,5,0.004636718867296552,100,100,0,12.6
Variant I,Base (80/20),LCF-active,Base (80/20),Base (80/20),13,13,True,1,0.0045316219329833984,100,100,0,6.199999999999994
Variant I,Base (80/20),LCF-active,Base (80/20),Base (80/20),13,13,True,2,0.0038458803965573107,76.400000000000006,67.200000000000003,9.2000000000000028,10.614559960109698
Variant I,Base (80/20),LCF-active,Base (80/20),Base (80/20),13,13,True,3,0.0041347811854377525,56.000000000000007,41.199999999999996,14.800000000000011,11.539528432732315
Variant I,Base (80/20),LCF-active,Base (80/20),Base (80/20),13,13,True,4,0.0041552852138083685,41.399999999999999,27.200000000000003,14.199999999999996,13.032821824381923
Variant I,Base (80/20),LCF-active,Base (80/20),Base (80/20),13,13,True,5,0.0037665909060085045,34,15.800000000000001,18.199999999999999,11.451973194341026
Variant I,Base (80/20),LCF-active,Base (80/20),Base (80/20),13,13,False,1,0.0045316219329833984,100,100,0,6.199999999999994
Variant I,Base (80/20),LCF-active,Base (80/20),Base (80/20),13,13,False,2,0.0038458803965573107,100,100,0,10.399999999999999
Variant I,Base (80/20),LCF-active,Base (80/20),Base (80/20),13,13,False,3,0.0044674368247956675,100,100,0,8.1999999999999957
Variant I,Base (80/20),LCF-active,Base (80/20),Base (80/20),13,13,False,4,0.0045640587082577122,100,100,0,5.3999999999999932
Variant I,Base (80/20),LCF-active,Base (80/20),Base (80/20),13,13,False,5,0.0039846772324477753,100,100,0,9.9999999999999982
Variant I,Base (80/20),EO,Base (80/20),Base (80/20),13,13,True,1,0.008158659495206555,100,100,0,-1.6000000000000014
Variant I,Base (80/20),EO,Base (80/20),Base (80/20),13,13,True,2,0.0065612789997439025,78.200000000000003,78.600000000000009,0.40000000000000568,1.3471037269869868
Variant I,Base (80/20),EO,Base (80/20),Base (80/20),13,13,True,3,0.0074942978118265335,57.999999999999993,58.199999999999996,0.20000000000000284,-1.1636449816328942
Variant I,Base (80/20),EO,Base (80/20),Base (80/20),13,13,True,4,0.007669846743716735,44,44.800000000000004,0.80000000000000426,1.6314935064935088
Variant I,Base (80/20),EO,Base (80/20),Base (80/20),13,13,True,5,0.0071089744825730827,35.399999999999999,33.600000000000001,1.7999999999999972,5.8313155770782892
Variant I,Base (80/20),EO,Base (80/20),Base (80/20),13,13,False,1,0.008158659495206555,100,100,0,-1.6000000000000014
Variant I,Base (80/20),EO,Base (80/20),Base (80/20),13,13,False,2,0.0065612789997439025,100,100,0,1.2000000000000011
Variant I,Base (80/20),EO,Base (80/20),Base (80/20),13,13,False,3,0.0078926448844317543,100,100,0,-2.6000000000000023
Variant I,Base (80/20),EO,Base (80/20),Base (80/20),13,13,False,4,0.0079811853344511352,100,100,0,-4.0000000000000036
Variant I,Base (80/20),EO,Base (80/20),Base (80/20),13,13,False,5,0.0068280470094036483,100,100,0,1.4000000000000012
Variant I,Base (80/20),DP,Base (80/20),Base (80/20),13,13,True,1,0.008339045608290574,100,100,0,-2.4000000000000021
Variant I,Base (80/20),DP,Base (80/20),Base (80/20),13,13,True,2,0.006719636585297506,77.400000000000006,78.799999999999997,1.3999999999999915,-0.37972691142328374
Variant I,Base (80/20),DP,Base (80/20),Base (80/20),13,13,True,3,0.0076587027340843106,57.199999999999996,59.399999999999999,2.2000000000000028,-2.8231028231028299
Variant I,Base (80/20),DP,Base (80/20),Base (80/20),13,13,True,4,0.007769819943228562,42.600000000000001,45.800000000000004,3.2000000000000028,0.66219734711032707
Variant I,Base (80/20),DP,Base (80/20),Base (80/20),13,13,True,5,0.007075257325341866,34.200000000000003,35,0.79999999999999716,6.148705096073515
Variant I,Base (80/20),DP,Base (80/20),Base (80/20),13,13,False,1,0.008339045608290574,100,100,0,-2.4000000000000021
Variant I,Base (80/20),DP,Base (80/20),Base (80/20),13,13,False,2,0.006719636585297506,100,100,0,-0.40000000000000036
Variant I,Base (80/20),DP,Base (80/20),Base (80/20),13,13,False,3,0.00808281936596289,100,100,0,-4.8000000000000043
Variant I,Base (80/20),DP,Base (80/20),Base (80/20),13,13,False,4,0.0081563134662714365,100,100,0,-4.6000000000000041
Variant I,Base (80/20),DP,Base (80/20),Base (80/20),13,13,False,5,0.0069672692366219424,100,100,0,0.40000000000000036
Variant I,Base (80/20),Baseline,Base (80/20),Base (80/20),42,42,True,1,0.008325831252977145,100,100,0,-1.0000000000000009
Variant I,Base (80/20),Baseline,Base (80/20),Base (80/20),42,42,True,2,0.0072112312240590892,77,77.600000000000009,0.60000000000000853,-0.50274467800240918
Variant I,Base (80/20),Baseline,Base (80/20),Base (80/20),42,42,True,3,0.0071852012163327039,58.799999999999997,62,3.2000000000000028,1.2354619267061606
Variant I,Base (80/20),Baseline,Base (80/20),Base (80/20),42,42,True,4,0.0083590349528592789,48.199999999999996,48.600000000000001,0.40000000000000568,1.3797107388624275
Variant I,Base (80/20),Baseline,Base (80/20),Base (80/20),42,42,True,5,0.0082125061832192259,38.600000000000001,38.399999999999999,0.20000000000000284,-0.33732728842832405
Variant I,Base (80/20),Baseline,Base (80/20),Base (80/20),42,42,False,1,0.008325831252977145,100,100,0,-1.0000000000000009
Variant I,Base (80/20),Baseline,Base (80/20),Base (80/20),42,42,False,2,0.0072112312240590892,100,100,0,-0.40000000000000036
Variant I,Base (80/20),Baseline,Base (80/20),Base (80/20),42,42,False,3,0.0067528491750197261,100,100,0,3.5999999999999921
Variant I,Base (80/20),Baseline,Base (80/20),Base (80/20),42,42,False,4,0.0081316847018441107,100,100,0,2.8000000000000025
Variant I,Base (80/20),Baseline,Base (80/20),Base (80/20),42,42,False,5,0.0075876651456674438,100,100,0,0.20000000000000018
Variant I,Base (80/20),LCF-original,Base (80/20),Base (80/20),42,42,True,1,0.0050277113914489746,100,100,0,11.999999999999995
Variant I,Base (80/20),LCF-original,Base (80/20),Base (80/20),42,42,True,2,0.0047647898755548423,78,61.600000000000001,16.399999999999999,7.9503829503829504
Variant I,Base (80/20),LCF-original,Base (80/20),Base (80/20),42,42,True,3,0.0045324936086142964,56.999999999999993,42.399999999999999,14.599999999999994,9.8675935120820952
Variant I,Base (80/20),LCF-original,Base (80/20),Base (80/20),42,42,True,4,0.0048824255455731658,44.800000000000004,29.399999999999999,15.400000000000006,8.5671768707482947
Variant I,Base (80/20),LCF-original,Base (80/20),Base (80/20),42,42,True,5,0.0047353565118276597,33.800000000000004,20.399999999999999,13.400000000000006,8.2086088873419172
Variant I,Base (80/20),LCF-original,Base (80/20),Base (80/20),42,42,False,1,0.0050277113914489746,100,100,0,11.999999999999995
Variant I,Base (80/20),LCF-original,Base (80/20),Base (80/20),42,42,False,2,0.0047647898755548423,100,100,0,6.9999999999999947
Variant I,Base (80/20),LCF-original,Base (80/20),Base (80/20),42,42,False,3,0.0044188587978450933,100,100,0,13.200000000000001
Variant I,Base (80/20),LCF-original,Base (80/20),Base (80/20),42,42,False,4,0.0049278300646831141,100,100,0,12.6
Variant I,Base (80/20),LCF-original,Base (80/20),Base (80/20),42,42,False,5,0.0047829282835261111,100,100,0,10.399999999999999
Variant I,Base (80/20),LCF-active,Base (80/20),Base (80/20),42,42,True,1,0.0045316219329833984,100,100,0,10.199999999999998
Variant I,Base (80/20),LCF-active,Base (80/20),Base (80/20),42,42,True,2,0.0040375539415388184,77.600000000000009,64.200000000000003,13.400000000000006,8.4658123775572474
Variant I,Base (80/20),LCF-active,Base (80/20),Base (80/20),42,42,True,3,0.0039212171820924846,57.399999999999999,44.600000000000001,12.799999999999997,7.1123888689239134
Variant I,Base (80/20),LCF-active,Base (80/20),Base (80/20),42,42,True,4,0.0044650465514768367,44.600000000000001,32,12.600000000000001,11.081838565022428
Variant I,Base (80/20),LCF-active,Base (80/20),Base (80/20),42,42,True,5,0.0042641682948509896,34.599999999999994,21.600000000000001,12.999999999999993,6.8721901091843289
Variant I,Base (80/20),LCF-active,Base (80/20),Base (80/20),42,42,False,1,0.0045316219329833984,100,100,0,10.199999999999998
Variant I,Base (80/20),LCF-active,Base (80/20),Base (80/20),42,42,False,2,0.0040375539415388184,100,100,0,6.9999999999999947
Variant I,Base (80/20),LCF-active,Base (80/20),Base (80/20),42,42,False,3,0.0037856709540492472,100,100,0,12.4
Variant I,Base (80/20),LCF-active,Base (80/20),Base (80/20),42,42,False,4,0.0045707843266196146,100,100,0,12.6
Variant I,Base (80/20),LCF-active,Base (80/20),Base (80/20),42,42,False,5,0.0042353283013619736,100,100,0,9.1999999999999975
Variant I,Base (80/20),EO,Base (80/20),Base (80/20),42,42,True,1,0.008158659495206555,100,100,0,-0.80000000000000071
Variant I,Base (80/20),EO,Base (80/20),Base (80/20),42,42,True,2,0.007096204851448018,77,77.600000000000009,0.60000000000000853,0.78993171776676752
Variant I,Base (80/20),EO,Base (80/20),Base (80/20),42,42,True,3,0.007067863263909846,59.199999999999996,61.799999999999997,2.6000000000000014,2.8995014431907551
Variant I,Base (80/20),EO,Base (80/20),Base (80/20),42,42,True,4,0.0082374060042010866,49.200000000000003,48,1.2000000000000028,2.0426829268292757
Variant I,Base (80/20),EO,Base (80/20),Base (80/20),42,42,True,5,0.0081793906411924411,39.800000000000004,38,1.8000000000000043,0.087278497751919204
Variant I,Base (80/20),EO,Base (80/20),Base (80/20),42,42,False,1,0.008158659495206555,100,100,0,-0.80000000000000071
Variant I,Base (80/20),EO,Base (80/20),Base (80/20),42,42,False,2,0.007096204851448018,100,100,0,0.80000000000000071
Variant I,Base (80/20),EO,Base (80/20),Base (80/20),42,42,False,3,0.0066323215501353783,100,100,0,4.9999999999999929
Variant I,Base (80/20),EO,Base (80/20),Base (80/20),42,42,False,4,0.0079785432338936868,100,100,0,3.2000000000000028
Variant I,Base (80/20),EO,Base (80/20),Base (80/20),42,42,False,5,0.0074503121871408728,100,100,0,1.0000000000000009
Variant I,Base (80/20),DP,Base (80/20),Base (80/20),42,42,True,1,0.008339045608290574,100,100,0,-1.0000000000000009
Variant I,Base (80/20),DP,Base (80/20),Base (80/20),42,42,True,2,0.007240498524989758,77,77.600000000000009,0.60000000000000853,-0.50274467800240918
Variant I,Base (80/20),DP,Base (80/20),Base (80/20),42,42,True,3,0.0072057296827323647,58.799999999999997,62,3.2000000000000028,1.2354619267061606
Variant I,Base (80/20),DP,Base (80/20),Base (80/20),42,42,True,4,0.0083698783607327742,48.199999999999996,48.600000000000001,0.40000000000000568,1.3797107388624275
Variant I,Base (80/20),DP,Base (80/20),Base (80/20),42,42,True,5,0.008214051678652301,38.600000000000001,38.399999999999999,0.20000000000000284,-0.33732728842832405
Variant I,Base (80/20),DP,Base (80/20),Base (80/20),42,42,False,1,0.008339045608290574,100,100,0,-1.0000000000000009
Variant I,Base (80/20),DP,Base (80/20),Base (80/20),42,42,False,2,0.007240498524989758,100,100,0,-0.40000000000000036
Variant I,Base (80/20),DP,Base (80/20),Base (80/20),42,42,False,3,0.0067698433928841117,100,100,0,3.5999999999999921
Variant I,Base (80/20),DP,Base (80/20),Base (80/20),42,42,False,4,0.0081321690743920705,100,100,0,2.8000000000000025
Variant I,Base (80/20),DP,Base (80/20),Base (80/20),42,42,False,5,0.0075928550129304995,100,100,0,0.20000000000000018
Variant I,Base (80/20),Baseline,Base (80/20),Base (80/20),99,99,True,1,0.008325831252977145,100,100,0,-0.20000000000000018
Variant I,Base (80/20),Baseline,Base (80/20),Base (80/20),99,99,True,2,0.0077898838330727749,77.400000000000006,78.400000000000006,1,-0.95514950166112333
Variant I,Base (80/20),Baseline,Base (80/20),Base (80/20),99,99,True,3,0.0077285559491208078,57.199999999999996,59.599999999999994,2.3999999999999986,-1.0442577556671551
Variant I,Base (80/20),Baseline,Base (80/20),Base (80/20),99,99,True,4,0.0078029686694717215,45,47.199999999999996,2.1999999999999957,-11.310734463276829
Variant I,Base (80/20),Baseline,Base (80/20),Base (80/20),99,99,True,5,0.0084768170560838296,34.200000000000003,39.399999999999999,5.1999999999999957,-9.1103393000267161
Variant I,Base (80/20),Baseline,Base (80/20),Base (80/20),99,99,False,1,0.008325831252977145,100,100,0,-0.20000000000000018
Variant I,Base (80/20),Baseline,Base (80/20),Base (80/20),99,99,False,2,0.0077898838330727749,100,100,0,0
Variant I,Base (80/20),Baseline,Base (80/20),Base (80/20),99,99,False,3,0.0077411094640242872,100,100,0,-0.60000000000000053
Variant I,Base (80/20),Baseline,Base (80/20),Base (80/20),99,99,False,4,0.0081763526505287398,100,100,0,-8.7999999999999972
Variant I,Base (80/20),Baseline,Base (80/20),Base (80/20),99,99,False,5,0.00866208597921303,100,100,0,-1.6000000000000014
Variant I,Base (80/20),LCF-original,Base (80/20),Base (80/20),99,99,True,1,0.0050277113914489746,100,100,0,14.000000000000002
Variant I,Base (80/20),LCF-original,Base (80/20),Base (80/20),99,99,True,2,0.0048796360704317365,77.200000000000003,62,15.200000000000003,10.235667725221465
Variant I,Base (80/20),LCF-original,Base (80/20),Base (80/20),99,99,True,3,0.0048080429051648998,56.599999999999994,40.200000000000003,16.399999999999991,15.647908865566157
Variant I,Base (80/20),LCF-original,Base (80/20),Base (80/20),99,99,True,4,0.0049373828004873888,43.600000000000001,27,16.600000000000001,-4.1794087665647295
Variant I,Base (80/20),LCF-original,Base (80/20),Base (80/20),99,99,True,5,0.0048459019339605058,32.200000000000003,18.800000000000001,13.400000000000002,14.411259415884759
Variant I,Base (80/20),LCF-original,Base (80/20),Base (80/20),99,99,False,1,0.0050277113914489746,100,100,0,14.000000000000002
Variant I,Base (80/20),LCF-original,Base (80/20),Base (80/20),99,99,False,2,0.0048796360704317365,100,100,0,11.799999999999999
Variant I,Base (80/20),LCF-original,Base (80/20),Base (80/20),99,99,False,3,0.0049583615393019587,100,100,0,11.799999999999999
Variant I,Base (80/20),LCF-original,Base (80/20),Base (80/20),99,99,False,4,0.0052553783857883785,100,100,0,3.3999999999999919
Variant I,Base (80/20),LCF-original,Base (80/20),Base (80/20),99,99,False,5,0.0054025530098336105,100,100,0,12.199999999999999
Variant I,Base (80/20),LCF-active,Base (80/20),Base (80/20),99,99,True,1,0.0045316219329833984,100,100,0,12.6
Variant I,Base (80/20),LCF-active,Base (80/20),Base (80/20),99,99,True,2,0.0043693257349606274,77.799999999999997,64.799999999999997,13,10.873083880795964
Variant I,Base (80/20),LCF-active,Base (80/20),Base (80/20),99,99,True,3,0.0042204101075480338,58.399999999999999,42.399999999999999,16,14.002326182476093
Variant I,Base (80/20),LCF-active,Base (80/20),Base (80/20),99,99,True,4,0.0044135957089468381,45.800000000000004,28.000000000000004,17.800000000000001,-7.598253275109168
Variant I,Base (80/20),LCF-active,Base (80/20),Base (80/20),99,99,True,5,0.0044415134213849905,33.600000000000001,21.399999999999999,12.200000000000003,13.896306186025814
Variant I,Base (80/20),LCF-active,Base (80/20),Base (80/20),99,99,False,1,0.0045316219329833984,100,100,0,12.6
Variant I,Base (80/20),LCF-active,Base (80/20),Base (80/20),99,99,False,2,0.0043693257349606274,100,100,0,12
Variant I,Base (80/20),LCF-active,Base (80/20),Base (80/20),99,99,False,3,0.0043333791053256077,100,100,0,11.6
Variant I,Base (80/20),LCF-active,Base (80/20),Base (80/20),99,99,False,4,0.0045841408404184714,100,100,0,2.5999999999999912
Variant I,Base (80/20),LCF-active,Base (80/20),Base (80/20),99,99,False,5,0.0048741272941100755,100,100,0,9.9999999999999982
Variant I,Base (80/20),EO,Base (80/20),Base (80/20),99,99,True,1,0.008158659495206555,100,100,0,0.40000000000000036
Variant I,Base (80/20),EO,Base (80/20),Base (80/20),99,99,True,2,0.0076506391772093174,78,78.200000000000003,0.20000000000000284,0.42429011738474021
Variant I,Base (80/20),EO,Base (80/20),Base (80/20),99,99,True,3,0.007621028232667304,58.199999999999996,59,0.80000000000000426,0.2166695788921924
Variant I,Base (80/20),EO,Base (80/20),Base (80/20),99,99,True,4,0.0077070085603928584,45.600000000000001,46.200000000000003,0.60000000000000142,-11.81362497151971
Variant I,Base (80/20),EO,Base (80/20),Base (80/20),99,99,True,5,0.0083319755962130149,34.399999999999999,38.800000000000004,4.4000000000000057,-6.7429872932150525
Variant I,Base (80/20),EO,Base (80/20),Base (80/20),99,99,False,1,0.008158659495206555,100,100,0,0.40000000000000036
Variant I,Base (80/20),EO,Base (80/20),Base (80/20),99,99,False,2,0.0076506391772093174,100,100,0,2.0000000000000018
Variant I,Base (80/20),EO,Base (80/20),Base (80/20),99,99,False,3,0.0076183109575864716,100,100,0,0.60000000000000053
Variant I,Base (80/20),EO,Base (80/20),Base (80/20),99,99,False,4,0.0080631694061459314,100,100,0,-8.3999999999999968
Variant I,Base (80/20),EO,Base (80/20),Base (80/20),99,99,False,5,0.0085379715803702849,100,100,0,-0.40000000000000036
Variant I,Base (80/20),DP,Base (80/20),Base (80/20),99,99,True,1,0.008339045608290574,100,100,0,-0.20000000000000018
Variant I,Base (80/20),DP,Base (80/20),Base (80/20),99,99,True,2,0.0078082774754392181,77.400000000000006,78.400000000000006,1,-0.95514950166112333
Variant I,Base (80/20),DP,Base (80/20),Base (80/20),99,99,True,3,0.0077773467749857605,57.199999999999996,59.599999999999994,2.3999999999999986,-1.0442577556671551
Variant I,Base (80/20),DP,Base (80/20),Base (80/20),99,99,True,4,0.0078501698178278234,45,47.199999999999996,2.1999999999999957,-11.310734463276829
Variant I,Base (80/20),DP,Base (80/20),Base (80/20),99,99,True,5,0.0085194915216860734,34.200000000000003,39.399999999999999,5.1999999999999957,-9.1103393000267161
Variant I,Base (80/20),DP,Base (80/20),Base (80/20),99,99,False,1,0.008339045608290574,100,100,0,-0.20000000000000018
Variant I,Base (80/20),DP,Base (80/20),Base (80/20),99,99,False,2,0.0078082774754392181,100,100,0,0
Variant I,Base (80/20),DP,Base (80/20),Base (80/20),99,99,False,3,0.0077648100394361874,100,100,0,-0.60000000000000053
Variant I,Base (80/20),DP,Base (80/20),Base (80/20),99,99,False,4,0.0082009011308995516,100,100,0,-8.7999999999999972
Variant I,Base (80/20),DP,Base (80/20),Base (80/20),99,99,False,5,0.0086740647266965176,100,100,0,-1.6000000000000014
Variant I,Erdős–Rényi,Baseline,Erdős–Rényi,Erdős–Rényi,2026,2026,True,1,0.0084318946477739409,100,100,0,3.2000000000000028
Variant I,Erdős–Rényi,Baseline,Erdős–Rényi,Erdős–Rényi,2026,2026,True,2,0.0076782613931299926,78.600000000000009,76,2.6000000000000085,-2.4655149323690839
Variant I,Erdős–Rényi,Baseline,Erdős–Rényi,Erdős–Rényi,2026,2026,True,3,0.0077280915969731856,56.999999999999993,60.600000000000001,3.6000000000000085,-0.94841063053674457
Variant I,Erdős–Rényi,Baseline,Erdős–Rényi,Erdős–Rényi,2026,2026,True,4,0.0094818044578296456,44.200000000000003,49.200000000000003,5,-1.3317146746128161
Variant I,Erdős–Rényi,Baseline,Erdős–Rényi,Erdős–Rényi,2026,2026,True,5,0.0084076742898235857,34,37.799999999999997,3.7999999999999972,5.3314659197012171
Variant I,Erdős–Rényi,Baseline,Erdős–Rényi,Erdős–Rényi,2026,2026,False,1,0.0084318946477739409,100,100,0,3.2000000000000028
Variant I,Erdős–Rényi,Baseline,Erdős–Rényi,Erdős–Rényi,2026,2026,False,2,0.0076782613931299926,100,100,0,-1.8000000000000016
Variant I,Erdős–Rényi,Baseline,Erdős–Rényi,Erdős–Rényi,2026,2026,False,3,0.0068766218668709911,100,100,0,-2.200000000000002
Variant I,Erdős–Rényi,Baseline,Erdős–Rényi,Erdős–Rényi,2026,2026,False,4,0.0092316332700120851,100,100,0,0.40000000000000036
Variant I,Erdős–Rényi,Baseline,Erdős–Rényi,Erdős–Rényi,2026,2026,False,5,0.0080999521077061987,100,100,0,4.3999999999999932
Variant I,Erdős–Rényi,LCF-original,Erdős–Rényi,Erdős–Rényi,2026,2026,True,1,0.0057879090309143066,100,100,0,15.999999999999998
Variant I,Erdős–Rényi,LCF-original,Erdős–Rényi,Erdős–Rényi,2026,2026,True,2,0.0056278019410710423,80.600000000000009,57.199999999999996,23.400000000000013,10.151139183397245
Variant I,Erdős–Rényi,LCF-original,Erdős–Rényi,Erdős–Rényi,2026,2026,True,3,0.0058711126560108129,58.399999999999999,37,21.399999999999999,7.44539059607553
Variant I,Erdős–Rényi,LCF-original,Erdős–Rényi,Erdős–Rényi,2026,2026,True,4,0.0063078463493443371,43.399999999999999,25.399999999999999,18,12.72179687216517
Variant I,Erdős–Rényi,LCF-original,Erdős–Rényi,Erdős–Rényi,2026,2026,True,5,0.0059553380938424105,32.800000000000004,17.599999999999998,15.200000000000006,25.63747228381375
Variant I,Erdős–Rényi,LCF-original,Erdős–Rényi,Erdős–Rényi,2026,2026,False,1,0.0057879090309143066,100,100,0,15.999999999999998
Variant I,Erdős–Rényi,LCF-original,Erdős–Rényi,Erdős–Rényi,2026,2026,False,2,0.0056278019410710423,100,100,0,9.3999999999999968
Variant I,Erdős–Rényi,LCF-original,Erdős–Rényi,Erdős–Rényi,2026,2026,False,3,0.0051990641615946576,100,100,0,7.7999999999999954
Variant I,Erdős–Rényi,LCF-original,Erdős–Rényi,Erdős–Rényi,2026,2026,False,4,0.0061754961683635479,100,100,0,10.399999999999999
Variant I,Erdős–Rényi,LCF-original,Erdős–Rényi,Erdős–Rényi,2026,2026,False,5,0.0057883197883686899,100,100,0,16.199999999999999
Variant I,Erdős–Rényi,LCF-active,Erdős–Rényi,Erdős–Rényi,2026,2026,True,1,0.0044513940811157227,100,100,0,15.400000000000002
Variant I,Erdős–Rényi,LCF-active,Erdős–Rényi,Erdős–Rényi,2026,2026,True,2,0.0039198381012829353,81.599999999999994,60.799999999999997,20.799999999999997,9.3782249742002115
Variant I,Erdős–Rényi,LCF-active,Erdős–Rényi,Erdős–Rényi,2026,2026,True,3,0.0041107670264396434,60.399999999999999,40,20.399999999999999,5.2516556291390737
Variant I,Erdős–Rényi,LCF-active,Erdős–Rényi,Erdős–Rényi,2026,2026,True,4,0.0049697937671403514,45.399999999999999,28.999999999999996,16.400000000000002,14.58605499012608
Variant I,Erdős–Rényi,LCF-active,Erdős–Rényi,Erdős–Rényi,2026,2026,True,5,0.0043293698361508426,36,19.600000000000001,16.399999999999999,19.818594104308396
Variant I,Erdős–Rényi,LCF-active,Erdős–Rényi,Erdős–Rényi,2026,2026,False,1,0.0044513940811157227,100,100,0,15.400000000000002
Variant I,Erdős–Rényi,LCF-active,Erdős–Rényi,Erdős–Rényi,2026,2026,False,2,0.0039198381012829353,100,100,0,8.5999999999999961
Variant I,Erdős–Rényi,LCF-active,Erdős–Rényi,Erdős–Rényi,2026,2026,False,3,0.0037494466517860037,100,100,0,6.9999999999999947
Variant I,Erdős–Rényi,LCF-active,Erdős–Rényi,Erdős–Rényi,2026,2026,False,4,0.0049458639339247101,100,100,0,9.5999999999999979
Variant I,Erdős–Rényi,LCF-active,Erdős–Rényi,Erdős–Rényi,2026,2026,False,5,0.0044017645809456551,100,100,0,17.600000000000005
Variant I,Erdős–Rényi,EO,Erdős–Rényi,Erdős–Rényi,2026,2026,True,1,0.0082509655127002146,100,100,0,4.4000000000000039
Variant I,Erdős–Rényi,EO,Erdős–Rényi,Erdős–Rényi,2026,2026,True,2,0.0075425506714758006,79,74,5,0.18132056106739958
Variant I,Erdős–Rényi,EO,Erdős–Rényi,Erdős–Rényi,2026,2026,True,3,0.0076278007859494901,58.599999999999994,58.199999999999996,0.39999999999999858,-0.12080269284450162
Variant I,Erdős–Rényi,EO,Erdős–Rényi,Erdős–Rényi,2026,2026,True,4,0.0093428914054943801,45.399999999999999,47.399999999999999,2,-0.27695682075874473
Variant I,Erdős–Rényi,EO,Erdős–Rényi,Erdős–Rényi,2026,2026,True,5,0.0082928245703023373,35.199999999999996,36.199999999999996,1,8.0236062280261251
Variant I,Erdős–Rényi,EO,Erdős–Rényi,Erdős–Rényi,2026,2026,False,1,0.0082509655127002146,100,100,0,4.4000000000000039
Variant I,Erdős–Rényi,EO,Erdős–Rényi,Erdős–Rényi,2026,2026,False,2,0.0075425506714758006,100,100,0,-0.20000000000000018
Variant I,Erdős–Rényi,EO,Erdős–Rényi,Erdős–Rényi,2026,2026,False,3,0.0067575793516554405,100,100,0,-0.40000000000000036
Variant I,Erdős–Rényi,EO,Erdős–Rényi,Erdős–Rényi,2026,2026,False,4,0.0090336262675382306,100,100,0,1.0000000000000009
Variant I,Erdős–Rényi,EO,Erdős–Rényi,Erdős–Rényi,2026,2026,False,5,0.007957785668280537,100,100,0,5.9999999999999947
Variant I,Erdős–Rényi,DP,Erdős–Rényi,Erdős–Rényi,2026,2026,True,1,0.0084487956764218719,100,100,0,3.2000000000000028
Variant I,Erdős–Rényi,DP,Erdős–Rényi,Erdős–Rényi,2026,2026,True,2,0.0077125081494306968,78.600000000000009,76,2.6000000000000085,-2.4655149323690839
Variant I,Erdős–Rényi,DP,Erdős–Rényi,Erdős–Rényi,2026,2026,True,3,0.007764405281461273,56.999999999999993,60.600000000000001,3.6000000000000085,-0.94841063053674457
Variant I,Erdős–Rényi,DP,Erdős–Rényi,Erdős–Rényi,2026,2026,True,4,0.0094800121503350043,44.200000000000003,49.200000000000003,5,-1.3317146746128161
Variant I,Erdős–Rényi,DP,Erdős–Rényi,Erdős–Rényi,2026,2026,True,5,0.0084252454193817217,34,37.799999999999997,3.7999999999999972,5.3314659197012171
Variant I,Erdős–Rényi,DP,Erdős–Rényi,Erdős–Rényi,2026,2026,False,1,0.0084487956764218719,100,100,0,3.2000000000000028
Variant I,Erdős–Rényi,DP,Erdős–Rényi,Erdős–Rényi,2026,2026,False,2,0.0077125081494306968,100,100,0,-1.8000000000000016
Variant I,Erdős–Rényi,DP,Erdős–Rényi,Erdős–Rényi,2026,2026,False,3,0.0069033998538631236,100,100,0,-2.200000000000002
Variant I,Erdős–Rényi,DP,Erdős–Rényi,Erdős–Rényi,2026,2026,False,4,0.009230457644972212,100,100,0,0.40000000000000036
Variant I,Erdős–Rényi,DP,Erdős–Rényi,Erdős–Rényi,2026,2026,False,5,0.0081032705034426167,100,100,0,4.3999999999999932
Variant I,Erdős–Rényi,Baseline,Erdős–Rényi,Erdős–Rényi,7,7,True,1,0.0084318946477739409,100,100,0,2.4000000000000021
Variant I,Erdős–Rényi,Baseline,Erdős–Rényi,Erdős–Rényi,7,7,True,2,0.0080927289740555519,78.400000000000006,77.799999999999997,0.60000000000000853,-3.5688054141965297
Variant I,Erdős–Rényi,Baseline,Erdős–Rényi,Erdős–Rényi,7,7,True,3,0.0090539657686035113,59,63,4,-2.8732849071832156
Variant I,Erdős–Rényi,Baseline,Erdős–Rényi,Erdős–Rényi,7,7,True,4,0.0096199094574447308,44,49.200000000000003,5.2000000000000028,5.8203991130820416
Variant I,Erdős–Rényi,Baseline,Erdős–Rényi,Erdős–Rényi,7,7,True,5,0.0090295031953336879,37,37.799999999999997,0.79999999999999716,0.76362076362076481
Variant I,Erdős–Rényi,Baseline,Erdős–Rényi,Erdős–Rényi,7,7,False,1,0.0084318946477739409,100,100,0,2.4000000000000021
Variant I,Erdős–Rényi,Baseline,Erdős–Rényi,Erdős–Rényi,7,7,False,2,0.0080927289740555519,100,100,0,-3.0000000000000027
Variant I,Erdős–Rényi,Baseline,Erdős–Rényi,Erdős–Rényi,7,7,False,3,0.0089256526547594195,100,100,0,-0.80000000000000071
Variant I,Erdős–Rényi,Baseline,Erdős–Rényi,Erdős–Rényi,7,7,False,4,0.010164699168252578,100,100,0,5.5999999999999943
Variant I,Erdős–Rényi,Baseline,Erdős–Rényi,Erdős–Rényi,7,7,False,5,0.0095924456565512628,100,100,0,0.60000000000000053
Variant I,Erdős–Rényi,LCF-original,Erdős–Rényi,Erdős–Rényi,7,7,True,1,0.0057879090309143066,100,100,0,13
Variant I,Erdős–Rényi,LCF-original,Erdős–Rényi,Erdős–Rényi,7,7,True,2,0.0059768620422613328,77.600000000000009,63.200000000000003,14.400000000000006,6.5835834529557546
Variant I,Erdős–Rényi,LCF-original,Erdős–Rényi,Erdős–Rényi,7,7,True,3,0.0065603827339647536,57.199999999999996,40,17.199999999999996,12.038461538461542
Variant I,Erdős–Rényi,LCF-original,Erdős–Rényi,Erdős–Rényi,7,7,True,4,0.0068775821677745652,43,24.600000000000001,18.399999999999999,19.591605218377762
Variant I,Erdős–Rényi,LCF-original,Erdős–Rényi,Erdős–Rényi,7,7,True,5,0.006759352092739257,36.399999999999999,16.800000000000001,19.599999999999998,12.545787545787546
Variant I,Erdős–Rényi,LCF-original,Erdős–Rényi,Erdős–Rényi,7,7,False,1,0.0057879090309143066,100,100,0,13
Variant I,Erdős–Rényi,LCF-original,Erdős–Rényi,Erdős–Rényi,7,7,False,2,0.0059768620422613328,100,100,0,7.9999999999999964
Variant I,Erdős–Rényi,LCF-original,Erdős–Rényi,Erdős–Rényi,7,7,False,3,0.0064332034210045075,100,100,0,10.799999999999999
Variant I,Erdős–Rényi,LCF-original,Erdős–Rényi,Erdős–Rényi,7,7,False,4,0.007198143798300527,100,100,0,18.199999999999999
Variant I,Erdős–Rényi,LCF-original,Erdős–Rényi,Erdős–Rényi,7,7,False,5,0.0070014829163743686,100,100,0,10.999999999999998
Variant I,Erdős–Rényi,LCF-active,Erdős–Rényi,Erdős–Rényi,7,7,True,1,0.0044513940811157227,100,100,0,13.4
Variant I,Erdős–Rényi,LCF-active,Erdős–Rényi,Erdős–Rényi,7,7,True,2,0.0041272317039467987,80,64.600000000000009,15.399999999999991,7.2376160990712091
Variant I,Erdős–Rényi,LCF-active,Erdős–Rényi,Erdős–Rényi,7,7,True,3,0.0046436753930171326,60.399999999999999,42.399999999999999,18,9.0403598650506076
Variant I,Erdős–Rényi,LCF-active,Erdős–Rényi,Erdős–Rényi,7,7,True,4,0.0050918386676606087,43.799999999999997,26.600000000000001,17.199999999999996,18.869090534555568
Variant I,Erdős–Rényi,LCF-active,Erdős–Rényi,Erdős–Rényi,7,7,True,5,0.0049036645254888489,37.600000000000001,18.800000000000001,18.800000000000001,11.17021276595745
Variant I,Erdős–Rényi,LCF-active,Erdős–Rényi,Erdős–Rényi,7,7,False,1,0.0044513940811157227,100,100,0,13.4
Variant I,Erdős–Rényi,LCF-active,Erdős–Rényi,Erdős–Rényi,7,7,False,2,0.0041272317039467987,100,100,0,7.399999999999995
Variant I,Erdős–Rényi,LCF-active,Erdős–Rényi,Erdős–Rényi,7,7,False,3,0.0045620048124468404,100,100,0,9.9999999999999982
Variant I,Erdős–Rényi,LCF-active,Erdős–Rényi,Erdős–Rényi,7,7,False,4,0.0053144492200558613,100,100,0,17.000000000000004
Variant I,Erdős–Rényi,LCF-active,Erdős–Rényi,Erdős–Rényi,7,7,False,5,0.005038888157840371,100,100,0,11.399999999999999
Variant I,Erdős–Rényi,EO,Erdős–Rényi,Erdős–Rényi,7,7,True,1,0.0082509655127002146,100,100,0,2.8000000000000025
Variant I,Erdős–Rényi,EO,Erdős–Rényi,Erdős–Rényi,7,7,True,2,0.0079505887591281299,79,77.799999999999997,1.2000000000000028,-2.7717939539878222
Variant I,Erdős–Rényi,EO,Erdős–Rényi,Erdős–Rényi,7,7,True,3,0.0089002615368218851,59.599999999999994,63,3.4000000000000057,-1.2485352082667545
Variant I,Erdős–Rényi,EO,Erdős–Rényi,Erdős–Rényi,7,7,True,4,0.0094750121901222562,44.800000000000004,48,3.1999999999999957,8.0654761904761951
Variant I,Erdős–Rényi,EO,Erdős–Rényi,Erdős–Rényi,7,7,True,5,0.0089041393965255677,38.200000000000003,36.600000000000001,1.6000000000000014,2.7637112694189336
Variant I,Erdős–Rényi,EO,Erdős–Rényi,Erdős–Rényi,7,7,False,1,0.0082509655127002146,100,100,0,2.8000000000000025
Variant I,Erdős–Rényi,EO,Erdős–Rényi,Erdős–Rényi,7,7,False,2,0.0079505887591281299,100,100,0,-2.200000000000002
Variant I,Erdős–Rényi,EO,Erdős–Rényi,Erdős–Rényi,7,7,False,3,0.0087916053035235198,100,100,0,0.80000000000000071
Variant I,Erdős–Rényi,EO,Erdős–Rényi,Erdős–Rényi,7,7,False,4,0.010027829500580787,100,100,0,6.9999999999999947
Variant I,Erdős–Rényi,EO,Erdős–Rényi,Erdős–Rényi,7,7,False,5,0.0094961449677709586,100,100,0,1.6000000000000014
Variant I,Erdős–Rényi,DP,Erdős–Rényi,Erdős–Rényi,7,7,True,1,0.0084487956764218719,100,100,0,2.4000000000000021
Variant I,Erdős–Rényi,DP,Erdős–Rényi,Erdős–Rényi,7,7,True,2,0.0081284852159752008,78.400000000000006,77.799999999999997,0.60000000000000853,-3.5688054141965297
Variant I,Erdős–Rényi,DP,Erdős–Rényi,Erdős–Rényi,7,7,True,3,0.0090775297258636201,59,63,4,-2.8732849071832156
Variant I,Erdős–Rényi,DP,Erdős–Rényi,Erdős–Rényi,7,7,True,4,0.0096341321140829272,44,49.200000000000003,5.2000000000000028,5.8203991130820416
Variant I,Erdős–Rényi,DP,Erdős–Rényi,Erdős–Rényi,7,7,True,5,0.0090553565441862105,37,37.799999999999997,0.79999999999999716,0.76362076362076481
Variant I,Erdős–Rényi,DP,Erdős–Rényi,Erdős–Rényi,7,7,False,1,0.0084487956764218719,100,100,0,2.4000000000000021
Variant I,Erdős–Rényi,DP,Erdős–Rényi,Erdős–Rényi,7,7,False,2,0.0081284852159752008,100,100,0,-3.0000000000000027
Variant I,Erdős–Rényi,DP,Erdős–Rényi,Erdős–Rényi,7,7,False,3,0.0089565933268155318,100,100,0,-0.80000000000000071
Variant I,Erdős–Rényi,DP,Erdős–Rényi,Erdős–Rényi,7,7,False,4,0.010192424845479109,100,100,0,5.5999999999999943
Variant I,Erdős–Rényi,DP,Erdős–Rényi,Erdős–Rényi,7,7,False,5,0.0096318633512489926,100,100,0,0.60000000000000053
Variant I,Erdős–Rényi,Baseline,Erdős–Rényi,Erdős–Rényi,13,13,True,1,0.0084318946477739409,100,100,0,-2.6000000000000023
Variant I,Erdős–Rényi,Baseline,Erdős–Rényi,Erdős–Rényi,13,13,True,2,0.0068071216778127219,76.400000000000006,79.200000000000003,2.7999999999999972,-0.7165899836056977
Variant I,Erdős–Rényi,Baseline,Erdős–Rényi,Erdős–Rényi,13,13,True,3,0.0077330439132012874,59.199999999999996,61.799999999999997,2.6000000000000014,-4.9844747660281685
Variant I,Erdős–Rényi,Baseline,Erdős–Rényi,Erdős–Rényi,13,13,True,4,0.0077875809700984622,42,47.599999999999994,5.5999999999999943,1.0644257703081195
Variant I,Erdős–Rényi,Baseline,Erdős–Rényi,Erdős–Rényi,13,13,True,5,0.0070664764283019377,33.600000000000001,36.199999999999996,2.5999999999999943,5.4262036306235277
Variant I,Erdős–Rényi,Baseline,Erdős–Rényi,Erdős–Rényi,13,13,False,1,0.0084318946477739409,100,100,0,-2.6000000000000023
Variant I,Erdős–Rényi,Baseline,Erdős–Rényi,Erdős–Rényi,13,13,False,2,0.0068071216778127219,100,100,0,-0.40000000000000036
Variant I,Erdős–Rényi,Baseline,Erdős–Rényi,Erdős–Rényi,13,13,False,3,0.0081708389455671382,100,100,0,-5.0000000000000044
Variant I,Erdős–Rényi,Baseline,Erdős–Rényi,Erdős–Rényi,13,13,False,4,0.0082451408848803753,100,100,0,-4.6000000000000041
Variant I,Erdős–Rényi,Baseline,Erdős–Rényi,Erdős–Rényi,13,13,False,5,0.0070573513859059078,100,100,0,0
Variant I,Erdős–Rényi,LCF-original,Erdős–Rényi,Erdős–Rényi,13,13,True,1,0.0057879090309143066,100,100,0,6.399999999999995
Variant I,Erdős–Rényi,LCF-original,Erdős–Rényi,Erdős–Rényi,13,13,True,2,0.0049375592036640104,76,66.200000000000003,9.7999999999999972,8.4647797742089352
Variant I,Erdős–Rényi,LCF-original,Erdős–Rényi,Erdős–Rényi,13,13,True,3,0.0050764090352526381,55.800000000000004,40.799999999999997,15.000000000000007,11.701454775458565
Variant I,Erdős–Rényi,LCF-original,Erdős–Rényi,Erdős–Rényi,13,13,True,4,0.0050415927677893713,38.600000000000001,24.600000000000001,14,11.912885968237919
Variant I,Erdős–Rényi,LCF-original,Erdős–Rényi,Erdős–Rényi,13,13,True,5,0.0050040398500026395,30.399999999999999,15,15.399999999999999,19.140350877192986
Variant I,Erdős–Rényi,LCF-original,Erdős–Rényi,Erdős–Rényi,13,13,False,1,0.0057879090309143066,100,100,0,6.399999999999995
Variant I,Erdős–Rényi,LCF-original,Erdős–Rényi,Erdős–Rényi,13,13,False,2,0.0049375592036640104,100,100,0,10.999999999999998
Variant I,Erdős–Rényi,LCF-original,Erdős–Rényi,Erdős–Rényi,13,13,False,3,0.0055750205067127689,100,100,0,9.6000000000000032
Variant I,Erdős–Rényi,LCF-original,Erdős–Rényi,Erdős–Rényi,13,13,False,4,0.0057688193472130722,100,100,0,6.7999999999999954
Variant I,Erdős–Rényi,LCF-original,Erdős–Rényi,Erdős–Rényi,13,13,False,5,0.0055153656280551022,100,100,0,12.4
Variant I,Erdős–Rényi,LCF-active,Erdős–Rényi,Erdős–Rényi,13,13,True,1,0.0044513940811157227,100,100,0,6.199999999999994
Variant I,Erdős–Rényi,LCF-active,Erdős–Rényi,Erdős–Rényi,13,13,True,2,0.0038033969607981222,75.599999999999994,67.800000000000011,7.7999999999999829,7.1077398511026901
Variant I,Erdős–Rényi,LCF-active,Erdős–Rényi,Erdős–Rényi,13,13,True,3,0.0040884429454620674,56.599999999999994,44.200000000000003,12.399999999999991,10.680651711622396
Variant I,Erdős–Rényi,LCF-active,Erdős–Rényi,Erdős–Rényi,13,13,True,4,0.0040718331305260591,39.600000000000001,28.000000000000004,11.599999999999998,7.9581529581529526
Variant I,Erdős–Rényi,LCF-active,Erdős–Rényi,Erdős–Rényi,13,13,True,5,0.0035269505568460424,31,18,13,13.584229390681003
Variant I,Erdős–Rényi,LCF-active,Erdős–Rényi,Erdős–Rényi,13,13,False,1,0.0044513940811157227,100,100,0,6.199999999999994
Variant I,Erdős–Rényi,LCF-active,Erdős–Rényi,Erdős–Rényi,13,13,False,2,0.0038033969607981222,100,100,0,10.399999999999999
Variant I,Erdős–Rényi,LCF-active,Erdős–Rényi,Erdős–Rényi,13,13,False,3,0.00443646875794379,100,100,0,8.1999999999999957
Variant I,Erdős–Rényi,LCF-active,Erdős–Rényi,Erdős–Rényi,13,13,False,4,0.00451298429204261,100,100,0,5.3999999999999932
Variant I,Erdős–Rényi,LCF-active,Erdős–Rényi,Erdős–Rényi,13,13,False,5,0.003825017414631926,100,100,0,9.9999999999999982
Variant I,Erdős–Rényi,EO,Erdős–Rényi,Erdős–Rényi,13,13,True,1,0.0082509655127002146,100,100,0,-1.4000000000000012
Variant I,Erdős–Rényi,EO,Erdős–Rényi,Erdős–Rényi,13,13,True,2,0.0066517923223459174,77,79.200000000000003,2.2000000000000028,0.54834054834054236
Variant I,Erdős–Rényi,EO,Erdős–Rényi,Erdős–Rényi,13,13,True,3,0.0074959498321478524,59,60.799999999999997,1.7999999999999972,-3.8458965209634211
Variant I,Erdős–Rényi,EO,Erdős–Rényi,Erdős–Rényi,13,13,True,4,0.0075651515615500209,42,46.800000000000004,4.8000000000000043,1.6605616605616547
Variant I,Erdős–Rényi,EO,Erdős–Rényi,Erdős–Rényi,13,13,True,5,0.0068907131885556083,33.600000000000001,35,1.3999999999999986,8.4047619047619158
Variant I,Erdős–Rényi,EO,Erdős–Rényi,Erdős–Rényi,13,13,False,1,0.0082509655127002146,100,100,0,-1.4000000000000012
Variant I,Erdős–Rényi,EO,Erdős–Rényi,Erdős–Rényi,13,13,False,2,0.0066517923223459174,100,100,0,1.0000000000000009
Variant I,Erdős–Rényi,EO,Erdős–Rényi,Erdős–Rényi,13,13,False,3,0.0079678781705500024,100,100,0,-3.0000000000000027
Variant I,Erdős–Rényi,EO,Erdős–Rényi,Erdős–Rényi,13,13,False,4,0.0080689105275351114,100,100,0,-4.0000000000000036
Variant I,Erdős–Rényi,EO,Erdős–Rényi,Erdős–Rényi,13,13,False,5,0.0069520973852215118,100,100,0,1.4000000000000012
Variant I,Erdős–Rényi,DP,Erdős–Rényi,Erdős–Rényi,13,13,True,1,0.0084487956764218719,100,100,0,-2.6000000000000023
Variant I,Erdős–Rényi,DP,Erdős–Rényi,Erdős–Rényi,13,13,True,2,0.0068214331350524571,76.400000000000006,79.200000000000003,2.7999999999999972,-0.7165899836056977
Variant I,Erdős–Rényi,DP,Erdős–Rényi,Erdős–Rényi,13,13,True,3,0.0077185527717449354,59.199999999999996,61.799999999999997,2.6000000000000014,-4.9844747660281685
Variant I,Erdős–Rényi,DP,Erdős–Rényi,Erdős–Rényi,13,13,True,4,0.0077794248097311502,42,47.599999999999994,5.5999999999999943,1.0644257703081195
Variant I,Erdős–Rényi,DP,Erdős–Rényi,Erdős–Rényi,13,13,True,5,0.0070856702201494981,33.600000000000001,36.199999999999996,2.5999999999999943,5.4262036306235277
Variant I,Erdős–Rényi,DP,Erdős–Rényi,Erdős–Rényi,13,13,False,1,0.0084487956764218719,100,100,0,-2.6000000000000023
Variant I,Erdős–Rényi,DP,Erdős–Rényi,Erdős–Rényi,13,13,False,2,0.0068214331350524571,100,100,0,-0.40000000000000036
Variant I,Erdős–Rényi,DP,Erdős–Rényi,Erdős–Rényi,13,13,False,3,0.0081756117038540577,100,100,0,-5.0000000000000044
Variant I,Erdős–Rényi,DP,Erdős–Rényi,Erdős–Rényi,13,13,False,4,0.0082549634840091146,100,100,0,-4.6000000000000041
Variant I,Erdős–Rényi,DP,Erdős–Rényi,Erdős–Rényi,13,13,False,5,0.0070962537475384169,100,100,0,0
Variant I,Erdős–Rényi,Baseline,Erdős–Rényi,Erdős–Rényi,42,42,True,1,0.0084318946477739409,100,100,0,-1.0000000000000009
Variant I,Erdős–Rényi,Baseline,Erdős–Rényi,Erdős–Rényi,42,42,True,2,0.0073361809723730964,78.799999999999997,76.599999999999994,2.2000000000000028,-2.95423519900333
Variant I,Erdős–Rényi,Baseline,Erdős–Rényi,Erdős–Rényi,42,42,True,3,0.0076922671937468268,58.799999999999997,59.799999999999997,1,0.78037904124860225
Variant I,Erdős–Rényi,Baseline,Erdős–Rényi,Erdős–Rényi,42,42,True,4,0.0089230405375519961,48.199999999999996,47.799999999999997,0.39999999999999858,3.213597458289208
Variant I,Erdős–Rényi,Baseline,Erdős–Rényi,Erdős–Rényi,42,42,True,5,0.0087156551602729504,37.200000000000003,35.600000000000001,1.6000000000000014,2.0599250936329527
Variant I,Erdős–Rényi,Baseline,Erdős–Rényi,Erdős–Rényi,42,42,False,1,0.0084318946477739409,100,100,0,-1.0000000000000009
Variant I,Erdős–Rényi,Baseline,Erdős–Rényi,Erdős–Rényi,42,42,False,2,0.0073361809723730964,100,100,0,-0.40000000000000036
Variant I,Erdős–Rényi,Baseline,Erdős–Rényi,Erdős–Rényi,42,42,False,3,0.0068515733982993376,100,100,0,3.3999999999999919
Variant I,Erdős–Rényi,Baseline,Erdős–Rényi,Erdős–Rényi,42,42,False,4,0.0082207243975930266,100,100,0,2.6000000000000023
Variant I,Erdős–Rényi,Baseline,Erdős–Rényi,Erdős–Rényi,42,42,False,5,0.0076823808825802198,100,100,0,0
Variant I,Erdős–Rényi,LCF-original,Erdős–Rényi,Erdős–Rényi,42,42,True,1,0.0057879090309143066,100,100,0,12.199999999999994
Variant I,Erdős–Rényi,LCF-original,Erdős–Rényi,Erdős–Rényi,42,42,True,2,0.005551679618808647,78,56.399999999999991,21.600000000000009,5.4282596835788288
Variant I,Erdős–Rényi,LCF-original,Erdős–Rényi,Erdős–Rényi,42,42,True,3,0.0055794046956261223,55.000000000000007,37.799999999999997,17.20000000000001,9.7681577681577707
Variant I,Erdős–Rényi,LCF-original,Erdős–Rényi,Erdős–Rényi,42,42,True,4,0.0059230510865119212,42.600000000000001,24.199999999999999,18.400000000000002,9.680673573119158
Variant I,Erdős–Rényi,LCF-original,Erdős–Rényi,Erdős–Rényi,42,42,True,5,0.0058899202941659068,32.800000000000004,17.599999999999998,15.200000000000006,2.3281596452328079
Variant I,Erdős–Rényi,LCF-original,Erdős–Rényi,Erdős–Rényi,42,42,False,1,0.0057879090309143066,100,100,0,12.199999999999994
Variant I,Erdős–Rényi,LCF-original,Erdős–Rényi,Erdős–Rényi,42,42,False,2,0.005551679618808647,100,100,0,5.9999999999999947
Variant I,Erdős–Rényi,LCF-original,Erdős–Rényi,Erdős–Rényi,42,42,False,3,0.0050982881590276863,100,100,0,12.6
Variant I,Erdős–Rényi,LCF-original,Erdős–Rényi,Erdős–Rényi,42,42,False,4,0.0056095707618897261,100,100,0,12.4
Variant I,Erdős–Rényi,LCF-original,Erdős–Rényi,Erdős–Rényi,42,42,False,5,0.0055268629519419354,100,100,0,10.999999999999998
Variant I,Erdős–Rényi,LCF-active,Erdős–Rényi,Erdős–Rényi,42,42,True,1,0.0044513940811157227,100,100,0,10.399999999999999
Variant I,Erdős–Rényi,LCF-active,Erdős–Rényi,Erdős–Rényi,42,42,True,2,0.0038212996570635704,78.400000000000006,60,18.400000000000006,5.6360544217687103
Variant I,Erdős–Rényi,LCF-active,Erdős–Rényi,Erdős–Rényi,42,42,True,3,0.0040386799638717497,56.799999999999997,41,15.799999999999997,7.5541051185159747
Variant I,Erdős–Rényi,LCF-active,Erdős–Rényi,Erdős–Rényi,42,42,True,4,0.0046980264628366797,44.399999999999999,28.000000000000004,16.399999999999995,10.019305019305014
Variant I,Erdős–Rényi,LCF-active,Erdős–Rényi,Erdős–Rényi,42,42,True,5,0.0045132483101015808,35,19.600000000000001,15.399999999999999,3.2244897959183616
Variant I,Erdős–Rényi,LCF-active,Erdős–Rényi,Erdős–Rényi,42,42,False,1,0.0044513940811157227,100,100,0,10.399999999999999
Variant I,Erdős–Rényi,LCF-active,Erdős–Rényi,Erdős–Rényi,42,42,False,2,0.0038212996570635704,100,100,0,6.9999999999999947
Variant I,Erdős–Rényi,LCF-active,Erdős–Rényi,Erdős–Rényi,42,42,False,3,0.0036512283147510649,100,100,0,12.4
Variant I,Erdős–Rényi,LCF-active,Erdős–Rényi,Erdős–Rényi,42,42,False,4,0.0045404079040078926,100,100,0,12.4
Variant I,Erdős–Rényi,LCF-active,Erdős–Rényi,Erdős–Rényi,42,42,False,5,0.0041318280191465773,100,100,0,9.1999999999999975
Variant I,Erdős–Rényi,EO,Erdős–Rényi,Erdős–Rényi,42,42,True,1,0.0082509655127002146,100,100,0,-0.60000000000000053
Variant I,Erdős–Rényi,EO,Erdős–Rényi,Erdős–Rényi,42,42,True,2,0.0072170130413693467,78.799999999999997,76.400000000000006,2.3999999999999915,-1.5813112924229933
Variant I,Erdős–Rényi,EO,Erdős–Rényi,Erdős–Rényi,42,42,True,3,0.0076121026928978042,59.399999999999999,59.199999999999996,0.20000000000000284,2.1350896350896376
Variant I,Erdős–Rényi,EO,Erdős–Rényi,Erdős–Rényi,42,42,True,4,0.0087751682380232676,49.600000000000001,47.199999999999996,2.4000000000000057,3.0139420448332399
Variant I,Erdős–Rényi,EO,Erdős–Rényi,Erdős–Rényi,42,42,True,5,0.0086668635512768821,38.200000000000003,35.600000000000001,2.6000000000000014,0.27648685216776769
Variant I,Erdős–Rényi,EO,Erdős–Rényi,Erdős–Rényi,42,42,False,1,0.0082509655127002146,100,100,0,-0.60000000000000053
Variant I,Erdős–Rényi,EO,Erdős–Rényi,Erdős–Rényi,42,42,False,2,0.0072170130413693467,100,100,0,1.0000000000000009
Variant I,Erdős–Rényi,EO,Erdős–Rényi,Erdős–Rényi,42,42,False,3,0.0067404812265271508,100,100,0,4.9999999999999929
Variant I,Erdős–Rényi,EO,Erdős–Rényi,Erdős–Rényi,42,42,False,4,0.0080678879197976228,100,100,0,3.2000000000000028
Variant I,Erdős–Rényi,EO,Erdős–Rényi,Erdős–Rényi,42,42,False,5,0.0075571646322001307,100,100,0,0.40000000000000036
Variant I,Erdős–Rényi,DP,Erdős–Rényi,Erdős–Rényi,42,42,True,1,0.0084487956764218719,100,100,0,-1.0000000000000009
Variant I,Erdős–Rényi,DP,Erdős–Rényi,Erdős–Rényi,42,42,True,2,0.00737882834663528,78.799999999999997,76.599999999999994,2.2000000000000028,-2.95423519900333
Variant I,Erdős–Rényi,DP,Erdős–Rényi,Erdős–Rényi,42,42,True,3,0.0077198141629404304,58.799999999999997,59.799999999999997,1,0.78037904124860225
Variant I,Erdős–Rényi,DP,Erdős–Rényi,Erdős–Rényi,42,42,True,4,0.0089303277041401508,48.199999999999996,47.799999999999997,0.39999999999999858,3.213597458289208
Variant I,Erdős–Rényi,DP,Erdős–Rényi,Erdős–Rényi,42,42,True,5,0.0087355191827480638,37.200000000000003,35.600000000000001,1.6000000000000014,1.4981273408239626
Variant I,Erdős–Rényi,DP,Erdős–Rényi,Erdős–Rényi,42,42,False,1,0.0084487956764218719,100,100,0,-1.0000000000000009
Variant I,Erdős–Rényi,DP,Erdős–Rényi,Erdős–Rényi,42,42,False,2,0.00737882834663528,100,100,0,-0.40000000000000036
Variant I,Erdős–Rényi,DP,Erdős–Rényi,Erdős–Rényi,42,42,False,3,0.0068831905325411613,100,100,0,3.3999999999999919
Variant I,Erdős–Rényi,DP,Erdős–Rényi,Erdős–Rényi,42,42,False,4,0.0082327336673041485,100,100,0,2.6000000000000023
Variant I,Erdős–Rényi,DP,Erdős–Rényi,Erdős–Rényi,42,42,False,5,0.0077065666665332433,100,100,0,-0.20000000000000018
Variant I,Erdős–Rényi,Baseline,Erdős–Rényi,Erdős–Rényi,99,99,True,1,0.0084318946477739409,100,100,0,-0.40000000000000036
Variant I,Erdős–Rényi,Baseline,Erdős–Rényi,Erdős–Rényi,99,99,True,2,0.0078909171908928544,79,77,2,-1.1770507973039579
Variant I,Erdős–Rényi,Baseline,Erdős–Rényi,Erdős–Rényi,99,99,True,3,0.0077569052539341321,59.199999999999996,61.600000000000001,2.4000000000000057,-2.6676026676026643
Variant I,Erdős–Rényi,Baseline,Erdős–Rényi,Erdős–Rényi,99,99,True,4,0.0080011810151179308,47,48.199999999999996,1.1999999999999957,-14.369206321179483
Variant I,Erdős–Rényi,Baseline,Erdős–Rényi,Erdős–Rényi,99,99,True,5,0.0087479971511085219,33,41,8,-7.4501108647450076
Variant I,Erdős–Rényi,Baseline,Erdős–Rényi,Erdős–Rényi,99,99,False,1,0.0084318946477739409,100,100,0,-0.40000000000000036
Variant I,Erdős–Rényi,Baseline,Erdős–Rényi,Erdős–Rényi,99,99,False,2,0.0078909171908928544,100,100,0,-0.20000000000000018
Variant I,Erdős–Rényi,Baseline,Erdős–Rényi,Erdős–Rényi,99,99,False,3,0.0078482076155274028,100,100,0,-0.60000000000000053
Variant I,Erdős–Rényi,Baseline,Erdős–Rényi,Erdős–Rényi,99,99,False,4,0.008285568739899829,100,100,0,-8.9999999999999964
Variant I,Erdős–Rényi,Baseline,Erdős–Rényi,Erdős–Rényi,99,99,False,5,0.0087513983785061367,100,100,0,-1.8000000000000016
Variant I,Erdős–Rényi,LCF-original,Erdős–Rényi,Erdős–Rényi,99,99,True,1,0.0057879090309143066,100,100,0,14.400000000000002
Variant I,Erdős–Rényi,LCF-original,Erdős–Rényi,Erdős–Rényi,99,99,True,2,0.0056075320239878934,77.799999999999997,58.199999999999996,19.600000000000001,11.70063339782153
Variant I,Erdős–Rényi,LCF-original,Erdős–Rényi,Erdős–Rényi,99,99,True,3,0.0053262436614339714,56.599999999999994,36.600000000000001,19.999999999999993,12.402247581532761
Variant I,Erdős–Rényi,LCF-original,Erdős–Rényi,Erdős–Rényi,99,99,True,4,0.0055186882337553422,43.600000000000001,23,20.600000000000001,-2.0303151176705225
Variant I,Erdős–Rényi,LCF-original,Erdős–Rényi,Erdős–Rényi,99,99,True,5,0.0055708709600020834,31.800000000000001,16.600000000000001,15.199999999999999,13.965295142835494
Variant I,Erdős–Rényi,LCF-original,Erdős–Rényi,Erdős–Rényi,99,99,False,1,0.0057879090309143066,100,100,0,14.400000000000002
Variant I,Erdős–Rényi,LCF-original,Erdős–Rényi,Erdős–Rényi,99,99,False,2,0.0056075320239878934,100,100,0,12.199999999999999
Variant I,Erdős–Rényi,LCF-original,Erdős–Rényi,Erdős–Rényi,99,99,False,3,0.0056926478806131886,100,100,0,11.799999999999999
Variant I,Erdős–Rényi,LCF-original,Erdős–Rényi,Erdős–Rényi,99,99,False,4,0.0060625674980231414,100,100,0,2.4000000000000021
Variant I,Erdős–Rényi,LCF-original,Erdős–Rényi,Erdős–Rényi,99,99,False,5,0.006175163316246346,100,100,0,12.800000000000001
Variant I,Erdős–Rényi,LCF-active,Erdős–Rényi,Erdős–Rényi,99,99,True,1,0.0044513940811157227,100,100,0,12
Variant I,Erdős–Rényi,LCF-active,Erdős–Rényi,Erdős–Rényi,99,99,True,2,0.0042851375383201606,78.799999999999997,62.799999999999997,16,11.356655565973684
Variant I,Erdős–Rényi,LCF-active,Erdős–Rényi,Erdős–Rényi,99,99,True,3,0.0039887170260050064,58.599999999999994,39.800000000000004,18.79999999999999,12.187215943197216
Variant I,Erdős–Rényi,LCF-active,Erdős–Rényi,Erdős–Rényi,99,99,True,4,0.0042113416658355884,46.600000000000001,26.600000000000001,20,-3.927199974184381
Variant I,Erdős–Rényi,LCF-active,Erdős–Rényi,Erdős–Rényi,99,99,True,5,0.0044425386320520177,34,20.399999999999999,13.600000000000001,9.4117647058823533
Variant I,Erdős–Rényi,LCF-active,Erdős–Rényi,Erdős–Rényi,99,99,False,1,0.0044513940811157227,100,100,0,12
Variant I,Erdős–Rényi,LCF-active,Erdős–Rényi,Erdős–Rényi,99,99,False,2,0.0042851375383201606,100,100,0,11.399999999999999
Variant I,Erdős–Rényi,LCF-active,Erdős–Rényi,Erdős–Rényi,99,99,False,3,0.0042218125793487271,100,100,0,11.399999999999999
Variant I,Erdős–Rényi,LCF-active,Erdős–Rényi,Erdős–Rényi,99,99,False,4,0.004470254652272132,100,100,0,2.5999999999999912
Variant I,Erdős–Rényi,LCF-active,Erdős–Rényi,Erdős–Rényi,99,99,False,5,0.0048459005252272647,100,100,0,9.9999999999999982
Variant I,Erdős–Rényi,EO,Erdős–Rényi,Erdős–Rényi,99,99,True,1,0.0082509655127002146,100,100,0,0.20000000000000018
Variant I,Erdős–Rényi,EO,Erdős–Rényi,Erdős–Rényi,99,99,True,2,0.0077435719672556136,79.200000000000003,76.799999999999997,2.4000000000000057,0.54450757575756903
Variant I,Erdős–Rényi,EO,Erdős–Rényi,Erdős–Rényi,99,99,True,3,0.0075878835306700809,60.399999999999999,60.199999999999996,0.20000000000000284,-0.2178169897251947
Variant I,Erdős–Rényi,EO,Erdős–Rényi,Erdős–Rényi,99,99,True,4,0.0078634830356564267,48.799999999999997,46,2.7999999999999972,-15.541696364932289
Variant I,Erdős–Rényi,EO,Erdős–Rényi,Erdős–Rényi,99,99,True,5,0.0084968240854725874,34.200000000000003,39.399999999999999,5.1999999999999957,-3.7700002968504176
Variant I,Erdős–Rényi,EO,Erdős–Rényi,Erdős–Rényi,99,99,False,1,0.0082509655127002146,100,100,0,0.20000000000000018
Variant I,Erdős–Rényi,EO,Erdős–Rényi,Erdős–Rényi,99,99,False,2,0.0077435719672556136,100,100,0,1.8000000000000016
Variant I,Erdős–Rényi,EO,Erdős–Rényi,Erdős–Rényi,99,99,False,3,0.0077224247849839722,100,100,0,0.80000000000000071
Variant I,Erdős–Rényi,EO,Erdős–Rényi,Erdős–Rényi,99,99,False,4,0.0081713835469049423,100,100,0,-8.3999999999999968
Variant I,Erdős–Rényi,EO,Erdős–Rényi,Erdős–Rényi,99,99,False,5,0.0086211281264351181,100,100,0,0
Variant I,Erdős–Rényi,DP,Erdős–Rényi,Erdős–Rényi,99,99,True,1,0.0084487956764218719,100,100,0,-0.40000000000000036
Variant I,Erdős–Rényi,DP,Erdős–Rényi,Erdős–Rényi,99,99,True,2,0.0079145591911415902,79,77,2,-0.91731053756369807
Variant I,Erdős–Rényi,DP,Erdős–Rényi,Erdős–Rényi,99,99,True,3,0.0077900666525385631,59.399999999999999,61.399999999999999,2,-2.7692780135776807
Variant I,Erdős–Rényi,DP,Erdős–Rényi,Erdős–Rényi,99,99,True,4,0.0080425041396613439,47.199999999999996,48,0.80000000000000426,-14.477401129943502
Variant I,Erdős–Rényi,DP,Erdős–Rényi,Erdős–Rényi,99,99,True,5,0.0087761361612591626,33.399999999999999,41,7.6000000000000014,-6.9928435811304146
Variant I,Erdős–Rényi,DP,Erdős–Rényi,Erdős–Rényi,99,99,False,1,0.0084487956764218719,100,100,0,-0.40000000000000036
Variant I,Erdős–Rényi,DP,Erdős–Rényi,Erdős–Rényi,99,99,False,2,0.0079145591911415902,100,100,0,0
Variant I,Erdős–Rényi,DP,Erdős–Rényi,Erdős–Rényi,99,99,False,3,0.0078804757895082345,100,100,0,-0.60000000000000053
Variant I,Erdős–Rényi,DP,Erdős–Rényi,Erdős–Rényi,99,99,False,4,0.008314488509189033,100,100,0,-9.1999999999999975
Variant I,Erdős–Rényi,DP,Erdős–Rényi,Erdős–Rényi,99,99,False,5,0.0087643810614668194,100,100,0,-1.8000000000000016
Variant I,Watts–Strogatz,Baseline,Watts–Strogatz,Watts–Strogatz,2026,2026,True,1,0.009001275985332069,100,100,0,3.2000000000000028
Variant I,Watts–Strogatz,Baseline,Watts–Strogatz,Watts–Strogatz,2026,2026,True,2,0.0082873654893422799,78.400000000000006,74.599999999999994,3.8000000000000114,-0.91371669311156589
Variant I,Watts–Strogatz,Baseline,Watts–Strogatz,Watts–Strogatz,2026,2026,True,3,0.0083378305757505489,59.399999999999999,57.799999999999997,1.6000000000000014,2.2695233767898171
Variant I,Watts–Strogatz,Baseline,Watts–Strogatz,Watts–Strogatz,2026,2026,True,4,0.010161365762743957,47.399999999999999,44.399999999999999,3,-1.7960998973657216
Variant I,Watts–Strogatz,Baseline,Watts–Strogatz,Watts–Strogatz,2026,2026,True,5,0.0092355684462435139,35.799999999999997,34,1.7999999999999972,5.2152481104173471
Variant I,Watts–Strogatz,Baseline,Watts–Strogatz,Watts–Strogatz,2026,2026,False,1,0.009001275985332069,100,100,0,3.2000000000000028
Variant I,Watts–Strogatz,Baseline,Watts–Strogatz,Watts–Strogatz,2026,2026,False,2,0.0082873654893422799,100,100,0,-1.8000000000000016
Variant I,Watts–Strogatz,Baseline,Watts–Strogatz,Watts–Strogatz,2026,2026,False,3,0.0074028269530377333,100,100,0,-2.200000000000002
Variant I,Watts–Strogatz,Baseline,Watts–Strogatz,Watts–Strogatz,2026,2026,False,4,0.0097412565855174993,100,100,0,0
Variant I,Watts–Strogatz,Baseline,Watts–Strogatz,Watts–Strogatz,2026,2026,False,5,0.0086186689750641365,100,100,0,4.2000000000000037
Variant I,Watts–Strogatz,LCF-original,Watts–Strogatz,Watts–Strogatz,2026,2026,True,1,0.0058224201202392578,100,100,0,15.999999999999998
Variant I,Watts–Strogatz,LCF-original,Watts–Strogatz,Watts–Strogatz,2026,2026,True,2,0.0056453882055955695,79.600000000000009,59,20.600000000000009,8.7880078357891129
Variant I,Watts–Strogatz,LCF-original,Watts–Strogatz,Watts–Strogatz,2026,2026,True,3,0.0059342249860819818,56.999999999999993,37,19.999999999999993,11.266002844950208
Variant I,Watts–Strogatz,LCF-original,Watts–Strogatz,Watts–Strogatz,2026,2026,True,4,0.006562659480769506,43,25,18,8.0186046511627911
Variant I,Watts–Strogatz,LCF-original,Watts–Strogatz,Watts–Strogatz,2026,2026,True,5,0.0062653612125015412,33,17,16,21.853832442067734
Variant I,Watts–Strogatz,LCF-original,Watts–Strogatz,Watts–Strogatz,2026,2026,False,1,0.0058224201202392578,100,100,0,15.999999999999998
Variant I,Watts–Strogatz,LCF-original,Watts–Strogatz,Watts–Strogatz,2026,2026,False,2,0.0056453882055955695,100,100,0,8.9999999999999964
Variant I,Watts–Strogatz,LCF-original,Watts–Strogatz,Watts–Strogatz,2026,2026,False,3,0.0052121748267475176,100,100,0,7.5999999999999961
Variant I,Watts–Strogatz,LCF-original,Watts–Strogatz,Watts–Strogatz,2026,2026,False,4,0.0062045549857061566,100,100,0,10.199999999999998
Variant I,Watts–Strogatz,LCF-original,Watts–Strogatz,Watts–Strogatz,2026,2026,False,5,0.0058249665764326108,100,100,0,15.999999999999998
Variant I,Watts–Strogatz,LCF-active,Watts–Strogatz,Watts–Strogatz,2026,2026,True,1,0.0045629739761352539,100,100,0,15.400000000000002
Variant I,Watts–Strogatz,LCF-active,Watts–Strogatz,Watts–Strogatz,2026,2026,True,2,0.0042547641608224884,81.599999999999994,61.600000000000001,19.999999999999993,9.2468805704099886
Variant I,Watts–Strogatz,LCF-active,Watts–Strogatz,Watts–Strogatz,2026,2026,True,3,0.0044756251932387414,60.199999999999996,38.800000000000004,21.399999999999991,11.21005582765352
Variant I,Watts–Strogatz,LCF-active,Watts–Strogatz,Watts–Strogatz,2026,2026,True,4,0.0051315437531420649,46.200000000000003,25.600000000000001,20.600000000000001,10.964556277056282
Variant I,Watts–Strogatz,LCF-active,Watts–Strogatz,Watts–Strogatz,2026,2026,True,5,0.0047539307326585067,35.799999999999997,17,18.799999999999997,17.246138678935257
Variant I,Watts–Strogatz,LCF-active,Watts–Strogatz,Watts–Strogatz,2026,2026,False,1,0.0045629739761352539,100,100,0,15.400000000000002
Variant I,Watts–Strogatz,LCF-active,Watts–Strogatz,Watts–Strogatz,2026,2026,False,2,0.0042547641608224884,100,100,0,8.1999999999999957
Variant I,Watts–Strogatz,LCF-active,Watts–Strogatz,Watts–Strogatz,2026,2026,False,3,0.0039593319083910394,100,100,0,7.1999999999999957
Variant I,Watts–Strogatz,LCF-active,Watts–Strogatz,Watts–Strogatz,2026,2026,False,4,0.0049380595774328739,100,100,0,9.7999999999999972
Variant I,Watts–Strogatz,LCF-active,Watts–Strogatz,Watts–Strogatz,2026,2026,False,5,0.0045097294880881433,100,100,0,17.200000000000003
Variant I,Watts–Strogatz,EO,Watts–Strogatz,Watts–Strogatz,2026,2026,True,1,0.0087592531546459851,100,100,0,4.2000000000000037
Variant I,Watts–Strogatz,EO,Watts–Strogatz,Watts–Strogatz,2026,2026,True,2,0.0080677340253364482,79,74,5,1.4642490591857626
Variant I,Watts–Strogatz,EO,Watts–Strogatz,Watts–Strogatz,2026,2026,True,3,0.0080961513829200804,61,56.399999999999991,4.6000000000000085,3.9588419951168463
Variant I,Watts–Strogatz,EO,Watts–Strogatz,Watts–Strogatz,2026,2026,True,4,0.0099486043464940277,49,42.600000000000001,6.3999999999999986,-1.1555044553032467
Variant I,Watts–Strogatz,EO,Watts–Strogatz,Watts–Strogatz,2026,2026,True,5,0.0089434222592432722,37.600000000000001,33,4.6000000000000014,5.6608639587362948
Variant I,Watts–Strogatz,EO,Watts–Strogatz,Watts–Strogatz,2026,2026,False,1,0.0087592531546459851,100,100,0,4.2000000000000037
Variant I,Watts–Strogatz,EO,Watts–Strogatz,Watts–Strogatz,2026,2026,False,2,0.0080677340253364482,100,100,0,-0.20000000000000018
Variant I,Watts–Strogatz,EO,Watts–Strogatz,Watts–Strogatz,2026,2026,False,3,0.0072152357600865358,100,100,0,0
Variant I,Watts–Strogatz,EO,Watts–Strogatz,Watts–Strogatz,2026,2026,False,4,0.0095097980349698741,100,100,0,0.60000000000000053
Variant I,Watts–Strogatz,EO,Watts–Strogatz,Watts–Strogatz,2026,2026,False,5,0.0084226358519533528,100,100,0,5.7999999999999936
Variant I,Watts–Strogatz,DP,Watts–Strogatz,Watts–Strogatz,2026,2026,True,1,0.0089996500185789419,100,100,0,3.2000000000000028
Variant I,Watts–Strogatz,DP,Watts–Strogatz,Watts–Strogatz,2026,2026,True,2,0.0082857420162778528,78.400000000000006,74.599999999999994,3.8000000000000114,-0.91371669311156589
Variant I,Watts–Strogatz,DP,Watts–Strogatz,Watts–Strogatz,2026,2026,True,3,0.0083362698391090673,59.399999999999999,57.799999999999997,1.6000000000000014,2.2695233767898171
Variant I,Watts–Strogatz,DP,Watts–Strogatz,Watts–Strogatz,2026,2026,True,4,0.010159965920314207,47.399999999999999,44.399999999999999,3,-1.7960998973657216
Variant I,Watts–Strogatz,DP,Watts–Strogatz,Watts–Strogatz,2026,2026,True,5,0.0092342829415791305,35.799999999999997,34,1.7999999999999972,5.2152481104173471
Variant I,Watts–Strogatz,DP,Watts–Strogatz,Watts–Strogatz,2026,2026,False,1,0.0089996500185789419,100,100,0,3.2000000000000028
Variant I,Watts–Strogatz,DP,Watts–Strogatz,Watts–Strogatz,2026,2026,False,2,0.0082857420162778528,100,100,0,-1.8000000000000016
Variant I,Watts–Strogatz,DP,Watts–Strogatz,Watts–Strogatz,2026,2026,False,3,0.0073983663492337426,100,100,0,-2.200000000000002
Variant I,Watts–Strogatz,DP,Watts–Strogatz,Watts–Strogatz,2026,2026,False,4,0.0097365509896498725,100,100,0,0
Variant I,Watts–Strogatz,DP,Watts–Strogatz,Watts–Strogatz,2026,2026,False,5,0.0086141450897821992,100,100,0,4.2000000000000037
Variant I,Watts–Strogatz,Baseline,Watts–Strogatz,Watts–Strogatz,7,7,True,1,0.009001275985332069,100,100,0,2.0000000000000018
Variant I,Watts–Strogatz,Baseline,Watts–Strogatz,Watts–Strogatz,7,7,True,2,0.0087434861526872742,80.200000000000003,80,0.20000000000000284,-2.9096009975062342
Variant I,Watts–Strogatz,Baseline,Watts–Strogatz,Watts–Strogatz,7,7,True,3,0.0099420905225179323,60.199999999999996,61.600000000000001,1.4000000000000057,-3.4430685593476285
Variant I,Watts–Strogatz,Baseline,Watts–Strogatz,Watts–Strogatz,7,7,True,4,0.010480440237124133,44.800000000000004,47.199999999999996,2.3999999999999915,7.7784503631961215
Variant I,Watts–Strogatz,Baseline,Watts–Strogatz,Watts–Strogatz,7,7,True,5,0.010158349437786152,37.200000000000003,35.600000000000001,1.6000000000000014,5.5032016431074027
Variant I,Watts–Strogatz,Baseline,Watts–Strogatz,Watts–Strogatz,7,7,False,1,0.009001275985332069,100,100,0,2.0000000000000018
Variant I,Watts–Strogatz,Baseline,Watts–Strogatz,Watts–Strogatz,7,7,False,2,0.0087434861526872742,100,100,0,-3.0000000000000027
Variant I,Watts–Strogatz,Baseline,Watts–Strogatz,Watts–Strogatz,7,7,False,3,0.0095939467966253966,100,100,0,-0.60000000000000053
Variant I,Watts–Strogatz,Baseline,Watts–Strogatz,Watts–Strogatz,7,7,False,4,0.010884664524484,100,100,0,5.199999999999994
Variant I,Watts–Strogatz,Baseline,Watts–Strogatz,Watts–Strogatz,7,7,False,5,0.010329679417733661,100,100,0,0.60000000000000053
Variant I,Watts–Strogatz,LCF-original,Watts–Strogatz,Watts–Strogatz,7,7,True,1,0.0058224201202392578,100,100,0,12.6
Variant I,Watts–Strogatz,LCF-original,Watts–Strogatz,Watts–Strogatz,7,7,True,2,0.0060030926585498134,79,63.800000000000004,15.199999999999996,8.0711082893536013
Variant I,Watts–Strogatz,LCF-original,Watts–Strogatz,Watts–Strogatz,7,7,True,3,0.0066111435398248375,59,39.800000000000004,19.199999999999996,6.8971978536751628
Variant I,Watts–Strogatz,LCF-original,Watts–Strogatz,Watts–Strogatz,7,7,True,4,0.0070932663941672969,42.799999999999997,27,15.799999999999997,17.819314641744544
Variant I,Watts–Strogatz,LCF-original,Watts–Strogatz,Watts–Strogatz,7,7,True,5,0.0070910248313634794,35,17.399999999999999,17.600000000000001,15.185550082101813
Variant I,Watts–Strogatz,LCF-original,Watts–Strogatz,Watts–Strogatz,7,7,False,1,0.0058224201202392578,100,100,0,12.6
Variant I,Watts–Strogatz,LCF-original,Watts–Strogatz,Watts–Strogatz,7,7,False,2,0.0060030926585498134,100,100,0,7.9999999999999964
Variant I,Watts–Strogatz,LCF-original,Watts–Strogatz,Watts–Strogatz,7,7,False,3,0.0064627022094286835,100,100,0,10.399999999999999
Variant I,Watts–Strogatz,LCF-original,Watts–Strogatz,Watts–Strogatz,7,7,False,4,0.0072390477452156654,100,100,0,18.199999999999999
Variant I,Watts–Strogatz,LCF-original,Watts–Strogatz,Watts–Strogatz,7,7,False,5,0.007047643080107191,100,100,0,10.599999999999998
Variant I,Watts–Strogatz,LCF-active,Watts–Strogatz,Watts–Strogatz,7,7,True,1,0.0045629739761352539,100,100,0,14.000000000000002
Variant I,Watts–Strogatz,LCF-active,Watts–Strogatz,Watts–Strogatz,7,7,True,2,0.0045332164931149999,81.599999999999994,65,16.599999999999994,7.8665158371040711
Variant I,Watts–Strogatz,LCF-active,Watts–Strogatz,Watts–Strogatz,7,7,True,3,0.0050205192250731834,61.199999999999996,41.399999999999999,19.799999999999997,7.9568059107701039
Variant I,Watts–Strogatz,LCF-active,Watts–Strogatz,Watts–Strogatz,7,7,True,4,0.0054589934279676289,45.200000000000003,27.800000000000004,17.399999999999999,20.051569363977851
Variant I,Watts–Strogatz,LCF-active,Watts–Strogatz,Watts–Strogatz,7,7,True,5,0.0053512402394876313,37.399999999999999,18.199999999999999,19.199999999999999,8.3034612446377114
Variant I,Watts–Strogatz,LCF-active,Watts–Strogatz,Watts–Strogatz,7,7,False,1,0.0045629739761352539,100,100,0,14.000000000000002
Variant I,Watts–Strogatz,LCF-active,Watts–Strogatz,Watts–Strogatz,7,7,False,2,0.0045332164931149999,100,100,0,7.1999999999999957
Variant I,Watts–Strogatz,LCF-active,Watts–Strogatz,Watts–Strogatz,7,7,False,3,0.0049437051375137431,100,100,0,9.7999999999999972
Variant I,Watts–Strogatz,LCF-active,Watts–Strogatz,Watts–Strogatz,7,7,False,4,0.0056328944197137076,100,100,0,17.200000000000003
Variant I,Watts–Strogatz,LCF-active,Watts–Strogatz,Watts–Strogatz,7,7,False,5,0.0054304460528126208,100,100,0,11.399999999999999
Variant I,Watts–Strogatz,EO,Watts–Strogatz,Watts–Strogatz,7,7,True,1,0.0087592531546459851,100,100,0,3.0000000000000027
Variant I,Watts–Strogatz,EO,Watts–Strogatz,Watts–Strogatz,7,7,True,2,0.008517867409058244,80.600000000000009,78.600000000000009,2,-1.6353178135990243
Variant I,Watts–Strogatz,EO,Watts–Strogatz,Watts–Strogatz,7,7,True,3,0.0096135562101795635,60.799999999999997,60.199999999999996,0.60000000000000142,-0.63275922364049997
Variant I,Watts–Strogatz,EO,Watts–Strogatz,Watts–Strogatz,7,7,True,4,0.010169238683156001,45.800000000000004,45,0.80000000000000426,11.615720524017469
Variant I,Watts–Strogatz,EO,Watts–Strogatz,Watts–Strogatz,7,7,True,5,0.0098774594531203519,38.800000000000004,33.399999999999999,5.4000000000000057,6.8646212729180807
Variant I,Watts–Strogatz,EO,Watts–Strogatz,Watts–Strogatz,7,7,False,1,0.0087592531546459851,100,100,0,3.0000000000000027
Variant I,Watts–Strogatz,EO,Watts–Strogatz,Watts–Strogatz,7,7,False,2,0.008517867409058244,100,100,0,-2.200000000000002
Variant I,Watts–Strogatz,EO,Watts–Strogatz,Watts–Strogatz,7,7,False,3,0.0093876019752658912,100,100,0,0.80000000000000071
Variant I,Watts–Strogatz,EO,Watts–Strogatz,Watts–Strogatz,7,7,False,4,0.010675973739859512,100,100,0,7.1999999999999957
Variant I,Watts–Strogatz,EO,Watts–Strogatz,Watts–Strogatz,7,7,False,5,0.010143399135952746,100,100,0,1.8000000000000016
Variant I,Watts–Strogatz,DP,Watts–Strogatz,Watts–Strogatz,7,7,True,1,0.0089996500185789419,100,100,0,2.0000000000000018
Variant I,Watts–Strogatz,DP,Watts–Strogatz,Watts–Strogatz,7,7,True,2,0.008741813931368192,80.200000000000003,80,0.20000000000000284,-2.9096009975062342
Variant I,Watts–Strogatz,DP,Watts–Strogatz,Watts–Strogatz,7,7,True,3,0.0099390424115970433,60.199999999999996,61.600000000000001,1.4000000000000057,-3.4430685593476285
Variant I,Watts–Strogatz,DP,Watts–Strogatz,Watts–Strogatz,7,7,True,4,0.010475374167559837,44.800000000000004,47.199999999999996,2.3999999999999915,7.7784503631961215
Variant I,Watts–Strogatz,DP,Watts–Strogatz,Watts–Strogatz,7,7,True,5,0.010153301383894031,37.200000000000003,35.600000000000001,1.6000000000000014,5.5032016431074027
Variant I,Watts–Strogatz,DP,Watts–Strogatz,Watts–Strogatz,7,7,False,1,0.0089996500185789419,100,100,0,2.0000000000000018
Variant I,Watts–Strogatz,DP,Watts–Strogatz,Watts–Strogatz,7,7,False,2,0.008741813931368192,100,100,0,-3.0000000000000027
Variant I,Watts–Strogatz,DP,Watts–Strogatz,Watts–Strogatz,7,7,False,3,0.0095921246571545327,100,100,0,-0.60000000000000053
Variant I,Watts–Strogatz,DP,Watts–Strogatz,Watts–Strogatz,7,7,False,4,0.010882718805294678,100,100,0,5.199999999999994
Variant I,Watts–Strogatz,DP,Watts–Strogatz,Watts–Strogatz,7,7,False,5,0.010327779262557679,100,100,0,0.60000000000000053
Variant I,Watts–Strogatz,Baseline,Watts–Strogatz,Watts–Strogatz,13,13,True,1,0.009001275985332069,100,100,0,-2.8000000000000025
Variant I,Watts–Strogatz,Baseline,Watts–Strogatz,Watts–Strogatz,13,13,True,2,0.0072753554534651377,75.200000000000003,78.200000000000003,3,0.97540403765576933
Variant I,Watts–Strogatz,Baseline,Watts–Strogatz,Watts–Strogatz,13,13,True,3,0.0081098981838662043,56.599999999999994,58.399999999999999,1.8000000000000043,-4.3128902657437411
Variant I,Watts–Strogatz,Baseline,Watts–Strogatz,Watts–Strogatz,13,13,True,4,0.0082178612060390677,43.399999999999999,45.399999999999999,2,-3.3455815180982174
Variant I,Watts–Strogatz,Baseline,Watts–Strogatz,Watts–Strogatz,13,13,True,5,0.0074602255647554516,32.399999999999999,34.799999999999997,2.3999999999999986,-4.8957002979991504
Variant I,Watts–Strogatz,Baseline,Watts–Strogatz,Watts–Strogatz,13,13,False,1,0.009001275985332069,100,100,0,-2.8000000000000025
Variant I,Watts–Strogatz,Baseline,Watts–Strogatz,Watts–Strogatz,13,13,False,2,0.0072753554534651377,100,100,0,-0.40000000000000036
Variant I,Watts–Strogatz,Baseline,Watts–Strogatz,Watts–Strogatz,13,13,False,3,0.0086382951547621101,100,100,0,-5.2000000000000046
Variant I,Watts–Strogatz,Baseline,Watts–Strogatz,Watts–Strogatz,13,13,False,4,0.0087436034862959922,100,100,0,-5.0000000000000044
Variant I,Watts–Strogatz,Baseline,Watts–Strogatz,Watts–Strogatz,13,13,False,5,0.0076125230947114986,100,100,0,-0.20000000000000018
Variant I,Watts–Strogatz,LCF-original,Watts–Strogatz,Watts–Strogatz,13,13,True,1,0.0058224201202392578,100,100,0,6.199999999999994
Variant I,Watts–Strogatz,LCF-original,Watts–Strogatz,Watts–Strogatz,13,13,True,2,0.0049703789263673137,74.200000000000003,67,7.2000000000000028,10.84523474272841
Variant I,Watts–Strogatz,LCF-original,Watts–Strogatz,Watts–Strogatz,13,13,True,3,0.0050497301949442575,51.800000000000004,38.600000000000001,13.200000000000003,11.038870106227622
Variant I,Watts–Strogatz,LCF-original,Watts–Strogatz,Watts–Strogatz,13,13,True,4,0.0050041651961870715,39,24,15,7.8205128205128149
Variant I,Watts–Strogatz,LCF-original,Watts–Strogatz,Watts–Strogatz,13,13,True,5,0.0050055479200198372,29.799999999999997,15.6,14.199999999999998,11.194286697642397
Variant I,Watts–Strogatz,LCF-original,Watts–Strogatz,Watts–Strogatz,13,13,False,1,0.0058224201202392578,100,100,0,6.199999999999994
Variant I,Watts–Strogatz,LCF-original,Watts–Strogatz,Watts–Strogatz,13,13,False,2,0.0049703789263673137,100,100,0,10.799999999999999
Variant I,Watts–Strogatz,LCF-original,Watts–Strogatz,Watts–Strogatz,13,13,False,3,0.0056109357585267805,100,100,0,9.4000000000000021
Variant I,Watts–Strogatz,LCF-original,Watts–Strogatz,Watts–Strogatz,13,13,False,4,0.005815587022553359,100,100,0,6.199999999999994
Variant I,Watts–Strogatz,LCF-original,Watts–Strogatz,Watts–Strogatz,13,13,False,5,0.0055707360215090374,100,100,0,12.199999999999999
Variant I,Watts–Strogatz,LCF-active,Watts–Strogatz,Watts–Strogatz,13,13,True,1,0.0045629739761352539,100,100,0,6.199999999999994
Variant I,Watts–Strogatz,LCF-active,Watts–Strogatz,Watts–Strogatz,13,13,True,2,0.0038656620453341173,74.799999999999997,68.400000000000006,6.3999999999999915,10.527879413328334
Variant I,Watts–Strogatz,LCF-active,Watts–Strogatz,Watts–Strogatz,13,13,True,3,0.0040223812069568599,53,41.399999999999999,11.600000000000001,11.781970649895179
Variant I,Watts–Strogatz,LCF-active,Watts–Strogatz,Watts–Strogatz,13,13,True,4,0.0040030763406688763,40.600000000000001,26,14.600000000000001,4.4372868510799579
Variant I,Watts–Strogatz,LCF-active,Watts–Strogatz,Watts–Strogatz,13,13,True,5,0.0038044935543192215,31.199999999999999,17.199999999999999,14,10.614192009540858
Variant I,Watts–Strogatz,LCF-active,Watts–Strogatz,Watts–Strogatz,13,13,False,1,0.0045629739761352539,100,100,0,6.199999999999994
Variant I,Watts–Strogatz,LCF-active,Watts–Strogatz,Watts–Strogatz,13,13,False,2,0.0038656620453341173,100,100,0,10.199999999999998
Variant I,Watts–Strogatz,LCF-active,Watts–Strogatz,Watts–Strogatz,13,13,False,3,0.0044567834231598047,100,100,0,7.9999999999999964
Variant I,Watts–Strogatz,LCF-active,Watts–Strogatz,Watts–Strogatz,13,13,False,4,0.0045599675062781841,100,100,0,4.9999999999999929
Variant I,Watts–Strogatz,LCF-active,Watts–Strogatz,Watts–Strogatz,13,13,False,5,0.0041337404693037039,100,100,0,9.9999999999999982
Variant I,Watts–Strogatz,EO,Watts–Strogatz,Watts–Strogatz,13,13,True,1,0.0087592531546459851,100,100,0,-1.4000000000000012
Variant I,Watts–Strogatz,EO,Watts–Strogatz,Watts–Strogatz,13,13,True,2,0.0070652489796733109,76.599999999999994,77.799999999999997,1.2000000000000028,2.0350768859027979
Variant I,Watts–Strogatz,EO,Watts–Strogatz,Watts–Strogatz,13,13,True,3,0.0077234675317792156,57.599999999999994,57.199999999999996,0.39999999999999858,-2.1731740481740536
Variant I,Watts–Strogatz,EO,Watts–Strogatz,Watts–Strogatz,13,13,True,4,0.0077335776674825052,44.399999999999999,43.200000000000003,1.1999999999999957,-1.7892892892892975
Variant I,Watts–Strogatz,EO,Watts–Strogatz,Watts–Strogatz,13,13,True,5,0.0069877537355644836,33.399999999999999,32,1.3999999999999986,-0.90194610778443485
Variant I,Watts–Strogatz,EO,Watts–Strogatz,Watts–Strogatz,13,13,False,1,0.0087592531546459851,100,100,0,-1.4000000000000012
Variant I,Watts–Strogatz,EO,Watts–Strogatz,Watts–Strogatz,13,13,False,2,0.0070652489796733109,100,100,0,1.0000000000000009
Variant I,Watts–Strogatz,EO,Watts–Strogatz,Watts–Strogatz,13,13,False,3,0.0083993531370522012,100,100,0,-3.2000000000000028
Variant I,Watts–Strogatz,EO,Watts–Strogatz,Watts–Strogatz,13,13,False,4,0.0085218950053822518,100,100,0,-3.8000000000000034
Variant I,Watts–Strogatz,EO,Watts–Strogatz,Watts–Strogatz,13,13,False,5,0.0074315141613460201,100,100,0,1.4000000000000012
Variant I,Watts–Strogatz,DP,Watts–Strogatz,Watts–Strogatz,13,13,True,1,0.0089996500185789419,100,100,0,-2.8000000000000025
Variant I,Watts–Strogatz,DP,Watts–Strogatz,Watts–Strogatz,13,13,True,2,0.0072741379008214313,75.200000000000003,78.200000000000003,3,0.97540403765576933
Variant I,Watts–Strogatz,DP,Watts–Strogatz,Watts–Strogatz,13,13,True,3,0.0081085505380251721,56.599999999999994,58.399999999999999,1.8000000000000043,-4.3128902657437411
Variant I,Watts–Strogatz,DP,Watts–Strogatz,Watts–Strogatz,13,13,True,4,0.0082164753416554825,43.399999999999999,45.399999999999999,2,-3.3455815180982174
Variant I,Watts–Strogatz,DP,Watts–Strogatz,Watts–Strogatz,13,13,True,5,0.0074588122430143677,32.399999999999999,34.799999999999997,2.3999999999999986,-4.8957002979991504
Variant I,Watts–Strogatz,DP,Watts–Strogatz,Watts–Strogatz,13,13,False,1,0.0089996500185789419,100,100,0,-2.8000000000000025
Variant I,Watts–Strogatz,DP,Watts–Strogatz,Watts–Strogatz,13,13,False,2,0.0072741379008214313,100,100,0,-0.40000000000000036
Variant I,Watts–Strogatz,DP,Watts–Strogatz,Watts–Strogatz,13,13,False,3,0.0086358479328330073,100,100,0,-5.2000000000000046
Variant I,Watts–Strogatz,DP,Watts–Strogatz,Watts–Strogatz,13,13,False,4,0.0087413333139858551,100,100,0,-5.0000000000000044
Variant I,Watts–Strogatz,DP,Watts–Strogatz,Watts–Strogatz,13,13,False,5,0.007610068423640981,100,100,0,-0.20000000000000018
Variant I,Watts–Strogatz,Baseline,Watts–Strogatz,Watts–Strogatz,42,42,True,1,0.009001275985332069,100,100,0,-1.6000000000000014
Variant I,Watts–Strogatz,Baseline,Watts–Strogatz,Watts–Strogatz,42,42,True,2,0.0079488939374926515,76,79.200000000000003,3.2000000000000028,-2.6342371079213112
Variant I,Watts–Strogatz,Baseline,Watts–Strogatz,Watts–Strogatz,42,42,True,3,0.0080022564145562081,56.200000000000003,63.399999999999999,7.1999999999999957,-1.0810871493202479
Variant I,Watts–Strogatz,Baseline,Watts–Strogatz,Watts–Strogatz,42,42,True,4,0.009086559575429809,44.200000000000003,48.399999999999999,4.1999999999999957,1.226580905725283
Variant I,Watts–Strogatz,Baseline,Watts–Strogatz,Watts–Strogatz,42,42,True,5,0.008823251283130662,35.199999999999996,37.799999999999997,2.6000000000000014,-2.4230399230399269
Variant I,Watts–Strogatz,Baseline,Watts–Strogatz,Watts–Strogatz,42,42,False,1,0.009001275985332069,100,100,0,-1.6000000000000014
Variant I,Watts–Strogatz,Baseline,Watts–Strogatz,Watts–Strogatz,42,42,False,2,0.0079488939374926515,100,100,0,-0.40000000000000036
Variant I,Watts–Strogatz,Baseline,Watts–Strogatz,Watts–Strogatz,42,42,False,3,0.0073792599067497022,100,100,0,3.3999999999999919
Variant I,Watts–Strogatz,Baseline,Watts–Strogatz,Watts–Strogatz,42,42,False,4,0.0087088732350003584,100,100,0,2.6000000000000023
Variant I,Watts–Strogatz,Baseline,Watts–Strogatz,Watts–Strogatz,42,42,False,5,0.0081845190190180661,100,100,0,-0.20000000000000018
Variant I,Watts–Strogatz,LCF-original,Watts–Strogatz,Watts–Strogatz,42,42,True,1,0.0058224201202392578,100,100,0,12.199999999999994
Variant I,Watts–Strogatz,LCF-original,Watts–Strogatz,Watts–Strogatz,42,42,True,2,0.0056140567132736408,76.799999999999997,60.399999999999999,16.399999999999999,7.9573675496688701
Variant I,Watts–Strogatz,LCF-original,Watts–Strogatz,Watts–Strogatz,42,42,True,3,0.0055879683016438753,54.200000000000003,39.399999999999999,14.800000000000004,7.8633375166238917
Variant I,Watts–Strogatz,LCF-original,Watts–Strogatz,Watts–Strogatz,42,42,True,4,0.0058104394517639602,41.399999999999999,25.199999999999999,16.199999999999999,11.180124223602489
Variant I,Watts–Strogatz,LCF-original,Watts–Strogatz,Watts–Strogatz,42,42,True,5,0.0056272531286695182,31.600000000000001,17.399999999999999,14.200000000000003,4.4376545904263098
Variant I,Watts–Strogatz,LCF-original,Watts–Strogatz,Watts–Strogatz,42,42,False,1,0.0058224201202392578,100,100,0,12.199999999999994
Variant I,Watts–Strogatz,LCF-original,Watts–Strogatz,Watts–Strogatz,42,42,False,2,0.0056140567132736408,100,100,0,5.9999999999999947
Variant I,Watts–Strogatz,LCF-original,Watts–Strogatz,Watts–Strogatz,42,42,False,3,0.0051592692259366801,100,100,0,12.6
Variant I,Watts–Strogatz,LCF-original,Watts–Strogatz,Watts–Strogatz,42,42,False,4,0.0056844773892272826,100,100,0,12.4
Variant I,Watts–Strogatz,LCF-original,Watts–Strogatz,Watts–Strogatz,42,42,False,5,0.0055637036420970176,100,100,0,10.799999999999999
Variant I,Watts–Strogatz,LCF-active,Watts–Strogatz,Watts–Strogatz,42,42,True,1,0.0045629739761352539,100,100,0,9.7999999999999972
Variant I,Watts–Strogatz,LCF-active,Watts–Strogatz,Watts–Strogatz,42,42,True,2,0.0041836579359894044,75.599999999999994,64.200000000000003,11.399999999999991,7.8697522622756306
Variant I,Watts–Strogatz,LCF-active,Watts–Strogatz,Watts–Strogatz,42,42,True,3,0.0041630729592689875,54.600000000000001,43,11.600000000000001,6.6547406082289822
Variant I,Watts–Strogatz,LCF-active,Watts–Strogatz,Watts–Strogatz,42,42,True,4,0.004556371095095213,41.600000000000001,28.399999999999999,13.200000000000003,11.538461538461542
Variant I,Watts–Strogatz,LCF-active,Watts–Strogatz,Watts–Strogatz,42,42,True,5,0.0043348054588223661,32.200000000000003,20.399999999999999,11.800000000000004,-0.17659237608086409
Variant I,Watts–Strogatz,LCF-active,Watts–Strogatz,Watts–Strogatz,42,42,False,1,0.0045629739761352539,100,100,0,9.7999999999999972
Variant I,Watts–Strogatz,LCF-active,Watts–Strogatz,Watts–Strogatz,42,42,False,2,0.0041836579359894044,100,100,0,6.5999999999999943
Variant I,Watts–Strogatz,LCF-active,Watts–Strogatz,Watts–Strogatz,42,42,False,3,0.0039281730561897543,100,100,0,12.4
Variant I,Watts–Strogatz,LCF-active,Watts–Strogatz,Watts–Strogatz,42,42,False,4,0.0045870229461023593,100,100,0,12.199999999999999
Variant I,Watts–Strogatz,LCF-active,Watts–Strogatz,Watts–Strogatz,42,42,False,5,0.004341025775838725,100,100,0,9.1999999999999975
Variant I,Watts–Strogatz,EO,Watts–Strogatz,Watts–Strogatz,42,42,True,1,0.0087592531546459851,100,100,0,-0.20000000000000018
Variant I,Watts–Strogatz,EO,Watts–Strogatz,Watts–Strogatz,42,42,True,2,0.0077576456887634704,76.400000000000006,77.799999999999997,1.3999999999999915,-1.3694666146246925
Variant I,Watts–Strogatz,EO,Watts–Strogatz,Watts–Strogatz,42,42,True,3,0.0078113761174706253,57.199999999999996,62,4.8000000000000043,1.2993458154748505
Variant I,Watts–Strogatz,EO,Watts–Strogatz,Watts–Strogatz,42,42,True,4,0.0087678949816538676,45.800000000000004,47,1.1999999999999957,3.0047384558208656
Variant I,Watts–Strogatz,EO,Watts–Strogatz,Watts–Strogatz,42,42,True,5,0.0085171575025924096,37.600000000000001,36,1.6000000000000014,-2.3049645390070927
Variant I,Watts–Strogatz,EO,Watts–Strogatz,Watts–Strogatz,42,42,False,1,0.0087592531546459851,100,100,0,-0.20000000000000018
Variant I,Watts–Strogatz,EO,Watts–Strogatz,Watts–Strogatz,42,42,False,2,0.0077576456887634704,100,100,0,0.80000000000000071
Variant I,Watts–Strogatz,EO,Watts–Strogatz,Watts–Strogatz,42,42,False,3,0.0072081453891852387,100,100,0,4.9999999999999929
Variant I,Watts–Strogatz,EO,Watts–Strogatz,Watts–Strogatz,42,42,False,4,0.008526148493697705,100,100,0,3.400000000000003
Variant I,Watts–Strogatz,EO,Watts–Strogatz,Watts–Strogatz,42,42,False,5,0.0080153462168537359,100,100,0,0.40000000000000036
Variant I,Watts–Strogatz,DP,Watts–Strogatz,Watts–Strogatz,42,42,True,1,0.0089996500185789419,100,100,0,-1.6000000000000014
Variant I,Watts–Strogatz,DP,Watts–Strogatz,Watts–Strogatz,42,42,True,2,0.0079516171848417194,76,79.200000000000003,3.2000000000000028,-2.6342371079213112
Variant I,Watts–Strogatz,DP,Watts–Strogatz,Watts–Strogatz,42,42,True,3,0.0080050708300543061,56.200000000000003,63.399999999999999,7.1999999999999957,-1.0810871493202479
Variant I,Watts–Strogatz,DP,Watts–Strogatz,Watts–Strogatz,42,42,True,4,0.0090893117293285863,44.200000000000003,48.399999999999999,4.1999999999999957,1.226580905725283
Variant I,Watts–Strogatz,DP,Watts–Strogatz,Watts–Strogatz,42,42,True,5,0.0088260246171294465,35.199999999999996,37.799999999999997,2.6000000000000014,-2.4230399230399269
Variant I,Watts–Strogatz,DP,Watts–Strogatz,Watts–Strogatz,42,42,False,1,0.0089996500185789419,100,100,0,-1.6000000000000014
Variant I,Watts–Strogatz,DP,Watts–Strogatz,Watts–Strogatz,42,42,False,2,0.0079516171848417194,100,100,0,-0.40000000000000036
Variant I,Watts–Strogatz,DP,Watts–Strogatz,Watts–Strogatz,42,42,False,3,0.007384006398274745,100,100,0,3.3999999999999919
Variant I,Watts–Strogatz,DP,Watts–Strogatz,Watts–Strogatz,42,42,False,4,0.0087144577108877463,100,100,0,2.6000000000000023
Variant I,Watts–Strogatz,DP,Watts–Strogatz,Watts–Strogatz,42,42,False,5,0.0081896105592441648,100,100,0,-0.20000000000000018
Variant I,Watts–Strogatz,Baseline,Watts–Strogatz,Watts–Strogatz,99,99,True,1,0.009001275985332069,100,100,0,-0.40000000000000036
Variant I,Watts–Strogatz,Baseline,Watts–Strogatz,Watts–Strogatz,99,99,True,2,0.0084264271978773397,78.799999999999997,78.400000000000006,0.39999999999999147,-1.0955143478711293
Variant I,Watts–Strogatz,Baseline,Watts–Strogatz,Watts–Strogatz,99,99,True,3,0.0083251514570965579,59.399999999999999,60.199999999999996,0.79999999999999716,-2.1398928375672588
Variant I,Watts–Strogatz,Baseline,Watts–Strogatz,Watts–Strogatz,99,99,True,4,0.0085171364886856837,46.800000000000004,48.199999999999996,1.3999999999999915,-10.809660602191729
Variant I,Watts–Strogatz,Baseline,Watts–Strogatz,Watts–Strogatz,99,99,True,5,0.0091873062561935726,34,38.800000000000004,4.8000000000000043,-10.254699818071556
Variant I,Watts–Strogatz,Baseline,Watts–Strogatz,Watts–Strogatz,99,99,False,1,0.009001275985332069,100,100,0,-0.40000000000000036
Variant I,Watts–Strogatz,Baseline,Watts–Strogatz,Watts–Strogatz,99,99,False,2,0.0084264271978773397,100,100,0,-0.20000000000000018
Variant I,Watts–Strogatz,Baseline,Watts–Strogatz,Watts–Strogatz,99,99,False,3,0.0084168011304177615,100,100,0,-0.20000000000000018
Variant I,Watts–Strogatz,Baseline,Watts–Strogatz,Watts–Strogatz,99,99,False,4,0.0088806749941354735,100,100,0,-9.3999999999999968
Variant I,Watts–Strogatz,Baseline,Watts–Strogatz,Watts–Strogatz,99,99,False,5,0.0092892773509746229,100,100,0,-2.0000000000000018
Variant I,Watts–Strogatz,LCF-original,Watts–Strogatz,Watts–Strogatz,99,99,True,1,0.0058224201202392578,100,100,0,14.000000000000002
Variant I,Watts–Strogatz,LCF-original,Watts–Strogatz,Watts–Strogatz,99,99,True,2,0.0056986075813045822,79.200000000000003,58.799999999999997,20.400000000000006,11.801690373118944
Variant I,Watts–Strogatz,LCF-original,Watts–Strogatz,Watts–Strogatz,99,99,True,3,0.0056971517854519371,57.199999999999996,35.600000000000001,21.599999999999994,13.585291113381004
Variant I,Watts–Strogatz,LCF-original,Watts–Strogatz,Watts–Strogatz,99,99,True,4,0.0058864576527953849,45.600000000000001,22.800000000000001,22.800000000000001,2.1929824561403466
Variant I,Watts–Strogatz,LCF-original,Watts–Strogatz,Watts–Strogatz,99,99,True,5,0.0058633689327943772,31.800000000000001,15.6,16.200000000000003,5.2733430091920663
Variant I,Watts–Strogatz,LCF-original,Watts–Strogatz,Watts–Strogatz,99,99,False,1,0.0058224201202392578,100,100,0,14.000000000000002
Variant I,Watts–Strogatz,LCF-original,Watts–Strogatz,Watts–Strogatz,99,99,False,2,0.0056986075813045822,100,100,0,12
Variant I,Watts–Strogatz,LCF-original,Watts–Strogatz,Watts–Strogatz,99,99,False,3,0.0057824899635917637,100,100,0,12.199999999999999
Variant I,Watts–Strogatz,LCF-original,Watts–Strogatz,Watts–Strogatz,99,99,False,4,0.0061578815504227391,100,100,0,2.4000000000000021
Variant I,Watts–Strogatz,LCF-original,Watts–Strogatz,Watts–Strogatz,99,99,False,5,0.0062784022301035636,100,100,0,12.800000000000001
Variant I,Watts–Strogatz,LCF-active,Watts–Strogatz,Watts–Strogatz,99,99,True,1,0.0045629739761352539,100,100,0,12.4
Variant I,Watts–Strogatz,LCF-active,Watts–Strogatz,Watts–Strogatz,99,99,True,2,0.0044230859954175195,79.400000000000006,61,18.400000000000006,10.717264731387033
Variant I,Watts–Strogatz,LCF-active,Watts–Strogatz,Watts–Strogatz,99,99,True,3,0.0044750333238140483,58.599999999999994,39.399999999999999,19.199999999999996,11.51227456211778
Variant I,Watts–Strogatz,LCF-active,Watts–Strogatz,Watts–Strogatz,99,99,True,4,0.004708275652716476,46.800000000000004,25.399999999999999,21.400000000000006,-3.2741099670233531
Variant I,Watts–Strogatz,LCF-active,Watts–Strogatz,Watts–Strogatz,99,99,True,5,0.0048052230155465336,33.399999999999999,19,14.399999999999999,5.1433974156949169
Variant I,Watts–Strogatz,LCF-active,Watts–Strogatz,Watts–Strogatz,99,99,False,1,0.0045629739761352539,100,100,0,12.4
Variant I,Watts–Strogatz,LCF-active,Watts–Strogatz,Watts–Strogatz,99,99,False,2,0.0044230859954175195,100,100,0,11.799999999999999
Variant I,Watts–Strogatz,LCF-active,Watts–Strogatz,Watts–Strogatz,99,99,False,3,0.0044384137247802657,100,100,0,11.399999999999999
Variant I,Watts–Strogatz,LCF-active,Watts–Strogatz,Watts–Strogatz,99,99,False,4,0.0046773848084674663,100,100,0,2.7999999999999914
Variant I,Watts–Strogatz,LCF-active,Watts–Strogatz,Watts–Strogatz,99,99,False,5,0.0048937146346732519,100,100,0,9.9999999999999982
Variant I,Watts–Strogatz,EO,Watts–Strogatz,Watts–Strogatz,99,99,True,1,0.0087592531546459851,100,100,0,0.20000000000000018
Variant I,Watts–Strogatz,EO,Watts–Strogatz,Watts–Strogatz,99,99,True,2,0.008216309160707147,79.400000000000006,78,1.4000000000000057,0.87579926370857653
Variant I,Watts–Strogatz,EO,Watts–Strogatz,Watts–Strogatz,99,99,True,3,0.0080768037505454249,60.399999999999999,59.199999999999996,1.2000000000000028,-0.6264542688383834
Variant I,Watts–Strogatz,EO,Watts–Strogatz,Watts–Strogatz,99,99,True,4,0.0082708156219206685,48.199999999999996,46.400000000000006,1.7999999999999901,-10.793747317212766
Variant I,Watts–Strogatz,EO,Watts–Strogatz,Watts–Strogatz,99,99,True,5,0.008789157779677037,34.599999999999994,37.200000000000003,2.6000000000000085,-7.961961588663069
Variant I,Watts–Strogatz,EO,Watts–Strogatz,Watts–Strogatz,99,99,False,1,0.0087592531546459851,100,100,0,0.20000000000000018
Variant I,Watts–Strogatz,EO,Watts–Strogatz,Watts–Strogatz,99,99,False,2,0.008216309160707147,100,100,0,1.6000000000000014
Variant I,Watts–Strogatz,EO,Watts–Strogatz,Watts–Strogatz,99,99,False,3,0.0082200232348090818,100,100,0,0.80000000000000071
Variant I,Watts–Strogatz,EO,Watts–Strogatz,Watts–Strogatz,99,99,False,4,0.0086961720274688625,100,100,0,-8.3999999999999968
Variant I,Watts–Strogatz,EO,Watts–Strogatz,Watts–Strogatz,99,99,False,5,0.0091096627110444084,100,100,0,0
Variant I,Watts–Strogatz,DP,Watts–Strogatz,Watts–Strogatz,99,99,True,1,0.0089996500185789419,100,100,0,-0.40000000000000036
Variant I,Watts–Strogatz,DP,Watts–Strogatz,Watts–Strogatz,99,99,True,2,0.0084249172845775044,78.799999999999997,78.400000000000006,0.39999999999999147,-1.0955143478711293
Variant I,Watts–Strogatz,DP,Watts–Strogatz,Watts–Strogatz,99,99,True,3,0.0083245411138465064,59.399999999999999,60.199999999999996,0.79999999999999716,-2.1398928375672588
Variant I,Watts–Strogatz,DP,Watts–Strogatz,Watts–Strogatz,99,99,True,4,0.0085163888254840003,46.800000000000004,48.199999999999996,1.3999999999999915,-10.809660602191729
Variant I,Watts–Strogatz,DP,Watts–Strogatz,Watts–Strogatz,99,99,True,5,0.0091856581763298806,34,38.800000000000004,4.8000000000000043,-10.254699818071556
Variant I,Watts–Strogatz,DP,Watts–Strogatz,Watts–Strogatz,99,99,False,1,0.0089996500185789419,100,100,0,-0.40000000000000036
Variant I,Watts–Strogatz,DP,Watts–Strogatz,Watts–Strogatz,99,99,False,2,0.0084249172845775044,100,100,0,-0.20000000000000018
Variant I,Watts–Strogatz,DP,Watts–Strogatz,Watts–Strogatz,99,99,False,3,0.0084152451456400712,100,100,0,-0.20000000000000018
Variant I,Watts–Strogatz,DP,Watts–Strogatz,Watts–Strogatz,99,99,False,4,0.0088790689024363934,100,100,0,-9.3999999999999968
Variant I,Watts–Strogatz,DP,Watts–Strogatz,Watts–Strogatz,99,99,False,5,0.0092877066208646442,100,100,0,-2.0000000000000018
Variant II,Base (80/20),Baseline,Base (80/20),Base (80/20),2026,2026,True,1,0.0049637328910226985,100,100,0,8.1999999999999957
Variant II,Base (80/20),Baseline,Base (80/20),Base (80/20),2026,2026,True,2,0.0053912711563169902,83,72.399999999999991,10.600000000000009,3.4460493909338918
Variant II,Base (80/20),Baseline,Base (80/20),Base (80/20),2026,2026,True,3,0.0054885912553904737,66,55.000000000000007,10.999999999999993,5.8787878787878718
Variant II,Base (80/20),Baseline,Base (80/20),Base (80/20),2026,2026,True,4,0.0053342470269980291,53.600000000000001,41,12.600000000000001,2.2278849654168154
Variant II,Base (80/20),Baseline,Base (80/20),Base (80/20),2026,2026,True,5,0.0055652672102889378,43.200000000000003,31.800000000000001,11.400000000000002,3.6076170510132788
Variant II,Base (80/20),Baseline,Base (80/20),Base (80/20),2026,2026,False,1,0.0049637328910226985,100,100,0,8.1999999999999957
Variant II,Base (80/20),Baseline,Base (80/20),Base (80/20),2026,2026,False,2,0.0053912711563169902,100,100,0,5.3999999999999932
Variant II,Base (80/20),Baseline,Base (80/20),Base (80/20),2026,2026,False,3,0.005373555393817897,100,100,0,6.199999999999994
Variant II,Base (80/20),Baseline,Base (80/20),Base (80/20),2026,2026,False,4,0.0048089765486925007,100,100,0,-3.2000000000000028
Variant II,Base (80/20),Baseline,Base (80/20),Base (80/20),2026,2026,False,5,0.0052533541448256393,100,100,0,4.9999999999999929
Variant II,Base (80/20),LCF-original,Base (80/20),Base (80/20),2026,2026,True,1,0.004081428050994873,100,100,0,18.800000000000001
Variant II,Base (80/20),LCF-original,Base (80/20),Base (80/20),2026,2026,True,2,0.0046735174785652589,84.399999999999991,58.399999999999999,25.999999999999993,15.587872492371618
Variant II,Base (80/20),LCF-original,Base (80/20),Base (80/20),2026,2026,True,3,0.0050297357135419274,64.200000000000003,35,29.200000000000003,9.6822429906541991
Variant II,Base (80/20),LCF-original,Base (80/20),Base (80/20),2026,2026,True,4,0.005011361891246624,50.799999999999997,24.800000000000001,25.999999999999996,9.1884683769367594
Variant II,Base (80/20),LCF-original,Base (80/20),Base (80/20),2026,2026,True,5,0.0052930043206166344,39.600000000000001,15.6,24,14.957264957264959
Variant II,Base (80/20),LCF-original,Base (80/20),Base (80/20),2026,2026,False,1,0.004081428050994873,100,100,0,18.800000000000001
Variant II,Base (80/20),LCF-original,Base (80/20),Base (80/20),2026,2026,False,2,0.0046735174785652589,100,100,0,14.200000000000001
Variant II,Base (80/20),LCF-original,Base (80/20),Base (80/20),2026,2026,False,3,0.0048840620758829889,100,100,0,11.6
Variant II,Base (80/20),LCF-original,Base (80/20),Base (80/20),2026,2026,False,4,0.0045101163397377464,100,100,0,3.8000000000000034
Variant II,Base (80/20),LCF-original,Base (80/20),Base (80/20),2026,2026,False,5,0.0049832980765336377,100,100,0,15.000000000000002
Variant II,Base (80/20),LCF-active,Base (80/20),Base (80/20),2026,2026,True,1,0.0037342309951782227,100,100,0,19.199999999999999
Variant II,Base (80/20),LCF-active,Base (80/20),Base (80/20),2026,2026,True,2,0.0041451310395831387,85.200000000000003,59,26.200000000000003,16.705657674862735
Variant II,Base (80/20),LCF-active,Base (80/20),Base (80/20),2026,2026,True,3,0.0043234758307360011,66.400000000000006,35.600000000000001,30.800000000000004,10.44402328414783
Variant II,Base (80/20),LCF-active,Base (80/20),Base (80/20),2026,2026,True,4,0.0041139736964203033,52.800000000000004,24.800000000000001,28.000000000000004,12.512218963831861
Variant II,Base (80/20),LCF-active,Base (80/20),Base (80/20),2026,2026,True,5,0.0043707791922260597,42,15.4,26.600000000000001,15.757575757575754
Variant II,Base (80/20),LCF-active,Base (80/20),Base (80/20),2026,2026,False,1,0.0037342309951782227,100,100,0,19.199999999999999
Variant II,Base (80/20),LCF-active,Base (80/20),Base (80/20),2026,2026,False,2,0.0041451310395831387,100,100,0,15.400000000000002
Variant II,Base (80/20),LCF-active,Base (80/20),Base (80/20),2026,2026,False,3,0.0042449277676205321,100,100,0,13
Variant II,Base (80/20),LCF-active,Base (80/20),Base (80/20),2026,2026,False,4,0.0037571690556863491,100,100,0,6.199999999999994
Variant II,Base (80/20),LCF-active,Base (80/20),Base (80/20),2026,2026,False,5,0.004180906537297524,100,100,0,15.800000000000002
Variant II,Base (80/20),EO,Base (80/20),Base (80/20),2026,2026,True,1,0.0047667239467665823,100,100,0,2.8000000000000025
Variant II,Base (80/20),EO,Base (80/20),Base (80/20),2026,2026,True,2,0.00511327170424003,80,76.200000000000003,3.7999999999999972,0.070866141732284227
Variant II,Base (80/20),EO,Base (80/20),Base (80/20),2026,2026,True,3,0.0051072105407492518,62.200000000000003,58.599999999999994,3.6000000000000085,0.44664903482105611
Variant II,Base (80/20),EO,Base (80/20),Base (80/20),2026,2026,True,4,0.0048904248700575303,49,44.399999999999999,4.6000000000000014,-5.2307409450266569
Variant II,Base (80/20),EO,Base (80/20),Base (80/20),2026,2026,True,5,0.0050508730096727739,37.799999999999997,36,1.7999999999999972,-1.5608465608465627
Variant II,Base (80/20),EO,Base (80/20),Base (80/20),2026,2026,False,1,0.0047667239467665823,100,100,0,2.8000000000000025
Variant II,Base (80/20),EO,Base (80/20),Base (80/20),2026,2026,False,2,0.00511327170424003,100,100,0,1.6000000000000014
Variant II,Base (80/20),EO,Base (80/20),Base (80/20),2026,2026,False,3,0.0050303724876583633,100,100,0,1.0000000000000009
Variant II,Base (80/20),EO,Base (80/20),Base (80/20),2026,2026,False,4,0.0045374097784836032,100,100,0,-8.0000000000000071
Variant II,Base (80/20),EO,Base (80/20),Base (80/20),2026,2026,False,5,0.0049331605493532216,100,100,0,1.0000000000000009
Variant II,Base (80/20),DP,Base (80/20),Base (80/20),2026,2026,True,1,0.004928799872794154,100,100,0,5.0000000000000044
Variant II,Base (80/20),DP,Base (80/20),Base (80/20),2026,2026,True,2,0.0053008387597152096,81,73.799999999999997,7.2000000000000028,1.035832580548024
Variant II,Base (80/20),DP,Base (80/20),Base (80/20),2026,2026,True,3,0.0053514033067783018,63.399999999999999,56.000000000000007,7.3999999999999915,2.6746282109058162
Variant II,Base (80/20),DP,Base (80/20),Base (80/20),2026,2026,True,4,0.0051751267581501281,50.200000000000003,42.199999999999996,8.0000000000000071,-1.6030664073563572
Variant II,Base (80/20),DP,Base (80/20),Base (80/20),2026,2026,True,5,0.0053403252721970773,39.399999999999999,33.600000000000001,5.7999999999999972,1.196519216823777
Variant II,Base (80/20),DP,Base (80/20),Base (80/20),2026,2026,False,1,0.004928799872794154,100,100,0,5.0000000000000044
Variant II,Base (80/20),DP,Base (80/20),Base (80/20),2026,2026,False,2,0.0053008387597152096,100,100,0,2.9999999999999916
Variant II,Base (80/20),DP,Base (80/20),Base (80/20),2026,2026,False,3,0.0052444618872122817,100,100,0,3.2000000000000028
Variant II,Base (80/20),DP,Base (80/20),Base (80/20),2026,2026,False,4,0.0047157866635844092,100,100,0,-5.4000000000000048
Variant II,Base (80/20),DP,Base (80/20),Base (80/20),2026,2026,False,5,0.0051289977159393318,100,100,0,2.9999999999999916
Variant II,Base (80/20),Baseline,Base (80/20),Base (80/20),7,7,True,1,0.0049637328910226985,100,100,0,6.199999999999994
Variant II,Base (80/20),Baseline,Base (80/20),Base (80/20),7,7,True,2,0.0046208625080376153,83,76.200000000000003,6.7999999999999972,7.4768364797773827
Variant II,Base (80/20),Baseline,Base (80/20),Base (80/20),7,7,True,3,0.0039784695981349705,67.400000000000006,54.400000000000006,13,4.6724995636236777
Variant II,Base (80/20),Baseline,Base (80/20),Base (80/20),7,7,True,4,0.00424116973809463,56.000000000000007,41.799999999999997,14.20000000000001,3.6141490088858474
Variant II,Base (80/20),Baseline,Base (80/20),Base (80/20),7,7,True,5,0.0045805723410040633,46,34,12,10.179028132992329
Variant II,Base (80/20),Baseline,Base (80/20),Base (80/20),7,7,False,1,0.0049637328910226985,100,100,0,6.199999999999994
Variant II,Base (80/20),Baseline,Base (80/20),Base (80/20),7,7,False,2,0.0046208625080376153,100,100,0,6.199999999999994
Variant II,Base (80/20),Baseline,Base (80/20),Base (80/20),7,7,False,3,0.0038821393760332112,100,100,0,6.399999999999995
Variant II,Base (80/20),Baseline,Base (80/20),Base (80/20),7,7,False,4,0.0041537114524690111,100,100,0,4.7999999999999936
Variant II,Base (80/20),Baseline,Base (80/20),Base (80/20),7,7,False,5,0.0042997664120033585,100,100,0,5.4000000000000048
Variant II,Base (80/20),LCF-original,Base (80/20),Base (80/20),7,7,True,1,0.004081428050994873,100,100,0,14.400000000000002
Variant II,Base (80/20),LCF-original,Base (80/20),Base (80/20),7,7,True,2,0.0038946294984063545,81.599999999999994,64.200000000000003,17.399999999999991,15.571742715777898
Variant II,Base (80/20),LCF-original,Base (80/20),Base (80/20),7,7,True,3,0.0035217009683806699,65,38.399999999999999,26.600000000000001,11.490384615384619
Variant II,Base (80/20),LCF-original,Base (80/20),Base (80/20),7,7,True,4,0.0035471144143555122,52.400000000000006,26.400000000000002,26.000000000000004,13.352995604904006
Variant II,Base (80/20),LCF-original,Base (80/20),Base (80/20),7,7,True,5,0.0035326904535841752,43,17,26,12.010943912448703
Variant II,Base (80/20),LCF-original,Base (80/20),Base (80/20),7,7,False,1,0.004081428050994873,100,100,0,14.400000000000002
Variant II,Base (80/20),LCF-original,Base (80/20),Base (80/20),7,7,False,2,0.0038946294984063545,100,100,0,14.200000000000001
Variant II,Base (80/20),LCF-original,Base (80/20),Base (80/20),7,7,False,3,0.0035861381275291704,100,100,0,12
Variant II,Base (80/20),LCF-original,Base (80/20),Base (80/20),7,7,False,4,0.0039168886683547122,100,100,0,13.800000000000001
Variant II,Base (80/20),LCF-original,Base (80/20),Base (80/20),7,7,False,5,0.0038295996399206889,100,100,0,16.799999999999997
Variant II,Base (80/20),LCF-active,Base (80/20),Base (80/20),7,7,True,1,0.0037342309951782227,100,100,0,16.000000000000004
Variant II,Base (80/20),LCF-active,Base (80/20),Base (80/20),7,7,True,2,0.0034591722362372623,83.599999999999994,65,18.599999999999994,16.354066985645932
Variant II,Base (80/20),LCF-active,Base (80/20),Base (80/20),7,7,True,3,0.0030278789970010767,66.799999999999997,38.800000000000004,27.999999999999993,11.661213655163905
Variant II,Base (80/20),LCF-active,Base (80/20),Base (80/20),7,7,True,4,0.0031005378887236645,54,26.400000000000002,27.599999999999998,14.831649831649829
Variant II,Base (80/20),LCF-active,Base (80/20),Base (80/20),7,7,True,5,0.0031871075262097648,44.800000000000004,16.800000000000001,28.000000000000004,13.392857142857139
Variant II,Base (80/20),LCF-active,Base (80/20),Base (80/20),7,7,False,1,0.0037342309951782227,100,100,0,16.000000000000004
Variant II,Base (80/20),LCF-active,Base (80/20),Base (80/20),7,7,False,2,0.0034591722362372623,100,100,0,14.400000000000002
Variant II,Base (80/20),LCF-active,Base (80/20),Base (80/20),7,7,False,3,0.0030429253131581957,100,100,0,12.800000000000001
Variant II,Base (80/20),LCF-active,Base (80/20),Base (80/20),7,7,False,4,0.0033494957061596109,100,100,0,15.000000000000002
Variant II,Base (80/20),LCF-active,Base (80/20),Base (80/20),7,7,False,5,0.003351028436338499,100,100,0,17.800000000000001
Variant II,Base (80/20),EO,Base (80/20),Base (80/20),7,7,True,1,0.0047667239467665823,100,100,0,0.20000000000000018
Variant II,Base (80/20),EO,Base (80/20),Base (80/20),7,7,True,2,0.0044771682718092176,79.400000000000006,78.200000000000003,1.2000000000000028,3.5831395311382686
Variant II,Base (80/20),EO,Base (80/20),Base (80/20),7,7,True,3,0.003760038119651421,62.399999999999999,58.399999999999999,4,-0.1361081840533962
Variant II,Base (80/20),EO,Base (80/20),Base (80/20),7,7,True,4,0.0039215117606925531,49.799999999999997,45.200000000000003,4.5999999999999943,-2.7614884316025101
Variant II,Base (80/20),EO,Base (80/20),Base (80/20),7,7,True,5,0.0042113232022050751,40.200000000000003,37.200000000000003,3,3.9640507141710746
Variant II,Base (80/20),EO,Base (80/20),Base (80/20),7,7,False,1,0.0047667239467665823,100,100,0,0.20000000000000018
Variant II,Base (80/20),EO,Base (80/20),Base (80/20),7,7,False,2,0.0044771682718092176,100,100,0,1.8000000000000016
Variant II,Base (80/20),EO,Base (80/20),Base (80/20),7,7,False,3,0.0036845033254111481,100,100,0,1.4000000000000012
Variant II,Base (80/20),EO,Base (80/20),Base (80/20),7,7,False,4,0.0039237881213207704,100,100,0,-0.80000000000000071
Variant II,Base (80/20),EO,Base (80/20),Base (80/20),7,7,False,5,0.0040640167038702435,100,100,0,1.8000000000000016
Variant II,Base (80/20),DP,Base (80/20),Base (80/20),7,7,True,1,0.004928799872794154,100,100,0,2.9999999999999916
Variant II,Base (80/20),DP,Base (80/20),Base (80/20),7,7,True,2,0.0046040030516381059,81,77,4,4.8100048100048092
Variant II,Base (80/20),DP,Base (80/20),Base (80/20),7,7,True,3,0.0039186701982485417,64.600000000000009,56.799999999999997,7.8000000000000114,3.1101469498103218
Variant II,Base (80/20),DP,Base (80/20),Base (80/20),7,7,True,4,0.0041114835441239395,52.600000000000001,43.399999999999999,9.2000000000000028,0.69912915491230354
Variant II,Base (80/20),DP,Base (80/20),Base (80/20),7,7,True,5,0.0043937193531476959,43.399999999999999,35.399999999999999,8,8.167356609128074
Variant II,Base (80/20),DP,Base (80/20),Base (80/20),7,7,False,1,0.004928799872794154,100,100,0,2.9999999999999916
Variant II,Base (80/20),DP,Base (80/20),Base (80/20),7,7,False,2,0.0046040030516381059,100,100,0,4.0000000000000036
Variant II,Base (80/20),DP,Base (80/20),Base (80/20),7,7,False,3,0.0038212261776742196,100,100,0,3.7999999999999923
Variant II,Base (80/20),DP,Base (80/20),Base (80/20),7,7,False,4,0.0040763223028869033,100,100,0,2.1999999999999909
Variant II,Base (80/20),DP,Base (80/20),Base (80/20),7,7,False,5,0.0042254329699178417,100,100,0,4.0000000000000036
Variant II,Base (80/20),Baseline,Base (80/20),Base (80/20),13,13,True,1,0.0049637328910226985,100,100,0,8.3999999999999968
Variant II,Base (80/20),Baseline,Base (80/20),Base (80/20),13,13,True,2,0.0038129007751126487,83.599999999999994,74.599999999999994,9,9.4770193824800906
Variant II,Base (80/20),Baseline,Base (80/20),Base (80/20),13,13,True,3,0.0044641789970829571,66,52.600000000000001,13.399999999999999,3.4831201751353902
Variant II,Base (80/20),Baseline,Base (80/20),Base (80/20),13,13,True,4,0.0027861965447276704,52.800000000000004,37.200000000000003,15.600000000000001,6.3172043010752743
Variant II,Base (80/20),Baseline,Base (80/20),Base (80/20),13,13,True,5,0.0033793709151419549,42.799999999999997,28.199999999999996,14.600000000000001,13.33929873400942
Variant II,Base (80/20),Baseline,Base (80/20),Base (80/20),13,13,False,1,0.0049637328910226985,100,100,0,8.3999999999999968
Variant II,Base (80/20),Baseline,Base (80/20),Base (80/20),13,13,False,2,0.0038129007751126487,100,100,0,10.999999999999998
Variant II,Base (80/20),Baseline,Base (80/20),Base (80/20),13,13,False,3,0.0042532551331994073,100,100,0,4.2000000000000037
Variant II,Base (80/20),Baseline,Base (80/20),Base (80/20),13,13,False,4,0.0026896606565676162,100,100,0,6.9999999999999947
Variant II,Base (80/20),Baseline,Base (80/20),Base (80/20),13,13,False,5,0.0034533511173405751,100,100,0,10.799999999999999
Variant II,Base (80/20),LCF-original,Base (80/20),Base (80/20),13,13,True,1,0.004081428050994873,100,100,0,16.400000000000002
Variant II,Base (80/20),LCF-original,Base (80/20),Base (80/20),13,13,True,2,0.0035193712542951339,84.399999999999991,63.600000000000001,20.79999999999999,11.214939342454322
Variant II,Base (80/20),LCF-original,Base (80/20),Base (80/20),13,13,True,3,0.0033013740155377613,61.199999999999996,38,23.199999999999996,10.674234606123145
Variant II,Base (80/20),LCF-original,Base (80/20),Base (80/20),13,13,True,4,0.0021381971878171591,47.799999999999997,22.800000000000001,24.999999999999996,10.170300227556329
Variant II,Base (80/20),LCF-original,Base (80/20),Base (80/20),13,13,True,5,0.0022473436110228562,35.799999999999997,15.6,20.199999999999996,23.220169030224902
Variant II,Base (80/20),LCF-original,Base (80/20),Base (80/20),13,13,False,1,0.004081428050994873,100,100,0,16.400000000000002
Variant II,Base (80/20),LCF-original,Base (80/20),Base (80/20),13,13,False,2,0.0035193712542951339,100,100,0,14.400000000000002
Variant II,Base (80/20),LCF-original,Base (80/20),Base (80/20),13,13,False,3,0.0033427500084347583,100,100,0,10.599999999999998
Variant II,Base (80/20),LCF-original,Base (80/20),Base (80/20),13,13,False,4,0.0026118429572212776,100,100,0,13.200000000000001
Variant II,Base (80/20),LCF-original,Base (80/20),Base (80/20),13,13,False,5,0.0030591536944956088,100,100,0,19.600000000000005
Variant II,Base (80/20),LCF-active,Base (80/20),Base (80/20),13,13,True,1,0.0037342309951782227,100,100,0,18.000000000000004
Variant II,Base (80/20),LCF-active,Base (80/20),Base (80/20),13,13,True,2,0.0029938320581313072,85.399999999999991,62.799999999999997,22.599999999999994,13.531675591819692
Variant II,Base (80/20),LCF-active,Base (80/20),Base (80/20),13,13,True,3,0.0030649712957290243,64.600000000000009,38,26.600000000000009,10.278637770897836
Variant II,Base (80/20),LCF-active,Base (80/20),Base (80/20),13,13,True,4,0.0017676406556197399,51,23.400000000000002,27.599999999999998,12.961287078934136
Variant II,Base (80/20),LCF-active,Base (80/20),Base (80/20),13,13,True,5,0.0019891789639611135,40.200000000000003,16.199999999999999,24.000000000000004,23.198820711258527
Variant II,Base (80/20),LCF-active,Base (80/20),Base (80/20),13,13,False,1,0.0037342309951782227,100,100,0,18.000000000000004
Variant II,Base (80/20),LCF-active,Base (80/20),Base (80/20),13,13,False,2,0.0029938320581313072,100,100,0,15.600000000000003
Variant II,Base (80/20),LCF-active,Base (80/20),Base (80/20),13,13,False,3,0.0031273709883217204,100,100,0,11.199999999999999
Variant II,Base (80/20),LCF-active,Base (80/20),Base (80/20),13,13,False,4,0.0021526830730383972,100,100,0,14.400000000000002
Variant II,Base (80/20),LCF-active,Base (80/20),Base (80/20),13,13,False,5,0.0027042950381410691,100,100,0,20.400000000000006
Variant II,Base (80/20),EO,Base (80/20),Base (80/20),13,13,True,1,0.0047667239467665823,100,100,0,2.0000000000000018
Variant II,Base (80/20),EO,Base (80/20),Base (80/20),13,13,True,2,0.0036445551648425223,80.200000000000003,77.600000000000009,2.5999999999999943,1.4191325809188471
Variant II,Base (80/20),EO,Base (80/20),Base (80/20),13,13,True,3,0.0041787237428220214,59.599999999999994,57.599999999999994,2,-0.73173005219985265
Variant II,Base (80/20),EO,Base (80/20),Base (80/20),13,13,True,4,0.0023680848647964492,47.599999999999994,42.600000000000001,4.9999999999999929,-1.2683946818163983
Variant II,Base (80/20),EO,Base (80/20),Base (80/20),13,13,True,5,0.0028627537006761239,37.200000000000003,34.200000000000003,3,7.5551782682512725
Variant II,Base (80/20),EO,Base (80/20),Base (80/20),13,13,False,1,0.0047667239467665823,100,100,0,2.0000000000000018
Variant II,Base (80/20),EO,Base (80/20),Base (80/20),13,13,False,2,0.0036445551648425223,100,100,0,4.4000000000000039
Variant II,Base (80/20),EO,Base (80/20),Base (80/20),13,13,False,3,0.0041150850090958535,100,100,0,-0.80000000000000071
Variant II,Base (80/20),EO,Base (80/20),Base (80/20),13,13,False,4,0.002574404855327006,100,100,0,0.60000000000000053
Variant II,Base (80/20),EO,Base (80/20),Base (80/20),13,13,False,5,0.003277607504788782,100,100,0,5.3999999999999932
Variant II,Base (80/20),DP,Base (80/20),Base (80/20),13,13,True,1,0.004928799872794154,100,100,0,3.9999999999999925
Variant II,Base (80/20),DP,Base (80/20),Base (80/20),13,13,True,2,0.0037601219487526372,81.200000000000003,76.799999999999997,4.4000000000000057,4.2205459770114917
Variant II,Base (80/20),DP,Base (80/20),Base (80/20),13,13,True,3,0.0043366238324906714,61.799999999999997,55.400000000000006,6.3999999999999915,1.0877057703316928
Variant II,Base (80/20),DP,Base (80/20),Base (80/20),13,13,True,4,0.0025748966009312424,49.399999999999999,40.600000000000001,8.7999999999999972,2.6405536387387629
Variant II,Base (80/20),DP,Base (80/20),Base (80/20),13,13,True,5,0.0030963470139028226,39.600000000000001,32,7.6000000000000014,10.44191919191919
Variant II,Base (80/20),DP,Base (80/20),Base (80/20),13,13,False,1,0.004928799872794154,100,100,0,3.9999999999999925
Variant II,Base (80/20),DP,Base (80/20),Base (80/20),13,13,False,2,0.0037601219487526372,100,100,0,7.1999999999999957
Variant II,Base (80/20),DP,Base (80/20),Base (80/20),13,13,False,3,0.0042438216752257452,100,100,0,1.2000000000000011
Variant II,Base (80/20),DP,Base (80/20),Base (80/20),13,13,False,4,0.0026566886896098874,100,100,0,3.2000000000000028
Variant II,Base (80/20),DP,Base (80/20),Base (80/20),13,13,False,5,0.0034005076909455756,100,100,0,7.1999999999999957
Variant II,Base (80/20),Baseline,Base (80/20),Base (80/20),42,42,True,1,0.0049637328910226985,100,100,0,4.9999999999999929
Variant II,Base (80/20),Baseline,Base (80/20),Base (80/20),42,42,True,2,0.0050058495366162026,80.400000000000006,75.200000000000003,5.2000000000000028,2.896422144596178
Variant II,Base (80/20),Baseline,Base (80/20),Base (80/20),42,42,True,3,0.0048175088564549329,63.800000000000004,57.199999999999996,6.6000000000000085,12.056908608632744
Variant II,Base (80/20),Baseline,Base (80/20),Base (80/20),42,42,True,4,0.0028663083565187986,55.000000000000007,42,13.000000000000007,4.4415584415584348
Variant II,Base (80/20),Baseline,Base (80/20),Base (80/20),42,42,True,5,0.0034460742456011717,45.399999999999999,32.200000000000003,13.199999999999996,2.7033682655211111
Variant II,Base (80/20),Baseline,Base (80/20),Base (80/20),42,42,False,1,0.0049637328910226985,100,100,0,4.9999999999999929
Variant II,Base (80/20),Baseline,Base (80/20),Base (80/20),42,42,False,2,0.0050058495366162026,100,100,0,2.5999999999999912
Variant II,Base (80/20),Baseline,Base (80/20),Base (80/20),42,42,False,3,0.0049083399409139972,100,100,0,10.399999999999999
Variant II,Base (80/20),Baseline,Base (80/20),Base (80/20),42,42,False,4,0.002997811667352579,100,100,0,8.1999999999999957
Variant II,Base (80/20),Baseline,Base (80/20),Base (80/20),42,42,False,5,0.0037209333849284043,100,100,0,1.0000000000000009
Variant II,Base (80/20),LCF-original,Base (80/20),Base (80/20),42,42,True,1,0.004081428050994873,100,100,0,10.399999999999999
Variant II,Base (80/20),LCF-original,Base (80/20),Base (80/20),42,42,True,2,0.0042983114386966337,77.400000000000006,64.400000000000006,13,13.824289405684754
Variant II,Base (80/20),LCF-original,Base (80/20),Base (80/20),42,42,True,3,0.0042887793955710407,60,40.600000000000001,19.399999999999999,19.187192118226605
Variant II,Base (80/20),LCF-original,Base (80/20),Base (80/20),42,42,True,4,0.0034223422485940569,49,24.600000000000001,24.399999999999999,10.008296001327356
Variant II,Base (80/20),LCF-original,Base (80/20),Base (80/20),42,42,True,5,0.0034566227284127393,39.600000000000001,17.800000000000001,21.800000000000001,10.208829871751224
Variant II,Base (80/20),LCF-original,Base (80/20),Base (80/20),42,42,False,1,0.004081428050994873,100,100,0,10.399999999999999
Variant II,Base (80/20),LCF-original,Base (80/20),Base (80/20),42,42,False,2,0.0042983114386966337,100,100,0,12.800000000000001
Variant II,Base (80/20),LCF-original,Base (80/20),Base (80/20),42,42,False,3,0.0042602044288191365,100,100,0,15.800000000000002
Variant II,Base (80/20),LCF-original,Base (80/20),Base (80/20),42,42,False,4,0.0034637754072865956,100,100,0,14.000000000000002
Variant II,Base (80/20),LCF-original,Base (80/20),Base (80/20),42,42,False,5,0.0037061488345450089,100,100,0,9.9999999999999982
Variant II,Base (80/20),LCF-active,Base (80/20),Base (80/20),42,42,True,1,0.0037342309951782227,100,100,0,11.799999999999999
Variant II,Base (80/20),LCF-active,Base (80/20),Base (80/20),42,42,True,2,0.0038668169450616352,78.799999999999997,65,13.799999999999997,13.244045294806718
Variant II,Base (80/20),LCF-active,Base (80/20),Base (80/20),42,42,True,3,0.003820767177687534,60.799999999999997,42,18.799999999999997,18.533834586466163
Variant II,Base (80/20),LCF-active,Base (80/20),Base (80/20),42,42,True,4,0.0026436929866826553,50.399999999999999,26.600000000000001,23.799999999999997,11.570593149540521
Variant II,Base (80/20),LCF-active,Base (80/20),Base (80/20),42,42,True,5,0.0028693376348128963,40.400000000000006,18.600000000000001,21.800000000000004,10.507824976045999
Variant II,Base (80/20),LCF-active,Base (80/20),Base (80/20),42,42,False,1,0.0037342309951782227,100,100,0,11.799999999999999
Variant II,Base (80/20),LCF-active,Base (80/20),Base (80/20),42,42,False,2,0.0038668169450616352,100,100,0,12.6
Variant II,Base (80/20),LCF-active,Base (80/20),Base (80/20),42,42,False,3,0.0038651188238636447,100,100,0,17.199999999999992
Variant II,Base (80/20),LCF-active,Base (80/20),Base (80/20),42,42,False,4,0.0027299092926243995,100,100,0,14.800000000000002
Variant II,Base (80/20),LCF-active,Base (80/20),Base (80/20),42,42,False,5,0.0030906760907543074,100,100,0,11.399999999999999
Variant II,Base (80/20),EO,Base (80/20),Base (80/20),42,42,True,1,0.0047667239467665823,100,100,0,-1.8000000000000016
Variant II,Base (80/20),EO,Base (80/20),Base (80/20),42,42,True,2,0.0047717525363890623,75.200000000000003,77.799999999999997,2.5999999999999943,-3.1853361045780182
Variant II,Base (80/20),EO,Base (80/20),Base (80/20),42,42,True,3,0.0046017746823094896,57.399999999999999,61.799999999999997,4.3999999999999986,4.2894354047562588
Variant II,Base (80/20),EO,Base (80/20),Base (80/20),42,42,True,4,0.0027416952937227013,47.199999999999996,47.199999999999996,0,-2.1186440677966156
Variant II,Base (80/20),EO,Base (80/20),Base (80/20),42,42,True,5,0.0033293702216347087,36.799999999999997,37.600000000000001,0.80000000000000426,-1.2257169287696601
Variant II,Base (80/20),EO,Base (80/20),Base (80/20),42,42,False,1,0.0047667239467665823,100,100,0,-1.8000000000000016
Variant II,Base (80/20),EO,Base (80/20),Base (80/20),42,42,False,2,0.0047717525363890623,100,100,0,-3.9999999999999925
Variant II,Base (80/20),EO,Base (80/20),Base (80/20),42,42,False,3,0.0046593514309145601,100,100,0,3.5999999999999921
Variant II,Base (80/20),EO,Base (80/20),Base (80/20),42,42,False,4,0.0028126292103948236,100,100,0,3.2000000000000028
Variant II,Base (80/20),EO,Base (80/20),Base (80/20),42,42,False,5,0.0035151418776634413,100,100,0,-3.0000000000000027
Variant II,Base (80/20),DP,Base (80/20),Base (80/20),42,42,True,1,0.004928799872794154,100,100,0,0.80000000000000071
Variant II,Base (80/20),DP,Base (80/20),Base (80/20),42,42,True,2,0.004944843483757233,77.200000000000003,77,0.20000000000000284,-1.7320503330865988
Variant II,Base (80/20),DP,Base (80/20),Base (80/20),42,42,True,3,0.0047837524132230413,58.799999999999997,60.799999999999997,2,7.6127819548872155
Variant II,Base (80/20),DP,Base (80/20),Base (80/20),42,42,True,4,0.0028106735308079944,48.600000000000001,45.399999999999999,3.2000000000000028,1.5554467830532492
Variant II,Base (80/20),DP,Base (80/20),Base (80/20),42,42,True,5,0.0033957287915016288,38.600000000000001,35.199999999999996,3.4000000000000057,-0.30617051342439749
Variant II,Base (80/20),DP,Base (80/20),Base (80/20),42,42,False,1,0.004928799872794154,100,100,0,0.80000000000000071
Variant II,Base (80/20),DP,Base (80/20),Base (80/20),42,42,False,2,0.004944843483757233,100,100,0,-1.9999999999999907
Variant II,Base (80/20),DP,Base (80/20),Base (80/20),42,42,False,3,0.0048291007223418836,100,100,0,6.5999999999999943
Variant II,Base (80/20),DP,Base (80/20),Base (80/20),42,42,False,4,0.0028990967472027895,100,100,0,5.5999999999999943
Variant II,Base (80/20),DP,Base (80/20),Base (80/20),42,42,False,5,0.0036312662285277186,100,100,0,-2.0000000000000018
Variant II,Base (80/20),Baseline,Base (80/20),Base (80/20),99,99,True,1,0.0049637328910226985,100,100,0,0.99999999999998979
Variant II,Base (80/20),Baseline,Base (80/20),Base (80/20),99,99,True,2,0.0048372123123189281,81.200000000000003,79,2.2000000000000028,4.4085552160628598
Variant II,Base (80/20),Baseline,Base (80/20),Base (80/20),99,99,True,3,0.0054618445363462387,64.799999999999997,57.599999999999994,7.2000000000000028,8.7962962962962905
Variant II,Base (80/20),Baseline,Base (80/20),Base (80/20),99,99,True,4,0.0054593908495353949,52.800000000000004,42.799999999999997,10.000000000000007,7.4341546304163124
Variant II,Base (80/20),Baseline,Base (80/20),Base (80/20),99,99,True,5,0.0053517415886706887,43,33.800000000000004,9.1999999999999957,12.456309343608085
Variant II,Base (80/20),Baseline,Base (80/20),Base (80/20),99,99,False,1,0.0049637328910226985,100,100,0,0.99999999999998979
Variant II,Base (80/20),Baseline,Base (80/20),Base (80/20),99,99,False,2,0.0048372123123189281,100,100,0,3.7999999999999923
Variant II,Base (80/20),Baseline,Base (80/20),Base (80/20),99,99,False,3,0.0052021129402023414,100,100,0,10.999999999999998
Variant II,Base (80/20),Baseline,Base (80/20),Base (80/20),99,99,False,4,0.0051333659566844547,100,100,0,4.7999999999999936
Variant II,Base (80/20),Baseline,Base (80/20),Base (80/20),99,99,False,5,0.0051803466643757234,100,100,0,5.7999999999999936
Variant II,Base (80/20),LCF-original,Base (80/20),Base (80/20),99,99,True,1,0.004081428050994873,100,100,0,10.799999999999999
Variant II,Base (80/20),LCF-original,Base (80/20),Base (80/20),99,99,True,2,0.0044063637984267379,81.200000000000003,63.200000000000003,18,15.09322192430006
Variant II,Base (80/20),LCF-original,Base (80/20),Base (80/20),99,99,True,3,0.0046129905173903918,62.399999999999999,37.399999999999999,25,23.673385438091323
Variant II,Base (80/20),LCF-original,Base (80/20),Base (80/20),99,99,True,4,0.0046671045225364916,51.600000000000001,23.200000000000003,28.399999999999999,14.902432504677893
Variant II,Base (80/20),LCF-original,Base (80/20),Base (80/20),99,99,True,5,0.0047183267220002323,41,16.400000000000002,24.599999999999998,26.585365853658537
Variant II,Base (80/20),LCF-original,Base (80/20),Base (80/20),99,99,False,1,0.004081428050994873,100,100,0,10.799999999999999
Variant II,Base (80/20),LCF-original,Base (80/20),Base (80/20),99,99,False,2,0.0044063637984267379,100,100,0,14.000000000000002
Variant II,Base (80/20),LCF-original,Base (80/20),Base (80/20),99,99,False,3,0.0044667806644143049,100,100,0,21.400000000000002
Variant II,Base (80/20),LCF-original,Base (80/20),Base (80/20),99,99,False,4,0.0046747366683231872,100,100,0,14.600000000000001
Variant II,Base (80/20),LCF-original,Base (80/20),Base (80/20),99,99,False,5,0.0049263154473067061,100,100,0,13.4
Variant II,Base (80/20),LCF-active,Base (80/20),Base (80/20),99,99,True,1,0.0037342309951782227,100,100,0,11.199999999999999
Variant II,Base (80/20),LCF-active,Base (80/20),Base (80/20),99,99,True,2,0.0038173319306089581,82,63.800000000000004,18.199999999999996,15.975227463873388
Variant II,Base (80/20),LCF-active,Base (80/20),Base (80/20),99,99,True,3,0.0040176346151852282,64.400000000000006,38.600000000000001,25.800000000000004,24.489106298072283
Variant II,Base (80/20),LCF-active,Base (80/20),Base (80/20),99,99,True,4,0.0039978127506212768,53.600000000000001,23.799999999999997,29.800000000000004,16.000877963125546
Variant II,Base (80/20),LCF-active,Base (80/20),Base (80/20),99,99,True,5,0.0039954279120227865,43,16.199999999999999,26.800000000000001,28.865920183749637
Variant II,Base (80/20),LCF-active,Base (80/20),Base (80/20),99,99,False,1,0.0037342309951782227,100,100,0,11.199999999999999
Variant II,Base (80/20),LCF-active,Base (80/20),Base (80/20),99,99,False,2,0.0038173319306089581,100,100,0,14.200000000000001
Variant II,Base (80/20),LCF-active,Base (80/20),Base (80/20),99,99,False,3,0.0039949412144058005,100,100,0,23.799999999999994
Variant II,Base (80/20),LCF-active,Base (80/20),Base (80/20),99,99,False,4,0.004077004641457771,100,100,0,15.000000000000002
Variant II,Base (80/20),LCF-active,Base (80/20),Base (80/20),99,99,False,5,0.0042522214087157284,100,100,0,15.800000000000002
Variant II,Base (80/20),EO,Base (80/20),Base (80/20),99,99,True,1,0.0047667239467665823,100,100,0,-6.5999999999999943
Variant II,Base (80/20),EO,Base (80/20),Base (80/20),99,99,True,2,0.0045813152358639142,76.200000000000003,81.599999999999994,5.3999999999999915,0.70055581287633562
Variant II,Base (80/20),EO,Base (80/20),Base (80/20),99,99,True,3,0.0050312034485556767,59.399999999999999,60.799999999999997,1.3999999999999986,5.2387914230019543
Variant II,Base (80/20),EO,Base (80/20),Base (80/20),99,99,True,4,0.0049291201287359199,48.199999999999996,46.400000000000006,1.7999999999999901,2.1980970095864971
Variant II,Base (80/20),EO,Base (80/20),Base (80/20),99,99,True,5,0.0047880278154378564,39,38,1,5.5870445344129553
Variant II,Base (80/20),EO,Base (80/20),Base (80/20),99,99,False,1,0.0047667239467665823,100,100,0,-6.5999999999999943
Variant II,Base (80/20),EO,Base (80/20),Base (80/20),99,99,False,2,0.0045813152358639142,100,100,0,0.40000000000000036
Variant II,Base (80/20),EO,Base (80/20),Base (80/20),99,99,False,3,0.0049760839799598555,100,100,0,7.1999999999999957
Variant II,Base (80/20),EO,Base (80/20),Base (80/20),99,99,False,4,0.0048343197900831969,100,100,0,0.20000000000000018
Variant II,Base (80/20),EO,Base (80/20),Base (80/20),99,99,False,5,0.0048297489683193362,100,100,0,0.40000000000000036
Variant II,Base (80/20),DP,Base (80/20),Base (80/20),99,99,True,1,0.004928799872794154,100,100,0,-2.7999999999999914
Variant II,Base (80/20),DP,Base (80/20),Base (80/20),99,99,True,2,0.0047513467499624706,79,80.400000000000006,1.4000000000000057,3.1758926884564498
Variant II,Base (80/20),DP,Base (80/20),Base (80/20),99,99,True,3,0.0053061008640817864,62.600000000000001,59.199999999999996,3.4000000000000057,7.0935152404800972
Variant II,Base (80/20),DP,Base (80/20),Base (80/20),99,99,True,4,0.0052392796362474847,51.200000000000003,44.399999999999999,6.8000000000000043,4.6945382882882853
Variant II,Base (80/20),DP,Base (80/20),Base (80/20),99,99,True,5,0.0051015007510861743,41.199999999999996,35.399999999999999,5.7999999999999972,7.3501179309966584
Variant II,Base (80/20),DP,Base (80/20),Base (80/20),99,99,False,1,0.004928799872794154,100,100,0,-2.7999999999999914
Variant II,Base (80/20),DP,Base (80/20),Base (80/20),99,99,False,2,0.0047513467499624706,100,100,0,2.4000000000000021
Variant II,Base (80/20),DP,Base (80/20),Base (80/20),99,99,False,3,0.0051509417172135308,100,100,0,9.5999999999999979
Variant II,Base (80/20),DP,Base (80/20),Base (80/20),99,99,False,4,0.0050223565235493206,100,100,0,2.6000000000000023
Variant II,Base (80/20),DP,Base (80/20),Base (80/20),99,99,False,5,0.0050369647087856739,100,100,0,2.6000000000000023
Variant II,Erdős–Rényi,Baseline,Erdős–Rényi,Erdős–Rényi,2026,2026,True,1,0.005051143779120304,100,100,0,7.7999999999999954
Variant II,Erdős–Rényi,Baseline,Erdős–Rényi,Erdős–Rényi,2026,2026,True,2,0.0057152545942887878,84.200000000000003,72.200000000000003,12,3.4306919943940306
Variant II,Erdős–Rényi,Baseline,Erdős–Rényi,Erdős–Rényi,2026,2026,True,3,0.0058881720660697301,68,55.600000000000009,12.399999999999991,6.9191705459162094
Variant II,Erdős–Rényi,Baseline,Erdős–Rényi,Erdős–Rényi,2026,2026,True,4,0.0055650499819150934,55.200000000000003,41.799999999999997,13.400000000000006,-1.3175230566534912
Variant II,Erdős–Rényi,Baseline,Erdős–Rényi,Erdős–Rényi,2026,2026,True,5,0.0057696591992398849,43.399999999999999,33.200000000000003,10.199999999999996,5.1274221309199897
Variant II,Erdős–Rényi,Baseline,Erdős–Rényi,Erdős–Rényi,2026,2026,False,1,0.005051143779120304,100,100,0,7.7999999999999954
Variant II,Erdős–Rényi,Baseline,Erdős–Rényi,Erdős–Rényi,2026,2026,False,2,0.0057152545942887878,100,100,0,5.7999999999999936
Variant II,Erdős–Rényi,Baseline,Erdős–Rényi,Erdős–Rényi,2026,2026,False,3,0.0058221969425252817,100,100,0,6.199999999999994
Variant II,Erdős–Rényi,Baseline,Erdős–Rényi,Erdős–Rényi,2026,2026,False,4,0.0053420375361658001,100,100,0,-3.2000000000000028
Variant II,Erdős–Rényi,Baseline,Erdős–Rényi,Erdős–Rényi,2026,2026,False,5,0.0058762864776993329,100,100,0,5.199999999999994
Variant II,Erdős–Rényi,LCF-original,Erdős–Rényi,Erdős–Rényi,2026,2026,True,1,0.0042137503623962402,100,100,0,19.400000000000002
Variant II,Erdős–Rényi,LCF-original,Erdős–Rényi,Erdős–Rényi,2026,2026,True,2,0.0048994749274141602,85.399999999999991,55.600000000000009,29.799999999999983,16.920795915960447
Variant II,Erdős–Rényi,LCF-original,Erdős–Rényi,Erdős–Rényi,2026,2026,True,3,0.0050673185568783641,65.200000000000003,32.600000000000001,32.600000000000001,12.269938650306756
Variant II,Erdős–Rényi,LCF-original,Erdős–Rényi,Erdős–Rényi,2026,2026,True,4,0.0048876964025782454,51.200000000000003,20.800000000000001,30.400000000000002,13.521634615384615
Variant II,Erdős–Rényi,LCF-original,Erdős–Rényi,Erdős–Rényi,2026,2026,True,5,0.0050722916717375055,40,11.799999999999999,28.200000000000003,9.6525423728813564
Variant II,Erdős–Rényi,LCF-original,Erdős–Rényi,Erdős–Rényi,2026,2026,False,1,0.0042137503623962402,100,100,0,19.400000000000002
Variant II,Erdős–Rényi,LCF-original,Erdős–Rényi,Erdős–Rényi,2026,2026,False,2,0.0048994749274141602,100,100,0,14.400000000000002
Variant II,Erdős–Rényi,LCF-original,Erdős–Rényi,Erdős–Rényi,2026,2026,False,3,0.0051291698450655065,100,100,0,11.6
Variant II,Erdős–Rényi,LCF-original,Erdős–Rényi,Erdős–Rényi,2026,2026,False,4,0.0048464902744024263,100,100,0,4.0000000000000036
Variant II,Erdős–Rényi,LCF-original,Erdős–Rényi,Erdős–Rényi,2026,2026,False,5,0.0053235015321283496,100,100,0,15.600000000000003
Variant II,Erdős–Rényi,LCF-active,Erdős–Rényi,Erdős–Rényi,2026,2026,True,1,0.0038364529609680176,100,100,0,18.800000000000001
Variant II,Erdős–Rényi,LCF-active,Erdős–Rényi,Erdős–Rényi,2026,2026,True,2,0.0043251619933558638,85.200000000000003,57.999999999999993,27.20000000000001,17.811235227456702
Variant II,Erdős–Rényi,LCF-active,Erdős–Rényi,Erdős–Rényi,2026,2026,True,3,0.0043496838036612973,66.400000000000006,34.399999999999999,32.000000000000007,14.219669375175116
Variant II,Erdős–Rényi,LCF-active,Erdős–Rényi,Erdős–Rényi,2026,2026,True,4,0.0040405762577728765,53.800000000000004,22.400000000000002,31.400000000000002,16.177642060541686
Variant II,Erdős–Rényi,LCF-active,Erdős–Rényi,Erdős–Rényi,2026,2026,True,5,0.0042132896288979982,42.399999999999999,12.6,29.799999999999997,12.713387241689123
Variant II,Erdős–Rényi,LCF-active,Erdős–Rényi,Erdős–Rényi,2026,2026,False,1,0.0038364529609680176,100,100,0,18.800000000000001
Variant II,Erdős–Rényi,LCF-active,Erdős–Rényi,Erdős–Rényi,2026,2026,False,2,0.0043251619933558638,100,100,0,15.400000000000002
Variant II,Erdős–Rényi,LCF-active,Erdős–Rényi,Erdős–Rényi,2026,2026,False,3,0.0044809776405623225,100,100,0,13.200000000000001
Variant II,Erdős–Rényi,LCF-active,Erdős–Rényi,Erdős–Rényi,2026,2026,False,4,0.0040590018848860598,100,100,0,5.9999999999999947
Variant II,Erdős–Rényi,LCF-active,Erdős–Rényi,Erdős–Rényi,2026,2026,False,5,0.0045003612828492523,100,100,0,15.800000000000002
Variant II,Erdős–Rényi,EO,Erdős–Rényi,Erdős–Rényi,2026,2026,True,1,0.0048631257334702527,100,100,0,3.0000000000000027
Variant II,Erdős–Rényi,EO,Erdős–Rényi,Erdős–Rényi,2026,2026,True,2,0.0054281326681947517,80.800000000000011,74.400000000000006,6.4000000000000057,-0.86766741190247298
Variant II,Erdős–Rényi,EO,Erdős–Rényi,Erdős–Rényi,2026,2026,True,3,0.005428919615884098,63,57.999999999999993,5.0000000000000071,4.1707717569786524
Variant II,Erdős–Rényi,EO,Erdős–Rényi,Erdős–Rényi,2026,2026,True,4,0.0051187357342166173,50.200000000000003,43.600000000000001,6.6000000000000014,-5.7147556562739847
Variant II,Erdős–Rényi,EO,Erdős–Rényi,Erdős–Rényi,2026,2026,True,5,0.0053022462897460709,37.600000000000001,34.799999999999997,2.8000000000000043,3.0569821472242631
Variant II,Erdős–Rényi,EO,Erdős–Rényi,Erdős–Rényi,2026,2026,False,1,0.0048631257334702527,100,100,0,3.0000000000000027
Variant II,Erdős–Rényi,EO,Erdős–Rényi,Erdős–Rényi,2026,2026,False,2,0.0054281326681947517,100,100,0,1.6000000000000014
Variant II,Erdős–Rényi,EO,Erdős–Rényi,Erdős–Rényi,2026,2026,False,3,0.0054738773947712316,100,100,0,0.60000000000000053
Variant II,Erdős–Rényi,EO,Erdős–Rényi,Erdős–Rényi,2026,2026,False,4,0.0050472918489642415,100,100,0,-8.4000000000000075
Variant II,Erdős–Rényi,EO,Erdős–Rényi,Erdős–Rényi,2026,2026,False,5,0.0055073614308231988,100,100,0,1.2000000000000011
Variant II,Erdős–Rényi,DP,Erdős–Rényi,Erdős–Rényi,2026,2026,True,1,0.0050256502440456652,100,100,0,5.4000000000000048
Variant II,Erdős–Rényi,DP,Erdős–Rényi,Erdős–Rényi,2026,2026,True,2,0.0056389758580069893,82.599999999999994,73.400000000000006,9.1999999999999886,-0.17153677154601032
Variant II,Erdős–Rényi,DP,Erdős–Rényi,Erdős–Rényi,2026,2026,True,3,0.005715907371111606,64.600000000000009,56.999999999999993,7.6000000000000156,5.5727554179566656
Variant II,Erdős–Rényi,DP,Erdős–Rényi,Erdős–Rényi,2026,2026,True,4,0.0054027566375389746,52,42.399999999999999,9.6000000000000014,-2.5253991291727118
Variant II,Erdős–Rényi,DP,Erdős–Rényi,Erdős–Rényi,2026,2026,True,5,0.0055766301858686251,40.400000000000006,33.600000000000001,6.8000000000000043,3.7305516265912275
Variant II,Erdős–Rényi,DP,Erdős–Rényi,Erdős–Rényi,2026,2026,False,1,0.0050256502440456652,100,100,0,5.4000000000000048
Variant II,Erdős–Rényi,DP,Erdős–Rényi,Erdős–Rényi,2026,2026,False,2,0.0056389758580069893,100,100,0,3.0000000000000027
Variant II,Erdős–Rényi,DP,Erdős–Rényi,Erdős–Rényi,2026,2026,False,3,0.0057038025479619892,100,100,0,3.2000000000000028
Variant II,Erdős–Rényi,DP,Erdős–Rényi,Erdős–Rényi,2026,2026,False,4,0.0052419024766605649,100,100,0,-5.4000000000000048
Variant II,Erdős–Rényi,DP,Erdős–Rényi,Erdős–Rényi,2026,2026,False,5,0.0057492581995841618,100,100,0,3.3999999999999919
Variant II,Erdős–Rényi,Baseline,Erdős–Rényi,Erdős–Rényi,7,7,True,1,0.005051143779120304,100,100,0,6.199999999999994
Variant II,Erdős–Rényi,Baseline,Erdős–Rényi,Erdős–Rényi,7,7,True,2,0.0047585089277216719,83.599999999999994,76.599999999999994,7,7.8029157869751504
Variant II,Erdős–Rényi,Baseline,Erdős–Rényi,Erdős–Rényi,7,7,True,3,0.0042402967264972835,66.799999999999997,54.200000000000003,12.599999999999994,6.0134343858408652
Variant II,Erdős–Rényi,Baseline,Erdős–Rényi,Erdős–Rényi,7,7,True,4,0.0046936767456210449,55.200000000000003,42,13.200000000000003,0.63146997929606208
Variant II,Erdős–Rényi,Baseline,Erdős–Rényi,Erdős–Rényi,7,7,True,5,0.0050462445203468542,45.399999999999999,34,11.399999999999999,8.5747603005960187
Variant II,Erdős–Rényi,Baseline,Erdős–Rényi,Erdős–Rényi,7,7,False,1,0.005051143779120304,100,100,0,6.199999999999994
Variant II,Erdős–Rényi,Baseline,Erdős–Rényi,Erdős–Rényi,7,7,False,2,0.0047585089277216719,100,100,0,5.9999999999999947
Variant II,Erdős–Rényi,Baseline,Erdős–Rényi,Erdős–Rényi,7,7,False,3,0.0041973056769993855,100,100,0,5.9999999999999947
Variant II,Erdős–Rényi,Baseline,Erdős–Rényi,Erdős–Rényi,7,7,False,4,0.0045281719753322847,100,100,0,4.7999999999999936
Variant II,Erdős–Rényi,Baseline,Erdős–Rényi,Erdős–Rényi,7,7,False,5,0.0045663398111286391,100,100,0,5.2000000000000046
Variant II,Erdős–Rényi,LCF-original,Erdős–Rényi,Erdős–Rényi,7,7,True,1,0.0042137503623962402,100,100,0,14.400000000000002
Variant II,Erdős–Rényi,LCF-original,Erdős–Rényi,Erdős–Rényi,7,7,True,2,0.0040242479532887065,80.200000000000003,63.200000000000003,17,14.741626945294994
Variant II,Erdős–Rényi,LCF-original,Erdős–Rényi,Erdős–Rényi,7,7,True,3,0.003717573266518559,62,38.800000000000004,23.199999999999996,13.678084469571006
Variant II,Erdős–Rényi,LCF-original,Erdős–Rényi,Erdős–Rényi,7,7,True,4,0.0038764051722005588,48.799999999999997,25,23.799999999999997,11.875409836065575
Variant II,Erdős–Rényi,LCF-original,Erdős–Rényi,Erdős–Rényi,7,7,True,5,0.0038386282321448695,39,16.400000000000002,22.599999999999998,15.265791119449663
Variant II,Erdős–Rényi,LCF-original,Erdős–Rényi,Erdős–Rényi,7,7,False,1,0.0042137503623962402,100,100,0,14.400000000000002
Variant II,Erdős–Rényi,LCF-original,Erdős–Rényi,Erdős–Rényi,7,7,False,2,0.0040242479532887065,100,100,0,13.600000000000001
Variant II,Erdős–Rényi,LCF-original,Erdős–Rényi,Erdős–Rényi,7,7,False,3,0.0037951083664086172,100,100,0,12.6
Variant II,Erdős–Rényi,LCF-original,Erdős–Rényi,Erdős–Rényi,7,7,False,4,0.0041484068936306073,100,100,0,14.600000000000001
Variant II,Erdős–Rényi,LCF-original,Erdős–Rényi,Erdős–Rényi,7,7,False,5,0.0040257085033965634,100,100,0,17
Variant II,Erdős–Rényi,LCF-active,Erdős–Rényi,Erdős–Rényi,7,7,True,1,0.0038364529609680176,100,100,0,16.000000000000004
Variant II,Erdős–Rényi,LCF-active,Erdős–Rényi,Erdős–Rényi,7,7,True,2,0.0035967068166103955,82.199999999999989,63.600000000000001,18.599999999999987,16.606987100032132
Variant II,Erdős–Rényi,LCF-active,Erdős–Rényi,Erdős–Rényi,7,7,True,3,0.0032302892943071315,64.799999999999997,38.600000000000001,26.199999999999996,12.582357832789615
Variant II,Erdős–Rényi,LCF-active,Erdős–Rényi,Erdős–Rényi,7,7,True,4,0.0034132568558506993,51.600000000000001,25.800000000000001,25.800000000000001,11.627906976744185
Variant II,Erdős–Rényi,LCF-active,Erdős–Rényi,Erdős–Rényi,7,7,True,5,0.0034639444754227533,41.799999999999997,17.199999999999999,24.599999999999998,14.938244130410599
Variant II,Erdős–Rényi,LCF-active,Erdős–Rényi,Erdős–Rényi,7,7,False,1,0.0038364529609680176,100,100,0,16.000000000000004
Variant II,Erdős–Rényi,LCF-active,Erdős–Rényi,Erdős–Rényi,7,7,False,2,0.0035967068166103955,100,100,0,14.400000000000002
Variant II,Erdős–Rényi,LCF-active,Erdős–Rényi,Erdős–Rényi,7,7,False,3,0.0032234574516289971,100,100,0,12.6
Variant II,Erdős–Rényi,LCF-active,Erdős–Rényi,Erdős–Rényi,7,7,False,4,0.0035460196899943508,100,100,0,14.800000000000002
Variant II,Erdős–Rényi,LCF-active,Erdős–Rényi,Erdős–Rényi,7,7,False,5,0.0035220707981878929,100,100,0,17
Variant II,Erdős–Rényi,EO,Erdős–Rényi,Erdős–Rényi,7,7,True,1,0.0048631257334702527,100,100,0,0.20000000000000018
Variant II,Erdős–Rényi,EO,Erdős–Rényi,Erdős–Rényi,7,7,True,2,0.0046124427981424354,78.799999999999997,79.600000000000009,0.80000000000001137,4.4448128969721612
Variant II,Erdős–Rényi,EO,Erdős–Rényi,Erdős–Rényi,7,7,True,3,0.004135410805472306,61.799999999999997,58.399999999999999,3.3999999999999986,1.2745489205124749
Variant II,Erdős–Rényi,EO,Erdős–Rényi,Erdős–Rényi,7,7,True,4,0.0044398046065741159,48.799999999999997,46.400000000000006,2.3999999999999915,-5.0946862634256629
Variant II,Erdős–Rényi,EO,Erdős–Rényi,Erdős–Rényi,7,7,True,5,0.004780831493134019,38.800000000000004,39.200000000000003,0.39999999999999858,4.760151483273722
Variant II,Erdős–Rényi,EO,Erdős–Rényi,Erdős–Rényi,7,7,False,1,0.0048631257334702527,100,100,0,0.20000000000000018
Variant II,Erdős–Rényi,EO,Erdős–Rényi,Erdős–Rényi,7,7,False,2,0.0046124427981424354,100,100,0,2.0000000000000018
Variant II,Erdős–Rényi,EO,Erdős–Rényi,Erdős–Rényi,7,7,False,3,0.0040083318477083241,100,100,0,1.4000000000000012
Variant II,Erdős–Rényi,EO,Erdős–Rényi,Erdős–Rényi,7,7,False,4,0.0042920925981112523,100,100,0,-0.80000000000000071
Variant II,Erdős–Rényi,EO,Erdős–Rényi,Erdős–Rényi,7,7,False,5,0.0043036826534836869,100,100,0,2.0000000000000018
Variant II,Erdős–Rényi,DP,Erdős–Rényi,Erdős–Rényi,7,7,True,1,0.0050256502440456652,100,100,0,2.7999999999999914
Variant II,Erdős–Rényi,DP,Erdős–Rényi,Erdős–Rényi,7,7,True,2,0.0047488741312461391,81,78,3,5.1092117758784417
Variant II,Erdős–Rényi,DP,Erdős–Rényi,Erdős–Rényi,7,7,True,3,0.0042232219216381539,63.399999999999999,56.399999999999991,7.0000000000000071,4.861623822627914
Variant II,Erdős–Rényi,DP,Erdős–Rényi,Erdős–Rényi,7,7,True,4,0.0045791337923982711,51.600000000000001,44,7.6000000000000014,-2.1035940803382669
Variant II,Erdős–Rényi,DP,Erdős–Rényi,Erdős–Rényi,7,7,True,5,0.0049063261497142019,41.799999999999997,37.399999999999999,4.3999999999999986,5.9104981705600856
Variant II,Erdős–Rényi,DP,Erdős–Rényi,Erdős–Rényi,7,7,False,1,0.0050256502440456652,100,100,0,2.7999999999999914
Variant II,Erdős–Rényi,DP,Erdős–Rényi,Erdős–Rényi,7,7,False,2,0.0047488741312461391,100,100,0,3.8000000000000034
Variant II,Erdős–Rényi,DP,Erdős–Rényi,Erdős–Rényi,7,7,False,3,0.0041573603309310592,100,100,0,3.7999999999999923
Variant II,Erdős–Rényi,DP,Erdős–Rényi,Erdős–Rényi,7,7,False,4,0.0044704999107282317,100,100,0,2.1999999999999909
Variant II,Erdős–Rényi,DP,Erdős–Rényi,Erdős–Rényi,7,7,False,5,0.0044822529699699576,100,100,0,3.400000000000003
Variant II,Erdős–Rényi,Baseline,Erdős–Rényi,Erdős–Rényi,13,13,True,1,0.005051143779120304,100,100,0,8.3999999999999968
Variant II,Erdős–Rényi,Baseline,Erdős–Rényi,Erdős–Rényi,13,13,True,2,0.0041071547180776546,85.399999999999991,77.799999999999997,7.5999999999999943,11.342961897136117
Variant II,Erdős–Rényi,Baseline,Erdős–Rényi,Erdős–Rényi,13,13,True,3,0.0043982251189395027,70,55.400000000000006,14.599999999999994,3.4100051572975798
Variant II,Erdős–Rényi,Baseline,Erdős–Rényi,Erdős–Rényi,13,13,True,4,0.0027741123405828905,54.600000000000001,39.800000000000004,14.799999999999997,8.3844129070259736
Variant II,Erdős–Rényi,Baseline,Erdős–Rényi,Erdős–Rényi,13,13,True,5,0.0030596427730398279,44.200000000000003,29.599999999999998,14.600000000000005,11.816680934327984
Variant II,Erdős–Rényi,Baseline,Erdős–Rényi,Erdős–Rényi,13,13,False,1,0.005051143779120304,100,100,0,8.3999999999999968
Variant II,Erdős–Rényi,Baseline,Erdős–Rényi,Erdős–Rényi,13,13,False,2,0.0041071547180776546,100,100,0,10.799999999999999
Variant II,Erdős–Rényi,Baseline,Erdős–Rényi,Erdős–Rényi,13,13,False,3,0.0041676835301465154,100,100,0,4.2000000000000037
Variant II,Erdős–Rényi,Baseline,Erdős–Rényi,Erdős–Rényi,13,13,False,4,0.002885972661187286,100,100,0,6.9999999999999947
Variant II,Erdős–Rényi,Baseline,Erdős–Rényi,Erdős–Rényi,13,13,False,5,0.0035731577615957244,100,100,0,10.599999999999998
Variant II,Erdős–Rényi,LCF-original,Erdős–Rényi,Erdős–Rényi,13,13,True,1,0.0042137503623962402,100,100,0,16.400000000000002
Variant II,Erdős–Rényi,LCF-original,Erdős–Rényi,Erdős–Rényi,13,13,True,2,0.0037163474435627508,82,63.600000000000001,18.399999999999999,12.162908421537043
Variant II,Erdős–Rényi,LCF-original,Erdős–Rényi,Erdős–Rényi,13,13,True,3,0.003407153205843616,62.200000000000003,39.800000000000004,22.399999999999999,8.712372150139764
Variant II,Erdős–Rényi,LCF-original,Erdős–Rényi,Erdős–Rényi,13,13,True,4,0.0023489611263302068,46.400000000000006,24.399999999999999,22.000000000000007,11.249293386093839
Variant II,Erdős–Rényi,LCF-original,Erdős–Rényi,Erdős–Rényi,13,13,True,5,0.002357956359635649,34,16.600000000000001,17.399999999999999,27.831325301204814
Variant II,Erdős–Rényi,LCF-original,Erdős–Rényi,Erdős–Rényi,13,13,False,1,0.0042137503623962402,100,100,0,16.400000000000002
Variant II,Erdős–Rényi,LCF-original,Erdős–Rényi,Erdős–Rényi,13,13,False,2,0.0037163474435627508,100,100,0,15.599999999999998
Variant II,Erdős–Rényi,LCF-original,Erdős–Rényi,Erdős–Rényi,13,13,False,3,0.0034438094228843585,100,100,0,11.799999999999994
Variant II,Erdős–Rényi,LCF-original,Erdős–Rényi,Erdős–Rényi,13,13,False,4,0.0027924786257610412,100,100,0,13.600000000000001
Variant II,Erdős–Rényi,LCF-original,Erdős–Rényi,Erdős–Rényi,13,13,False,5,0.0032289221895992481,100,100,0,19.800000000000001
Variant II,Erdős–Rényi,LCF-active,Erdős–Rényi,Erdős–Rényi,13,13,True,1,0.0038364529609680176,100,100,0,18.000000000000004
Variant II,Erdős–Rényi,LCF-active,Erdős–Rényi,Erdős–Rényi,13,13,True,2,0.0031745414339552358,82.799999999999997,63,19.799999999999997,12.822636300897173
Variant II,Erdős–Rényi,LCF-active,Erdős–Rényi,Erdős–Rényi,13,13,True,3,0.0031232733254944467,65.400000000000006,41,24.400000000000006,8.4716938912508422
Variant II,Erdős–Rényi,LCF-active,Erdős–Rényi,Erdős–Rényi,13,13,True,4,0.0019350938737784373,49.200000000000003,26.600000000000001,22.600000000000001,13.973959288465066
Variant II,Erdős–Rényi,LCF-active,Erdős–Rényi,Erdős–Rényi,13,13,True,5,0.0021168796621185981,37.200000000000003,17.399999999999999,19.800000000000004,23.989618094178724
Variant II,Erdős–Rényi,LCF-active,Erdős–Rényi,Erdős–Rényi,13,13,False,1,0.0038364529609680176,100,100,0,18.000000000000004
Variant II,Erdős–Rényi,LCF-active,Erdős–Rényi,Erdős–Rényi,13,13,False,2,0.0031745414339552358,100,100,0,15.200000000000003
Variant II,Erdős–Rényi,LCF-active,Erdős–Rényi,Erdős–Rényi,13,13,False,3,0.0031747220941205079,100,100,0,10.999999999999998
Variant II,Erdős–Rényi,LCF-active,Erdős–Rényi,Erdős–Rényi,13,13,False,4,0.0023231566939964088,100,100,0,14.400000000000002
Variant II,Erdős–Rényi,LCF-active,Erdős–Rényi,Erdős–Rényi,13,13,False,5,0.002860839106171853,100,100,0,20.200000000000006
Variant II,Erdős–Rényi,EO,Erdős–Rényi,Erdős–Rényi,13,13,True,1,0.0048631257334702527,100,100,0,1.8000000000000016
Variant II,Erdős–Rényi,EO,Erdős–Rényi,Erdős–Rényi,13,13,True,2,0.0039369434818199434,81,80.200000000000003,0.79999999999999716,4.5743665527539168
Variant II,Erdős–Rényi,EO,Erdős–Rényi,Erdős–Rényi,13,13,True,3,0.0042018762556330636,63.800000000000004,60,3.8000000000000043,-2.5381400208986493
Variant II,Erdős–Rényi,EO,Erdős–Rényi,Erdős–Rényi,13,13,True,4,0.0026524667922448453,48,45.200000000000003,2.7999999999999972,-0.56415929203540438
Variant II,Erdős–Rényi,EO,Erdős–Rényi,Erdős–Rényi,13,13,True,5,0.0028564712279671722,37,36.399999999999999,0.60000000000000142,8.1912681912681862
Variant II,Erdős–Rényi,EO,Erdős–Rényi,Erdős–Rényi,13,13,False,1,0.0048631257334702527,100,100,0,1.8000000000000016
Variant II,Erdős–Rényi,EO,Erdős–Rényi,Erdős–Rényi,13,13,False,2,0.0039369434818199434,100,100,0,4.8000000000000043
Variant II,Erdős–Rényi,EO,Erdős–Rényi,Erdős–Rényi,13,13,False,3,0.0040079047182789429,100,100,0,-0.60000000000000053
Variant II,Erdős–Rényi,EO,Erdős–Rényi,Erdős–Rényi,13,13,False,4,0.0027696389493908624,100,100,0,0.80000000000000071
Variant II,Erdős–Rényi,EO,Erdős–Rényi,Erdős–Rényi,13,13,False,5,0.0033834361001416902,100,100,0,5.3999999999999932
Variant II,Erdős–Rényi,DP,Erdős–Rényi,Erdős–Rényi,13,13,True,1,0.0050256502440456652,100,100,0,4.5999999999999925
Variant II,Erdős–Rényi,DP,Erdős–Rényi,Erdős–Rényi,13,13,True,2,0.0040658660324252027,83.599999999999994,79.600000000000009,3.9999999999999858,7.1145199682623677
Variant II,Erdős–Rényi,DP,Erdős–Rényi,Erdős–Rényi,13,13,True,3,0.0044111045743321364,67.200000000000003,58.399999999999999,8.8000000000000043,-0.81131767775602937
Variant II,Erdős–Rényi,DP,Erdős–Rényi,Erdős–Rényi,13,13,True,4,0.0028624516608953821,50.799999999999997,43.600000000000001,7.1999999999999957,4.941125478581232
Variant II,Erdős–Rényi,DP,Erdős–Rényi,Erdős–Rényi,13,13,True,5,0.0031303493326334531,40.400000000000006,33.600000000000001,6.8000000000000043,9.2821782178217802
Variant II,Erdős–Rényi,DP,Erdős–Rényi,Erdős–Rényi,13,13,False,1,0.0050256502440456652,100,100,0,4.5999999999999925
Variant II,Erdős–Rényi,DP,Erdős–Rényi,Erdős–Rényi,13,13,False,2,0.0040658660324252027,100,100,0,6.9999999999999947
Variant II,Erdős–Rényi,DP,Erdős–Rényi,Erdős–Rényi,13,13,False,3,0.0041476221742927644,100,100,0,1.0000000000000009
Variant II,Erdős–Rényi,DP,Erdős–Rényi,Erdős–Rényi,13,13,False,4,0.002861416815517992,100,100,0,3.400000000000003
Variant II,Erdős–Rényi,DP,Erdős–Rényi,Erdős–Rényi,13,13,False,5,0.0035211161239325772,100,100,0,7.1999999999999957
Variant II,Erdős–Rényi,Baseline,Erdős–Rényi,Erdős–Rényi,42,42,True,1,0.005051143779120304,100,100,0,4.4000000000000039
Variant II,Erdős–Rényi,Baseline,Erdős–Rényi,Erdős–Rényi,42,42,True,2,0.0051894256302675856,78.799999999999997,75.200000000000003,3.5999999999999943,3.3318932930122114
Variant II,Erdős–Rényi,Baseline,Erdős–Rényi,Erdős–Rényi,42,42,True,3,0.0052502152081264075,63.800000000000004,58.399999999999999,5.4000000000000057,10.311547215184437
Variant II,Erdős–Rényi,Baseline,Erdős–Rényi,Erdős–Rényi,42,42,True,4,0.0036793166584901948,55.000000000000007,43.200000000000003,11.800000000000004,10.723905723905725
Variant II,Erdős–Rényi,Baseline,Erdős–Rényi,Erdős–Rényi,42,42,True,5,0.0040385097175397178,47.599999999999994,30.599999999999998,16.999999999999996,2.5210084033613467
Variant II,Erdős–Rényi,Baseline,Erdős–Rényi,Erdős–Rényi,42,42,False,1,0.005051143779120304,100,100,0,4.4000000000000039
Variant II,Erdős–Rényi,Baseline,Erdős–Rényi,Erdős–Rényi,42,42,False,2,0.0051894256302675856,100,100,0,2.399999999999991
Variant II,Erdős–Rényi,Baseline,Erdős–Rényi,Erdős–Rényi,42,42,False,3,0.0051028892684408245,100,100,0,9.5999999999999979
Variant II,Erdős–Rényi,Baseline,Erdős–Rényi,Erdős–Rényi,42,42,False,4,0.0035529203748350113,100,100,0,7.9999999999999964
Variant II,Erdős–Rényi,Baseline,Erdős–Rényi,Erdős–Rényi,42,42,False,5,0.0041036440755490844,100,100,0,0.60000000000000053
Variant II,Erdős–Rényi,LCF-original,Erdős–Rényi,Erdős–Rényi,42,42,True,1,0.0042137503623962402,100,100,0,9.7999999999999972
Variant II,Erdős–Rényi,LCF-original,Erdős–Rényi,Erdős–Rényi,42,42,True,2,0.0044891814752355819,74.200000000000003,62,12.200000000000003,14.363098860968609
Variant II,Erdős–Rényi,LCF-original,Erdős–Rényi,Erdős–Rényi,42,42,True,3,0.0045066166320555379,57.599999999999994,36.600000000000001,20.999999999999993,16.245446265938067
Variant II,Erdős–Rényi,LCF-original,Erdős–Rényi,Erdős–Rényi,42,42,True,4,0.0039408944496464038,47,23.200000000000003,23.799999999999997,17.278063096111524
Variant II,Erdős–Rényi,LCF-original,Erdős–Rényi,Erdős–Rényi,42,42,True,5,0.0040089858196097339,38.200000000000003,14.6,23.600000000000001,8.7570824069425512
Variant II,Erdős–Rényi,LCF-original,Erdős–Rényi,Erdős–Rényi,42,42,False,1,0.0042137503623962402,100,100,0,9.7999999999999972
Variant II,Erdős–Rényi,LCF-original,Erdős–Rényi,Erdős–Rényi,42,42,False,2,0.0044891814752355819,100,100,0,13
Variant II,Erdős–Rényi,LCF-original,Erdős–Rényi,Erdős–Rényi,42,42,False,3,0.0044317553347705818,100,100,0,16.000000000000004
Variant II,Erdős–Rényi,LCF-original,Erdős–Rényi,Erdős–Rényi,42,42,False,4,0.0037304262345462247,100,100,0,13.4
Variant II,Erdős–Rényi,LCF-original,Erdős–Rényi,Erdős–Rényi,42,42,False,5,0.0039544733936989207,100,100,0,10.399999999999999
Variant II,Erdős–Rényi,LCF-active,Erdős–Rényi,Erdős–Rényi,42,42,True,1,0.0038364529609680176,100,100,0,11.399999999999999
Variant II,Erdős–Rényi,LCF-active,Erdős–Rényi,Erdős–Rényi,42,42,True,2,0.0040132572549538281,76.400000000000006,63.399999999999999,13.000000000000007,13.978396947825654
Variant II,Erdős–Rényi,LCF-active,Erdős–Rényi,Erdős–Rényi,42,42,True,3,0.0040665880276291588,59.199999999999996,38.200000000000003,20.999999999999993,13.82658836847318
Variant II,Erdős–Rényi,LCF-active,Erdős–Rényi,Erdős–Rényi,42,42,True,4,0.0031109110778566595,48.600000000000001,25.800000000000001,22.800000000000001,18.96832232749545
Variant II,Erdős–Rényi,LCF-active,Erdős–Rényi,Erdős–Rényi,42,42,True,5,0.0032783577676355202,39.600000000000001,15.4,24.200000000000003,14.213564213564222
Variant II,Erdős–Rényi,LCF-active,Erdős–Rényi,Erdős–Rényi,42,42,False,1,0.0038364529609680176,100,100,0,11.399999999999999
Variant II,Erdős–Rényi,LCF-active,Erdős–Rényi,Erdős–Rényi,42,42,False,2,0.0040132572549538281,100,100,0,12.4
Variant II,Erdős–Rényi,LCF-active,Erdős–Rényi,Erdős–Rényi,42,42,False,3,0.0040364710288026684,100,100,0,16.799999999999994
Variant II,Erdős–Rényi,LCF-active,Erdős–Rényi,Erdős–Rényi,42,42,False,4,0.0030372576698112219,100,100,0,14.800000000000002
Variant II,Erdős–Rényi,LCF-active,Erdős–Rényi,Erdős–Rényi,42,42,False,5,0.0033727360202411294,100,100,0,11.399999999999999
Variant II,Erdős–Rényi,EO,Erdős–Rényi,Erdős–Rényi,42,42,True,1,0.0048631257334702527,100,100,0,-1.8000000000000016
Variant II,Erdős–Rényi,EO,Erdős–Rényi,Erdős–Rényi,42,42,True,2,0.0049737441022044138,74.400000000000006,77.799999999999997,3.3999999999999915,-2.7773170799126556
Variant II,Erdős–Rényi,EO,Erdős–Rényi,Erdős–Rényi,42,42,True,3,0.0050253643563166195,56.599999999999994,62.799999999999997,6.2000000000000028,4.2897976637933048
Variant II,Erdős–Rényi,EO,Erdős–Rényi,Erdős–Rényi,42,42,True,4,0.0035286761027418789,46.600000000000001,48.199999999999996,1.5999999999999943,5.1555571385322292
Variant II,Erdős–Rényi,EO,Erdős–Rényi,Erdős–Rényi,42,42,True,5,0.0038047736913489061,38.600000000000001,36.399999999999999,2.2000000000000028,-0.71172350965096332
Variant II,Erdős–Rényi,EO,Erdős–Rényi,Erdős–Rényi,42,42,False,1,0.0048631257334702527,100,100,0,-1.8000000000000016
Variant II,Erdős–Rényi,EO,Erdős–Rényi,Erdős–Rényi,42,42,False,2,0.0049737441022044138,100,100,0,-3.7999999999999923
Variant II,Erdős–Rényi,EO,Erdős–Rényi,Erdős–Rényi,42,42,False,3,0.004855591319154251,100,100,0,3.9999999999999925
Variant II,Erdős–Rényi,EO,Erdős–Rényi,Erdős–Rényi,42,42,False,4,0.0033782404818595291,100,100,0,3.0000000000000027
Variant II,Erdős–Rényi,EO,Erdős–Rényi,Erdős–Rényi,42,42,False,5,0.0038947169870406917,100,100,0,-3.0000000000000027
Variant II,Erdős–Rényi,DP,Erdős–Rényi,Erdős–Rényi,42,42,True,1,0.0050256502440456652,100,100,0,0.60000000000000053
Variant II,Erdős–Rényi,DP,Erdős–Rényi,Erdős–Rényi,42,42,True,2,0.0051651624557044196,76.599999999999994,77.600000000000009,1.0000000000000142,-1.9871605071196008
Variant II,Erdős–Rényi,DP,Erdős–Rényi,Erdős–Rényi,42,42,True,3,0.0052326779283736746,58.799999999999997,61.399999999999999,2.6000000000000014,6.2531853132132387
Variant II,Erdős–Rényi,DP,Erdős–Rényi,Erdős–Rényi,42,42,True,4,0.0036031494882152737,49.200000000000003,46.400000000000006,2.7999999999999972,6.6302214746285397
Variant II,Erdős–Rényi,DP,Erdős–Rényi,Erdős–Rényi,42,42,True,5,0.0038611620640248701,41.600000000000001,34.399999999999999,7.2000000000000028,0.44722719141324641
Variant II,Erdős–Rényi,DP,Erdős–Rényi,Erdős–Rényi,42,42,False,1,0.0050256502440456652,100,100,0,0.60000000000000053
Variant II,Erdős–Rényi,DP,Erdős–Rényi,Erdős–Rényi,42,42,False,2,0.0051651624557044196,100,100,0,-1.6000000000000014
Variant II,Erdős–Rényi,DP,Erdős–Rényi,Erdős–Rényi,42,42,False,3,0.0050587172621699983,100,100,0,6.5999999999999943
Variant II,Erdős–Rényi,DP,Erdős–Rényi,Erdős–Rényi,42,42,False,4,0.0035132798396853016,100,100,0,5.4000000000000048
Variant II,Erdős–Rényi,DP,Erdős–Rényi,Erdős–Rényi,42,42,False,5,0.0040627747082367938,100,100,0,-2.0000000000000018
Variant II,Erdős–Rényi,Baseline,Erdős–Rényi,Erdős–Rényi,99,99,True,1,0.005051143779120304,100,100,0,0.80000000000000071
Variant II,Erdős–Rényi,Baseline,Erdős–Rényi,Erdős–Rényi,99,99,True,2,0.0052387034945095001,81.599999999999994,77.799999999999997,3.7999999999999972,4.1030293865618184
Variant II,Erdős–Rényi,Baseline,Erdős–Rényi,Erdős–Rényi,99,99,True,3,0.0058506688497900194,65.400000000000006,58.199999999999996,7.2000000000000099,9.7039629244301544
Variant II,Erdős–Rényi,Baseline,Erdős–Rényi,Erdős–Rényi,99,99,True,4,0.0059828805448627342,53.400000000000006,43.600000000000001,9.8000000000000043,7.7363158437274588
Variant II,Erdős–Rényi,Baseline,Erdős–Rényi,Erdős–Rényi,99,99,True,5,0.0059738444154381343,44.600000000000001,33.200000000000003,11.399999999999999,14.058025825274189
Variant II,Erdős–Rényi,Baseline,Erdős–Rényi,Erdős–Rényi,99,99,False,1,0.005051143779120304,100,100,0,0.80000000000000071
Variant II,Erdős–Rényi,Baseline,Erdős–Rényi,Erdős–Rényi,99,99,False,2,0.0052387034945095001,100,100,0,3.7999999999999923
Variant II,Erdős–Rényi,Baseline,Erdős–Rényi,Erdős–Rényi,99,99,False,3,0.005426849170007908,100,100,0,10.799999999999999
Variant II,Erdős–Rényi,Baseline,Erdős–Rényi,Erdős–Rényi,99,99,False,4,0.0055436720211725632,100,100,0,4.4000000000000039
Variant II,Erdős–Rényi,Baseline,Erdős–Rényi,Erdős–Rényi,99,99,False,5,0.0056668224172926607,100,100,0,5.7999999999999936
Variant II,Erdős–Rényi,LCF-original,Erdős–Rényi,Erdős–Rényi,99,99,True,1,0.0042137503623962402,100,100,0,10.999999999999998
Variant II,Erdős–Rényi,LCF-original,Erdős–Rényi,Erdős–Rényi,99,99,True,2,0.0046247522926083917,78.799999999999997,62.200000000000003,16.599999999999994,14.018966164493118
Variant II,Erdős–Rényi,LCF-original,Erdős–Rényi,Erdős–Rényi,99,99,True,3,0.0048744296815691479,59.199999999999996,36.399999999999999,22.799999999999997,26.191713691713687
Variant II,Erdős–Rényi,LCF-original,Erdős–Rényi,Erdős–Rényi,99,99,True,4,0.0051407078072736034,49,21.399999999999999,27.600000000000001,12.798016402822821
Variant II,Erdős–Rényi,LCF-original,Erdős–Rényi,Erdős–Rényi,99,99,True,5,0.0052799636617456569,38.800000000000004,14.000000000000002,24.800000000000004,23.917525773195869
Variant II,Erdős–Rényi,LCF-original,Erdős–Rényi,Erdős–Rényi,99,99,False,1,0.0042137503623962402,100,100,0,10.999999999999998
Variant II,Erdős–Rényi,LCF-original,Erdős–Rényi,Erdős–Rényi,99,99,False,2,0.0046247522926083917,100,100,0,14.200000000000001
Variant II,Erdős–Rényi,LCF-original,Erdős–Rényi,Erdős–Rényi,99,99,False,3,0.0046487184731386355,100,100,0,21.200000000000003
Variant II,Erdős–Rényi,LCF-original,Erdős–Rényi,Erdős–Rényi,99,99,False,4,0.0049272558511309628,100,100,0,14.000000000000002
Variant II,Erdős–Rényi,LCF-original,Erdős–Rényi,Erdős–Rényi,99,99,False,5,0.0052071519630997321,100,100,0,13.800000000000001
Variant II,Erdős–Rényi,LCF-active,Erdős–Rényi,Erdős–Rényi,99,99,True,1,0.0038364529609680176,100,100,0,10.999999999999998
Variant II,Erdős–Rényi,LCF-active,Erdős–Rényi,Erdős–Rényi,99,99,True,2,0.0040244097242085886,79.400000000000006,62.399999999999999,17.000000000000007,14.483627204030224
Variant II,Erdős–Rényi,LCF-active,Erdős–Rényi,Erdős–Rényi,99,99,True,3,0.0043134726718275784,61.199999999999996,37.799999999999997,23.399999999999999,25.770308123249304
Variant II,Erdős–Rényi,LCF-active,Erdős–Rényi,Erdős–Rényi,99,99,True,4,0.0044322068204926124,51.399999999999999,23.599999999999998,27.800000000000001,12.715161907274286
Variant II,Erdős–Rényi,LCF-active,Erdős–Rényi,Erdős–Rényi,99,99,True,5,0.0044690310918844567,41.199999999999996,15.6,25.599999999999994,26.450087129698787
Variant II,Erdős–Rényi,LCF-active,Erdős–Rényi,Erdős–Rényi,99,99,False,1,0.0038364529609680176,100,100,0,10.999999999999998
Variant II,Erdős–Rényi,LCF-active,Erdős–Rényi,Erdős–Rényi,99,99,False,2,0.0040244097242085886,100,100,0,13.800000000000001
Variant II,Erdős–Rényi,LCF-active,Erdős–Rényi,Erdős–Rényi,99,99,False,3,0.0041308726722677491,100,100,0,23.600000000000005
Variant II,Erdős–Rényi,LCF-active,Erdős–Rényi,Erdős–Rényi,99,99,False,4,0.0042775068252489667,100,100,0,14.800000000000002
Variant II,Erdős–Rényi,LCF-active,Erdős–Rényi,Erdős–Rényi,99,99,False,5,0.0044952984590886924,100,100,0,15.400000000000002
Variant II,Erdős–Rényi,EO,Erdős–Rényi,Erdős–Rényi,99,99,True,1,0.0048631257334702527,100,100,0,-6.399999999999995
Variant II,Erdős–Rényi,EO,Erdős–Rényi,Erdős–Rényi,99,99,True,2,0.0049723700517935177,75.799999999999997,81.200000000000003,5.4000000000000057,0.18196706396143014
Variant II,Erdős–Rényi,EO,Erdős–Rényi,Erdős–Rényi,99,99,True,3,0.0054397610465097834,57.799999999999997,61.799999999999997,4,6.0973561326300825
Variant II,Erdős–Rényi,EO,Erdős–Rényi,Erdős–Rényi,99,99,True,4,0.0054055674018621547,46.400000000000006,48,1.5999999999999943,1.7528735632183934
Variant II,Erdős–Rényi,EO,Erdős–Rényi,Erdős–Rényi,99,99,True,5,0.0053721981697013588,37.399999999999999,36.399999999999999,1,7.9949462302403411
Variant II,Erdős–Rényi,EO,Erdős–Rényi,Erdős–Rényi,99,99,False,1,0.0048631257334702527,100,100,0,-6.399999999999995
Variant II,Erdős–Rényi,EO,Erdős–Rényi,Erdős–Rényi,99,99,False,2,0.0049723700517935177,100,100,0,-0.20000000000000018
Variant II,Erdős–Rényi,EO,Erdős–Rényi,Erdős–Rényi,99,99,False,3,0.0051660990250895766,100,100,0,7.399999999999995
Variant II,Erdős–Rényi,EO,Erdős–Rényi,Erdős–Rényi,99,99,False,4,0.0052079772647267708,100,100,0,0.20000000000000018
Variant II,Erdős–Rényi,EO,Erdős–Rényi,Erdős–Rényi,99,99,False,5,0.0052857508115325968,100,100,0,0.40000000000000036
Variant II,Erdős–Rényi,DP,Erdős–Rényi,Erdős–Rényi,99,99,True,1,0.0050256502440456652,100,100,0,-2.9999999999999916
Variant II,Erdős–Rényi,DP,Erdős–Rényi,Erdős–Rényi,99,99,True,2,0.0051728276081205449,78,79.600000000000009,1.6000000000000085,2.1092642700682895
Variant II,Erdős–Rényi,DP,Erdős–Rényi,Erdős–Rényi,99,99,True,3,0.0057258430584682385,61.199999999999996,60.600000000000001,0.59999999999999432,7.2316055134925232
Variant II,Erdős–Rényi,DP,Erdős–Rényi,Erdős–Rényi,99,99,True,4,0.00574320982246046,49.399999999999999,46.400000000000006,2.9999999999999929,6.7831215970961871
Variant II,Erdős–Rényi,DP,Erdős–Rényi,Erdős–Rényi,99,99,True,5,0.0056782413822197286,40.600000000000001,34.599999999999994,6.0000000000000071,9.9205558244824807
Variant II,Erdős–Rényi,DP,Erdős–Rényi,Erdős–Rényi,99,99,False,1,0.0050256502440456652,100,100,0,-2.9999999999999916
Variant II,Erdős–Rényi,DP,Erdős–Rényi,Erdős–Rényi,99,99,False,2,0.0051728276081205449,100,100,0,2.6000000000000023
Variant II,Erdős–Rényi,DP,Erdős–Rényi,Erdős–Rényi,99,99,False,3,0.0053789459552511243,100,100,0,9.3999999999999968
Variant II,Erdős–Rényi,DP,Erdős–Rényi,Erdős–Rényi,99,99,False,4,0.0054542538955648645,100,100,0,2.8000000000000025
Variant II,Erdős–Rényi,DP,Erdős–Rényi,Erdős–Rényi,99,99,False,5,0.0055552807975359775,100,100,0,2.4000000000000021
Variant II,Watts–Strogatz,Baseline,Watts–Strogatz,Watts–Strogatz,2026,2026,True,1,0.0046962995796467899,100,100,0,7.7999999999999954
Variant II,Watts–Strogatz,Baseline,Watts–Strogatz,Watts–Strogatz,2026,2026,True,2,0.0053910341761925773,87,75,12,5.7655172413793139
Variant II,Watts–Strogatz,Baseline,Watts–Strogatz,Watts–Strogatz,2026,2026,True,3,0.0057501872906491336,68.200000000000003,56.000000000000007,12.199999999999996,7.3963133640553069
Variant II,Watts–Strogatz,Baseline,Watts–Strogatz,Watts–Strogatz,2026,2026,True,4,0.0056932901779458422,56.799999999999997,42.600000000000001,14.199999999999996,-2.5821596244131495
Variant II,Watts–Strogatz,Baseline,Watts–Strogatz,Watts–Strogatz,2026,2026,True,5,0.0060176606775834696,43.200000000000003,33.600000000000001,9.6000000000000014,7.2089947089947088
Variant II,Watts–Strogatz,Baseline,Watts–Strogatz,Watts–Strogatz,2026,2026,False,1,0.0046962995796467899,100,100,0,7.7999999999999954
Variant II,Watts–Strogatz,Baseline,Watts–Strogatz,Watts–Strogatz,2026,2026,False,2,0.0053910341761925773,100,100,0,5.5999999999999943
Variant II,Watts–Strogatz,Baseline,Watts–Strogatz,Watts–Strogatz,2026,2026,False,3,0.0055313310175146846,100,100,0,6.199999999999994
Variant II,Watts–Strogatz,Baseline,Watts–Strogatz,Watts–Strogatz,2026,2026,False,4,0.0050972994015305861,100,100,0,-3.0000000000000027
Variant II,Watts–Strogatz,Baseline,Watts–Strogatz,Watts–Strogatz,2026,2026,False,5,0.0056224477218727031,100,100,0,5.3999999999999932
Variant II,Watts–Strogatz,LCF-original,Watts–Strogatz,Watts–Strogatz,2026,2026,True,1,0.0043035149574279785,100,100,0,19.400000000000002
Variant II,Watts–Strogatz,LCF-original,Watts–Strogatz,Watts–Strogatz,2026,2026,True,2,0.0050118438636931328,83.200000000000003,56.599999999999994,26.600000000000009,17.186225876596907
Variant II,Watts–Strogatz,LCF-original,Watts–Strogatz,Watts–Strogatz,2026,2026,True,3,0.005287464642676265,65.400000000000006,34.799999999999997,30.600000000000009,12.764947801328697
Variant II,Watts–Strogatz,LCF-original,Watts–Strogatz,Watts–Strogatz,2026,2026,True,4,0.0051902179566014617,50.799999999999997,23.400000000000002,27.399999999999995,11.989366713776167
Variant II,Watts–Strogatz,LCF-original,Watts–Strogatz,Watts–Strogatz,2026,2026,True,5,0.0054421056915052723,41.399999999999999,14.000000000000002,27.399999999999999,18.516218081435476
Variant II,Watts–Strogatz,LCF-original,Watts–Strogatz,Watts–Strogatz,2026,2026,False,1,0.0043035149574279785,100,100,0,19.400000000000002
Variant II,Watts–Strogatz,LCF-original,Watts–Strogatz,Watts–Strogatz,2026,2026,False,2,0.0050118438636931328,100,100,0,14.200000000000001
Variant II,Watts–Strogatz,LCF-original,Watts–Strogatz,Watts–Strogatz,2026,2026,False,3,0.0052512358121528102,100,100,0,11.6
Variant II,Watts–Strogatz,LCF-original,Watts–Strogatz,Watts–Strogatz,2026,2026,False,4,0.0049613488353636992,100,100,0,4.0000000000000036
Variant II,Watts–Strogatz,LCF-original,Watts–Strogatz,Watts–Strogatz,2026,2026,False,5,0.0054508791202825257,100,100,0,15.800000000000002
Variant II,Watts–Strogatz,LCF-active,Watts–Strogatz,Watts–Strogatz,2026,2026,True,1,0.0043529868125915527,100,100,0,18.800000000000001
Variant II,Watts–Strogatz,LCF-active,Watts–Strogatz,Watts–Strogatz,2026,2026,True,2,0.005041257279619682,84.399999999999991,59.199999999999996,25.199999999999996,18.851671576790064
Variant II,Watts–Strogatz,LCF-active,Watts–Strogatz,Watts–Strogatz,2026,2026,True,3,0.0052456690594238076,67,36.799999999999997,30.200000000000003,15.618105126541204
Variant II,Watts–Strogatz,LCF-active,Watts–Strogatz,Watts–Strogatz,2026,2026,True,4,0.0051170690243550476,53.800000000000004,24.199999999999999,29.600000000000005,10.679283541737078
Variant II,Watts–Strogatz,LCF-active,Watts–Strogatz,Watts–Strogatz,2026,2026,True,5,0.0054254096144517039,42.199999999999996,15.199999999999999,26.999999999999996,18.876278373659272
Variant II,Watts–Strogatz,LCF-active,Watts–Strogatz,Watts–Strogatz,2026,2026,False,1,0.0043529868125915527,100,100,0,18.800000000000001
Variant II,Watts–Strogatz,LCF-active,Watts–Strogatz,Watts–Strogatz,2026,2026,False,2,0.005041257279619682,100,100,0,15.800000000000002
Variant II,Watts–Strogatz,LCF-active,Watts–Strogatz,Watts–Strogatz,2026,2026,False,3,0.0052808535828976488,100,100,0,13
Variant II,Watts–Strogatz,LCF-active,Watts–Strogatz,Watts–Strogatz,2026,2026,False,4,0.0049345437472583242,100,100,0,5.9999999999999947
Variant II,Watts–Strogatz,LCF-active,Watts–Strogatz,Watts–Strogatz,2026,2026,False,5,0.0054486661176100792,100,100,0,16.000000000000004
Variant II,Watts–Strogatz,EO,Watts–Strogatz,Watts–Strogatz,2026,2026,True,1,0.0045472077456842896,100,100,0,2.8000000000000025
Variant II,Watts–Strogatz,EO,Watts–Strogatz,Watts–Strogatz,2026,2026,True,2,0.0051478725263723879,83.399999999999991,77.400000000000006,5.9999999999999858,2.2698120573308778
Variant II,Watts–Strogatz,EO,Watts–Strogatz,Watts–Strogatz,2026,2026,True,3,0.0053243440573471634,64.600000000000009,59.599999999999994,5.0000000000000142,2.7531323373574113
Variant II,Watts–Strogatz,EO,Watts–Strogatz,Watts–Strogatz,2026,2026,True,4,0.0051184743698448054,51.800000000000004,46.400000000000006,5.3999999999999986,-9.2364532019704519
Variant II,Watts–Strogatz,EO,Watts–Strogatz,Watts–Strogatz,2026,2026,True,5,0.005358260361155387,38.399999999999999,37.200000000000003,1.1999999999999957,4.2674731182795744
Variant II,Watts–Strogatz,EO,Watts–Strogatz,Watts–Strogatz,2026,2026,False,1,0.0045472077456842896,100,100,0,2.8000000000000025
Variant II,Watts–Strogatz,EO,Watts–Strogatz,Watts–Strogatz,2026,2026,False,2,0.0051478725263723879,100,100,0,1.6000000000000014
Variant II,Watts–Strogatz,EO,Watts–Strogatz,Watts–Strogatz,2026,2026,False,3,0.0052322420539200332,100,100,0,0.80000000000000071
Variant II,Watts–Strogatz,EO,Watts–Strogatz,Watts–Strogatz,2026,2026,False,4,0.0048465855548152081,100,100,0,-8.0000000000000071
Variant II,Watts–Strogatz,EO,Watts–Strogatz,Watts–Strogatz,2026,2026,False,5,0.0052987509937091337,100,100,0,1.2000000000000011
Variant II,Watts–Strogatz,DP,Watts–Strogatz,Watts–Strogatz,2026,2026,True,1,0.0046721666050401067,100,100,0,5.600000000000005
Variant II,Watts–Strogatz,DP,Watts–Strogatz,Watts–Strogatz,2026,2026,True,2,0.0053163982712985947,85.399999999999991,75.799999999999997,9.5999999999999943,3.1266799725643057
Variant II,Watts–Strogatz,DP,Watts–Strogatz,Watts–Strogatz,2026,2026,True,3,0.0055190106831435326,65.600000000000009,57.599999999999994,8.0000000000000142,4.928861788617878
Variant II,Watts–Strogatz,DP,Watts–Strogatz,Watts–Strogatz,2026,2026,True,4,0.0054094218914748637,53.600000000000001,44.399999999999999,9.2000000000000028,-5.9096409842678499
Variant II,Watts–Strogatz,DP,Watts–Strogatz,Watts–Strogatz,2026,2026,True,5,0.0056532332733435497,40,35.399999999999999,4.6000000000000014,5.6581920903954757
Variant II,Watts–Strogatz,DP,Watts–Strogatz,Watts–Strogatz,2026,2026,False,1,0.0046721666050401067,100,100,0,5.600000000000005
Variant II,Watts–Strogatz,DP,Watts–Strogatz,Watts–Strogatz,2026,2026,False,2,0.0053163982712985947,100,100,0,3.2000000000000028
Variant II,Watts–Strogatz,DP,Watts–Strogatz,Watts–Strogatz,2026,2026,False,3,0.0054187180638196608,100,100,0,3.5999999999999921
Variant II,Watts–Strogatz,DP,Watts–Strogatz,Watts–Strogatz,2026,2026,False,4,0.0050008059716499798,100,100,0,-5.600000000000005
Variant II,Watts–Strogatz,DP,Watts–Strogatz,Watts–Strogatz,2026,2026,False,5,0.0054861124861850241,100,100,0,3.5999999999999921
Variant II,Watts–Strogatz,Baseline,Watts–Strogatz,Watts–Strogatz,7,7,True,1,0.0046962995796467899,100,100,0,6.399999999999995
Variant II,Watts–Strogatz,Baseline,Watts–Strogatz,Watts–Strogatz,7,7,True,2,0.0044384118329702238,85.599999999999994,77.400000000000006,8.1999999999999886,7.8938153541500693
Variant II,Watts–Strogatz,Baseline,Watts–Strogatz,Watts–Strogatz,7,7,True,3,0.0039610712974218476,69,58.399999999999999,10.600000000000001,4.4709152273178514
Variant II,Watts–Strogatz,Baseline,Watts–Strogatz,Watts–Strogatz,7,7,True,4,0.0043381972487472886,56.999999999999993,45.200000000000003,11.79999999999999,3.7121564974382792
Variant II,Watts–Strogatz,Baseline,Watts–Strogatz,Watts–Strogatz,7,7,True,5,0.0045476050722318417,47,36.600000000000001,10.399999999999999,12.347401464945939
Variant II,Watts–Strogatz,Baseline,Watts–Strogatz,Watts–Strogatz,7,7,False,1,0.0046962995796467899,100,100,0,6.399999999999995
Variant II,Watts–Strogatz,Baseline,Watts–Strogatz,Watts–Strogatz,7,7,False,2,0.0044384118329702238,100,100,0,5.9999999999999947
Variant II,Watts–Strogatz,Baseline,Watts–Strogatz,Watts–Strogatz,7,7,False,3,0.0039739445975560672,100,100,0,5.9999999999999947
Variant II,Watts–Strogatz,Baseline,Watts–Strogatz,Watts–Strogatz,7,7,False,4,0.0042946079013116423,100,100,0,5.199999999999994
Variant II,Watts–Strogatz,Baseline,Watts–Strogatz,Watts–Strogatz,7,7,False,5,0.0042764861043569358,100,100,0,5.2000000000000046
Variant II,Watts–Strogatz,LCF-original,Watts–Strogatz,Watts–Strogatz,7,7,True,1,0.0043035149574279785,100,100,0,14.600000000000001
Variant II,Watts–Strogatz,LCF-original,Watts–Strogatz,Watts–Strogatz,7,7,True,2,0.0041113421751938217,83.799999999999997,62.799999999999997,21,13.485246948299711
Variant II,Watts–Strogatz,LCF-original,Watts–Strogatz,Watts–Strogatz,7,7,True,3,0.0037822361628884194,65,39.200000000000003,25.799999999999997,12.574568288854005
Variant II,Watts–Strogatz,LCF-original,Watts–Strogatz,Watts–Strogatz,7,7,True,4,0.0039054989820322961,51,25.800000000000001,25.199999999999999,11.171910624714998
Variant II,Watts–Strogatz,LCF-original,Watts–Strogatz,Watts–Strogatz,7,7,True,5,0.0039535980655061032,40.400000000000006,18,22.400000000000006,18.910891089108905
Variant II,Watts–Strogatz,LCF-original,Watts–Strogatz,Watts–Strogatz,7,7,False,1,0.0043035149574279785,100,100,0,14.600000000000001
Variant II,Watts–Strogatz,LCF-original,Watts–Strogatz,Watts–Strogatz,7,7,False,2,0.0041113421751938217,100,100,0,13.600000000000001
Variant II,Watts–Strogatz,LCF-original,Watts–Strogatz,Watts–Strogatz,7,7,False,3,0.0038273680545870548,100,100,0,12.6
Variant II,Watts–Strogatz,LCF-original,Watts–Strogatz,Watts–Strogatz,7,7,False,4,0.0041900092949244128,100,100,0,14.400000000000002
Variant II,Watts–Strogatz,LCF-original,Watts–Strogatz,Watts–Strogatz,7,7,False,5,0.0040611751107909599,100,100,0,17
Variant II,Watts–Strogatz,LCF-active,Watts–Strogatz,Watts–Strogatz,7,7,True,1,0.0043529868125915527,100,100,0,15.800000000000002
Variant II,Watts–Strogatz,LCF-active,Watts–Strogatz,Watts–Strogatz,7,7,True,2,0.0041256624291322597,86.599999999999994,62.399999999999999,24.199999999999996,15.216586723515125
Variant II,Watts–Strogatz,LCF-active,Watts–Strogatz,Watts–Strogatz,7,7,True,3,0.0037676673913429326,68.200000000000003,39.399999999999999,28.800000000000004,12.976167438260111
Variant II,Watts–Strogatz,LCF-active,Watts–Strogatz,Watts–Strogatz,7,7,True,4,0.0039764118850371677,55.200000000000003,26.400000000000002,28.800000000000001,13.043478260869568
Variant II,Watts–Strogatz,LCF-active,Watts–Strogatz,Watts–Strogatz,7,7,True,5,0.0041202638641736344,44.600000000000001,17.800000000000001,26.800000000000001,17.841487378445102
Variant II,Watts–Strogatz,LCF-active,Watts–Strogatz,Watts–Strogatz,7,7,False,1,0.0043529868125915527,100,100,0,15.800000000000002
Variant II,Watts–Strogatz,LCF-active,Watts–Strogatz,Watts–Strogatz,7,7,False,2,0.0041256624291322597,100,100,0,14.600000000000001
Variant II,Watts–Strogatz,LCF-active,Watts–Strogatz,Watts–Strogatz,7,7,False,3,0.0038467890936071392,100,100,0,13.200000000000001
Variant II,Watts–Strogatz,LCF-active,Watts–Strogatz,Watts–Strogatz,7,7,False,4,0.0042111118936282166,100,100,0,14.600000000000001
Variant II,Watts–Strogatz,LCF-active,Watts–Strogatz,Watts–Strogatz,7,7,False,5,0.0040936113734929558,100,100,0,17.199999999999999
Variant II,Watts–Strogatz,EO,Watts–Strogatz,Watts–Strogatz,7,7,True,1,0.0045472077456842896,100,100,0,0.20000000000000018
Variant II,Watts–Strogatz,EO,Watts–Strogatz,Watts–Strogatz,7,7,True,2,0.0043220916798517584,82.599999999999994,81,1.5999999999999943,4.1024721250709995
Variant II,Watts–Strogatz,EO,Watts–Strogatz,Watts–Strogatz,7,7,True,3,0.0039549986352180877,64.200000000000003,62,2.2000000000000028,0.18189126720932203
Variant II,Watts–Strogatz,EO,Watts–Strogatz,Watts–Strogatz,7,7,True,4,0.0042404333120509285,51.399999999999999,49,2.3999999999999986,-3.2208369729214703
Variant II,Watts–Strogatz,EO,Watts–Strogatz,Watts–Strogatz,7,7,True,5,0.0045374877350367049,41.600000000000001,40.799999999999997,0.80000000000000426,9.464555052790347
Variant II,Watts–Strogatz,EO,Watts–Strogatz,Watts–Strogatz,7,7,False,1,0.0045472077456842896,100,100,0,0.20000000000000018
Variant II,Watts–Strogatz,EO,Watts–Strogatz,Watts–Strogatz,7,7,False,2,0.0043220916798517584,100,100,0,2.0000000000000018
Variant II,Watts–Strogatz,EO,Watts–Strogatz,Watts–Strogatz,7,7,False,3,0.0038167156174938599,100,100,0,1.4000000000000012
Variant II,Watts–Strogatz,EO,Watts–Strogatz,Watts–Strogatz,7,7,False,4,0.0040922189385722563,100,100,0,-0.80000000000000071
Variant II,Watts–Strogatz,EO,Watts–Strogatz,Watts–Strogatz,7,7,False,5,0.0040650375534601046,100,100,0,2.4000000000000021
Variant II,Watts–Strogatz,DP,Watts–Strogatz,Watts–Strogatz,7,7,True,1,0.0046721666050401067,100,100,0,2.9999999999999916
Variant II,Watts–Strogatz,DP,Watts–Strogatz,Watts–Strogatz,7,7,True,2,0.0044264240829686718,84,79.200000000000003,4.7999999999999972,4.7402597402597451
Variant II,Watts–Strogatz,DP,Watts–Strogatz,Watts–Strogatz,7,7,True,3,0.0040186942894666622,65.600000000000009,60.399999999999999,5.2000000000000099,1.9625262477790284
Variant II,Watts–Strogatz,DP,Watts–Strogatz,Watts–Strogatz,7,7,True,4,0.0043506451711062821,53.200000000000003,47.599999999999994,5.6000000000000085,0.39805395842547053
Variant II,Watts–Strogatz,DP,Watts–Strogatz,Watts–Strogatz,7,7,True,5,0.0046368287977490708,43.399999999999999,39.200000000000003,4.1999999999999957,10.599078341013824
Variant II,Watts–Strogatz,DP,Watts–Strogatz,Watts–Strogatz,7,7,False,1,0.0046721666050401067,100,100,0,2.9999999999999916
Variant II,Watts–Strogatz,DP,Watts–Strogatz,Watts–Strogatz,7,7,False,2,0.0044264240829686718,100,100,0,4.0000000000000036
Variant II,Watts–Strogatz,DP,Watts–Strogatz,Watts–Strogatz,7,7,False,3,0.0039345494322919894,100,100,0,3.400000000000003
Variant II,Watts–Strogatz,DP,Watts–Strogatz,Watts–Strogatz,7,7,False,4,0.0042364571874127233,100,100,0,2.1999999999999909
Variant II,Watts–Strogatz,DP,Watts–Strogatz,Watts–Strogatz,7,7,False,5,0.0042185291223444388,100,100,0,3.6000000000000032
Variant II,Watts–Strogatz,Baseline,Watts–Strogatz,Watts–Strogatz,13,13,True,1,0.0046962995796467899,100,100,0,8.3999999999999968
Variant II,Watts–Strogatz,Baseline,Watts–Strogatz,Watts–Strogatz,13,13,True,2,0.003888930343291519,85.599999999999994,73,12.599999999999994,11.890282934323393
Variant II,Watts–Strogatz,Baseline,Watts–Strogatz,Watts–Strogatz,13,13,True,3,0.0038996289743790102,69.799999999999997,49.200000000000003,20.599999999999994,1.0086891699862544
Variant II,Watts–Strogatz,Baseline,Watts–Strogatz,Watts–Strogatz,13,13,True,4,0.0024478521936007747,54.400000000000006,36.399999999999999,18.000000000000007,6.6661279896573999
Variant II,Watts–Strogatz,Baseline,Watts–Strogatz,Watts–Strogatz,13,13,True,5,0.0027401216805573725,43.600000000000001,28.399999999999999,15.200000000000003,11.700478097945478
Variant II,Watts–Strogatz,Baseline,Watts–Strogatz,Watts–Strogatz,13,13,False,1,0.0046962995796467899,100,100,0,8.3999999999999968
Variant II,Watts–Strogatz,Baseline,Watts–Strogatz,Watts–Strogatz,13,13,False,2,0.003888930343291519,100,100,0,10.799999999999999
Variant II,Watts–Strogatz,Baseline,Watts–Strogatz,Watts–Strogatz,13,13,False,3,0.0038073690873480226,100,100,0,4.2000000000000037
Variant II,Watts–Strogatz,Baseline,Watts–Strogatz,Watts–Strogatz,13,13,False,4,0.0027131989902845488,100,100,0,6.9999999999999947
Variant II,Watts–Strogatz,Baseline,Watts–Strogatz,Watts–Strogatz,13,13,False,5,0.0033219992503020768,100,100,0,10.799999999999999
Variant II,Watts–Strogatz,LCF-original,Watts–Strogatz,Watts–Strogatz,13,13,True,1,0.0043035149574279785,100,100,0,16.400000000000002
Variant II,Watts–Strogatz,LCF-original,Watts–Strogatz,Watts–Strogatz,13,13,True,2,0.0038101390308438177,83.599999999999994,59.799999999999997,23.799999999999997,13.991614792530127
Variant II,Watts–Strogatz,LCF-original,Watts–Strogatz,Watts–Strogatz,13,13,True,3,0.0035077492516923936,62.799999999999997,34.399999999999999,28.399999999999999,10.120722855873204
Variant II,Watts–Strogatz,LCF-original,Watts–Strogatz,Watts–Strogatz,13,13,True,4,0.0024311823814409106,46.200000000000003,22.199999999999999,24.000000000000004,10.518310518310514
Variant II,Watts–Strogatz,LCF-original,Watts–Strogatz,Watts–Strogatz,13,13,True,5,0.0024785113924487012,35.399999999999999,14.399999999999999,21,27.259887005649713
Variant II,Watts–Strogatz,LCF-original,Watts–Strogatz,Watts–Strogatz,13,13,False,1,0.0043035149574279785,100,100,0,16.400000000000002
Variant II,Watts–Strogatz,LCF-original,Watts–Strogatz,Watts–Strogatz,13,13,False,2,0.0038101390308438177,100,100,0,15.399999999999997
Variant II,Watts–Strogatz,LCF-original,Watts–Strogatz,Watts–Strogatz,13,13,False,3,0.0035239208761032037,100,100,0,11.799999999999994
Variant II,Watts–Strogatz,LCF-original,Watts–Strogatz,Watts–Strogatz,13,13,False,4,0.002887649521679192,100,100,0,13.600000000000001
Variant II,Watts–Strogatz,LCF-original,Watts–Strogatz,Watts–Strogatz,13,13,False,5,0.0033321567014504838,100,100,0,20
Variant II,Watts–Strogatz,LCF-active,Watts–Strogatz,Watts–Strogatz,13,13,True,1,0.0043529868125915527,100,100,0,17.600000000000005
Variant II,Watts–Strogatz,LCF-active,Watts–Strogatz,Watts–Strogatz,13,13,True,2,0.0037758722377357889,84.599999999999994,59.599999999999994,25,13.928951084455871
Variant II,Watts–Strogatz,LCF-active,Watts–Strogatz,Watts–Strogatz,13,13,True,3,0.0035298973415764934,65.200000000000003,35.600000000000001,29.600000000000001,7.6687116564417179
Variant II,Watts–Strogatz,LCF-active,Watts–Strogatz,Watts–Strogatz,13,13,True,4,0.0023824946911641387,49,23.799999999999997,25.200000000000003,14.045618247298918
Variant II,Watts–Strogatz,LCF-active,Watts–Strogatz,Watts–Strogatz,13,13,True,5,0.0025053545069787519,37.200000000000003,15,22.200000000000003,23.741935483870964
Variant II,Watts–Strogatz,LCF-active,Watts–Strogatz,Watts–Strogatz,13,13,False,1,0.0043529868125915527,100,100,0,17.600000000000005
Variant II,Watts–Strogatz,LCF-active,Watts–Strogatz,Watts–Strogatz,13,13,False,2,0.0037758722377357889,100,100,0,15.600000000000003
Variant II,Watts–Strogatz,LCF-active,Watts–Strogatz,Watts–Strogatz,13,13,False,3,0.0035566345016074807,100,100,0,11.199999999999999
Variant II,Watts–Strogatz,LCF-active,Watts–Strogatz,Watts–Strogatz,13,13,False,4,0.0027926044551642715,100,100,0,14.600000000000001
Variant II,Watts–Strogatz,LCF-active,Watts–Strogatz,Watts–Strogatz,13,13,False,5,0.0033073080245679121,100,100,0,20.400000000000006
Variant II,Watts–Strogatz,EO,Watts–Strogatz,Watts–Strogatz,13,13,True,1,0.0045472077456842896,100,100,0,1.8000000000000016
Variant II,Watts–Strogatz,EO,Watts–Strogatz,Watts–Strogatz,13,13,True,2,0.003749503035013757,81.799999999999997,77,4.7999999999999972,4.6550026990124778
Variant II,Watts–Strogatz,EO,Watts–Strogatz,Watts–Strogatz,13,13,True,3,0.003571714200621412,64.200000000000003,55.600000000000009,8.5999999999999943,-4.4790335955534726
Variant II,Watts–Strogatz,EO,Watts–Strogatz,Watts–Strogatz,13,13,True,4,0.0019389764871834414,47.599999999999994,43.200000000000003,4.3999999999999915,-1.6690009337068212
Variant II,Watts–Strogatz,EO,Watts–Strogatz,Watts–Strogatz,13,13,True,5,0.0020115850473869656,35.799999999999997,34.200000000000003,1.5999999999999943,7.3899833382338525
Variant II,Watts–Strogatz,EO,Watts–Strogatz,Watts–Strogatz,13,13,False,1,0.0045472077456842896,100,100,0,1.8000000000000016
Variant II,Watts–Strogatz,EO,Watts–Strogatz,Watts–Strogatz,13,13,False,2,0.003749503035013757,100,100,0,4.8000000000000043
Variant II,Watts–Strogatz,EO,Watts–Strogatz,Watts–Strogatz,13,13,False,3,0.0036833816234148609,100,100,0,-0.60000000000000053
Variant II,Watts–Strogatz,EO,Watts–Strogatz,Watts–Strogatz,13,13,False,4,0.0026250199161670373,100,100,0,0.60000000000000053
Variant II,Watts–Strogatz,EO,Watts–Strogatz,Watts–Strogatz,13,13,False,5,0.0031750492075003356,100,100,0,5.3999999999999932
Variant II,Watts–Strogatz,DP,Watts–Strogatz,Watts–Strogatz,13,13,True,1,0.0046721666050401067,100,100,0,4.9999999999999929
Variant II,Watts–Strogatz,DP,Watts–Strogatz,Watts–Strogatz,13,13,True,2,0.0038518111839276337,84.200000000000003,75.200000000000003,9,6.943953100520539
Variant II,Watts–Strogatz,DP,Watts–Strogatz,Watts–Strogatz,13,13,True,3,0.0038019107302659227,66.799999999999997,53,13.799999999999997,-2.539826008360635
Variant II,Watts–Strogatz,DP,Watts–Strogatz,Watts–Strogatz,13,13,True,4,0.002312060310150077,50.600000000000001,40.600000000000001,10,3.354816098444291
Variant II,Watts–Strogatz,DP,Watts–Strogatz,Watts–Strogatz,13,13,True,5,0.0025221991807480304,39.800000000000004,31.399999999999999,8.4000000000000057,9.9766347661876313
Variant II,Watts–Strogatz,DP,Watts–Strogatz,Watts–Strogatz,13,13,False,1,0.0046721666050401067,100,100,0,4.9999999999999929
Variant II,Watts–Strogatz,DP,Watts–Strogatz,Watts–Strogatz,13,13,False,2,0.0038518111839276337,100,100,0,6.7999999999999954
Variant II,Watts–Strogatz,DP,Watts–Strogatz,Watts–Strogatz,13,13,False,3,0.0037831534722339022,100,100,0,1.2000000000000011
Variant II,Watts–Strogatz,DP,Watts–Strogatz,Watts–Strogatz,13,13,False,4,0.0026829589372778795,100,100,0,3.6000000000000032
Variant II,Watts–Strogatz,DP,Watts–Strogatz,Watts–Strogatz,13,13,False,5,0.0032740604279800634,100,100,0,7.1999999999999957
Variant II,Watts–Strogatz,Baseline,Watts–Strogatz,Watts–Strogatz,42,42,True,1,0.0046962995796467899,100,100,0,4.8000000000000043
Variant II,Watts–Strogatz,Baseline,Watts–Strogatz,Watts–Strogatz,42,42,True,2,0.0048625057978742836,80.200000000000003,76,4.2000000000000028,2.5121407008793839
Variant II,Watts–Strogatz,Baseline,Watts–Strogatz,Watts–Strogatz,42,42,True,3,0.0049154049412875045,63.600000000000001,60,3.6000000000000014,10.622641509433961
Variant II,Watts–Strogatz,Baseline,Watts–Strogatz,Watts–Strogatz,42,42,True,4,0.0037960836228132511,53.800000000000004,43.600000000000001,10.200000000000003,7.8118072371337943
Variant II,Watts–Strogatz,Baseline,Watts–Strogatz,Watts–Strogatz,42,42,True,5,0.0042349445618168335,46,33.600000000000001,12.399999999999999,4.7308488612836435
Variant II,Watts–Strogatz,Baseline,Watts–Strogatz,Watts–Strogatz,42,42,False,1,0.0046962995796467899,100,100,0,4.8000000000000043
Variant II,Watts–Strogatz,Baseline,Watts–Strogatz,Watts–Strogatz,42,42,False,2,0.0048625057978742836,100,100,0,2.399999999999991
Variant II,Watts–Strogatz,Baseline,Watts–Strogatz,Watts–Strogatz,42,42,False,3,0.0047848434401668305,100,100,0,9.7999999999999972
Variant II,Watts–Strogatz,Baseline,Watts–Strogatz,Watts–Strogatz,42,42,False,4,0.0034637613227344044,100,100,0,7.9999999999999964
Variant II,Watts–Strogatz,Baseline,Watts–Strogatz,Watts–Strogatz,42,42,False,5,0.0039152137687015198,100,100,0,0.40000000000000036
Variant II,Watts–Strogatz,LCF-original,Watts–Strogatz,Watts–Strogatz,42,42,True,1,0.0043035149574279785,100,100,0,9.7999999999999972
Variant II,Watts–Strogatz,LCF-original,Watts–Strogatz,Watts–Strogatz,42,42,True,2,0.0045789903767431417,76.200000000000003,63.399999999999999,12.800000000000004,15.04259917037184
Variant II,Watts–Strogatz,LCF-original,Watts–Strogatz,Watts–Strogatz,42,42,True,3,0.0045932736862841494,59.199999999999996,37.200000000000003,21.999999999999993,14.864864864864868
Variant II,Watts–Strogatz,LCF-original,Watts–Strogatz,Watts–Strogatz,42,42,True,4,0.0040632023156180752,48.600000000000001,24.600000000000001,24,12.546421760513898
Variant II,Watts–Strogatz,LCF-original,Watts–Strogatz,Watts–Strogatz,42,42,True,5,0.0041236155295960586,38.399999999999999,15.800000000000001,22.599999999999998,14.247099156118148
Variant II,Watts–Strogatz,LCF-original,Watts–Strogatz,Watts–Strogatz,42,42,False,1,0.0043035149574279785,100,100,0,9.7999999999999972
Variant II,Watts–Strogatz,LCF-original,Watts–Strogatz,Watts–Strogatz,42,42,False,2,0.0045789903767431417,100,100,0,13
Variant II,Watts–Strogatz,LCF-original,Watts–Strogatz,Watts–Strogatz,42,42,False,3,0.0045447355125626254,100,100,0,16.200000000000003
Variant II,Watts–Strogatz,LCF-original,Watts–Strogatz,Watts–Strogatz,42,42,False,4,0.0038473109189954835,100,100,0,13.4
Variant II,Watts–Strogatz,LCF-original,Watts–Strogatz,Watts–Strogatz,42,42,False,5,0.0040695245510281586,100,100,0,10.399999999999999
Variant II,Watts–Strogatz,LCF-active,Watts–Strogatz,Watts–Strogatz,42,42,True,1,0.0043529868125915527,100,100,0,11.399999999999999
Variant II,Watts–Strogatz,LCF-active,Watts–Strogatz,Watts–Strogatz,42,42,True,2,0.004620578918716145,79,64,15,13.722310126582283
Variant II,Watts–Strogatz,LCF-active,Watts–Strogatz,Watts–Strogatz,42,42,True,3,0.0047097012738956945,61.399999999999999,38.600000000000001,22.799999999999997,15.095103880103288
Variant II,Watts–Strogatz,LCF-active,Watts–Strogatz,Watts–Strogatz,42,42,True,4,0.0040119067097929006,50.600000000000001,25.399999999999999,25.200000000000003,12.066228875540762
Variant II,Watts–Strogatz,LCF-active,Watts–Strogatz,Watts–Strogatz,42,42,True,5,0.0041968668885405958,40,18,22,14.888888888888896
Variant II,Watts–Strogatz,LCF-active,Watts–Strogatz,Watts–Strogatz,42,42,False,1,0.0043529868125915527,100,100,0,11.399999999999999
Variant II,Watts–Strogatz,LCF-active,Watts–Strogatz,Watts–Strogatz,42,42,False,2,0.004620578918716145,100,100,0,12.6
Variant II,Watts–Strogatz,LCF-active,Watts–Strogatz,Watts–Strogatz,42,42,False,3,0.0045693595617347649,100,100,0,17.199999999999992
Variant II,Watts–Strogatz,LCF-active,Watts–Strogatz,Watts–Strogatz,42,42,False,4,0.0037084045392835607,100,100,0,15.000000000000002
Variant II,Watts–Strogatz,LCF-active,Watts–Strogatz,Watts–Strogatz,42,42,False,5,0.0039909647645879343,100,100,0,11.6
Variant II,Watts–Strogatz,EO,Watts–Strogatz,Watts–Strogatz,42,42,True,1,0.0045472077456842896,100,100,0,-2.0000000000000018
Variant II,Watts–Strogatz,EO,Watts–Strogatz,Watts–Strogatz,42,42,True,2,0.0046858517979251335,74.599999999999994,78.600000000000009,4.0000000000000142,-3.5548369932259627
Variant II,Watts–Strogatz,EO,Watts–Strogatz,Watts–Strogatz,42,42,True,3,0.0046816526721540352,56.599999999999994,63.399999999999999,6.8000000000000043,3.9203665102384377
Variant II,Watts–Strogatz,EO,Watts–Strogatz,Watts–Strogatz,42,42,True,4,0.0035253920199933564,46.400000000000006,47.799999999999997,1.3999999999999915,2.0577838695714945
Variant II,Watts–Strogatz,EO,Watts–Strogatz,Watts–Strogatz,42,42,True,5,0.0038552603307309141,37.600000000000001,38.600000000000001,1,3.8364017197662914
Variant II,Watts–Strogatz,EO,Watts–Strogatz,Watts–Strogatz,42,42,False,1,0.0045472077456842896,100,100,0,-2.0000000000000018
Variant II,Watts–Strogatz,EO,Watts–Strogatz,Watts–Strogatz,42,42,False,2,0.0046858517979251335,100,100,0,-3.9999999999999925
Variant II,Watts–Strogatz,EO,Watts–Strogatz,Watts–Strogatz,42,42,False,3,0.004578493984336296,100,100,0,3.7999999999999923
Variant II,Watts–Strogatz,EO,Watts–Strogatz,Watts–Strogatz,42,42,False,4,0.003319308827329559,100,100,0,3.2000000000000028
Variant II,Watts–Strogatz,EO,Watts–Strogatz,Watts–Strogatz,42,42,False,5,0.0037474236883449086,100,100,0,-3.0000000000000027
Variant II,Watts–Strogatz,DP,Watts–Strogatz,Watts–Strogatz,42,42,True,1,0.0046721666050401067,100,100,0,0.80000000000000071
Variant II,Watts–Strogatz,DP,Watts–Strogatz,Watts–Strogatz,42,42,True,2,0.0048280705968235527,77.400000000000006,78,0.59999999999999432,-1.8028225004969256
Variant II,Watts–Strogatz,DP,Watts–Strogatz,Watts–Strogatz,42,42,True,3,0.0048192220283150844,58.799999999999997,62.399999999999999,3.6000000000000014,7.9866562009419217
Variant II,Watts–Strogatz,DP,Watts–Strogatz,Watts–Strogatz,42,42,True,4,0.003609897433534015,49.600000000000001,46.200000000000003,3.3999999999999986,3.061723223013546
Variant II,Watts–Strogatz,DP,Watts–Strogatz,Watts–Strogatz,42,42,True,5,0.0039654904498760413,40.799999999999997,36.600000000000001,4.1999999999999957,3.2786885245901565
Variant II,Watts–Strogatz,DP,Watts–Strogatz,Watts–Strogatz,42,42,False,1,0.0046721666050401067,100,100,0,0.80000000000000071
Variant II,Watts–Strogatz,DP,Watts–Strogatz,Watts–Strogatz,42,42,False,2,0.0048280705968235527,100,100,0,-1.6000000000000014
Variant II,Watts–Strogatz,DP,Watts–Strogatz,Watts–Strogatz,42,42,False,3,0.004730811856619721,100,100,0,6.7999999999999954
Variant II,Watts–Strogatz,DP,Watts–Strogatz,Watts–Strogatz,42,42,False,4,0.0034159579439867471,100,100,0,5.4000000000000048
Variant II,Watts–Strogatz,DP,Watts–Strogatz,Watts–Strogatz,42,42,False,5,0.0038635045493802256,100,100,0,-2.0000000000000018
Variant II,Watts–Strogatz,Baseline,Watts–Strogatz,Watts–Strogatz,99,99,True,1,0.0046962995796467899,100,100,0,1.0000000000000009
Variant II,Watts–Strogatz,Baseline,Watts–Strogatz,Watts–Strogatz,99,99,True,2,0.0049798064982315982,81.399999999999991,77.600000000000009,3.7999999999999829,3.3802781225461542
Variant II,Watts–Strogatz,Baseline,Watts–Strogatz,Watts–Strogatz,99,99,True,3,0.0052349900837651564,64.600000000000009,57.999999999999993,6.6000000000000156,11.376107611828756
Variant II,Watts–Strogatz,Baseline,Watts–Strogatz,Watts–Strogatz,99,99,True,4,0.0054909096432155247,53.400000000000006,42,11.400000000000006,8.0631353665061578
Variant II,Watts–Strogatz,Baseline,Watts–Strogatz,Watts–Strogatz,99,99,True,5,0.0055606249121148421,44,31.399999999999999,12.600000000000001,16.311522872032423
Variant II,Watts–Strogatz,Baseline,Watts–Strogatz,Watts–Strogatz,99,99,False,1,0.0046962995796467899,100,100,0,1.0000000000000009
Variant II,Watts–Strogatz,Baseline,Watts–Strogatz,Watts–Strogatz,99,99,False,2,0.0049798064982315982,100,100,0,3.7999999999999923
Variant II,Watts–Strogatz,Baseline,Watts–Strogatz,Watts–Strogatz,99,99,False,3,0.0050875535168830588,100,100,0,11.399999999999999
Variant II,Watts–Strogatz,Baseline,Watts–Strogatz,Watts–Strogatz,99,99,False,4,0.0052602647394106583,100,100,0,4.6000000000000041
Variant II,Watts–Strogatz,Baseline,Watts–Strogatz,Watts–Strogatz,99,99,False,5,0.0053986389229024878,100,100,0,5.7999999999999936
Variant II,Watts–Strogatz,LCF-original,Watts–Strogatz,Watts–Strogatz,99,99,True,1,0.0043035149574279785,100,100,0,10.999999999999998
Variant II,Watts–Strogatz,LCF-original,Watts–Strogatz,Watts–Strogatz,99,99,True,2,0.004727658195950446,79.400000000000006,60.399999999999999,19.000000000000007,14.930688775084654
Variant II,Watts–Strogatz,LCF-original,Watts–Strogatz,Watts–Strogatz,99,99,True,3,0.0049539762812119692,59.199999999999996,35.399999999999999,23.799999999999997,26.889601465872648
Variant II,Watts–Strogatz,LCF-original,Watts–Strogatz,Watts–Strogatz,99,99,True,4,0.0052299061186434903,48.600000000000001,20.200000000000003,28.399999999999999,11.64486819052275
Variant II,Watts–Strogatz,LCF-original,Watts–Strogatz,Watts–Strogatz,99,99,True,5,0.0053558335989360994,38,13.600000000000001,24.399999999999999,26.609907120743031
Variant II,Watts–Strogatz,LCF-original,Watts–Strogatz,Watts–Strogatz,99,99,False,1,0.0043035149574279785,100,100,0,10.999999999999998
Variant II,Watts–Strogatz,LCF-original,Watts–Strogatz,Watts–Strogatz,99,99,False,2,0.004727658195950446,100,100,0,14.200000000000001
Variant II,Watts–Strogatz,LCF-original,Watts–Strogatz,Watts–Strogatz,99,99,False,3,0.0047393608912025265,100,100,0,21.400000000000002
Variant II,Watts–Strogatz,LCF-original,Watts–Strogatz,Watts–Strogatz,99,99,False,4,0.005026694115698449,100,100,0,14.000000000000002
Variant II,Watts–Strogatz,LCF-original,Watts–Strogatz,Watts–Strogatz,99,99,False,5,0.0053381566031264205,100,100,0,13.800000000000001
Variant II,Watts–Strogatz,LCF-active,Watts–Strogatz,Watts–Strogatz,99,99,True,1,0.0043529868125915527,100,100,0,10.599999999999998
Variant II,Watts–Strogatz,LCF-active,Watts–Strogatz,Watts–Strogatz,99,99,True,2,0.0047332780081134063,80.200000000000003,62.799999999999997,17.400000000000006,15.294566132439602
Variant II,Watts–Strogatz,LCF-active,Watts–Strogatz,Watts–Strogatz,99,99,True,3,0.0049354440750519757,63,38.399999999999999,24.600000000000001,28.492063492063487
Variant II,Watts–Strogatz,LCF-active,Watts–Strogatz,Watts–Strogatz,99,99,True,4,0.0051721625145934036,53.400000000000006,21.800000000000001,31.600000000000005,12.462632718276467
Variant II,Watts–Strogatz,LCF-active,Watts–Strogatz,Watts–Strogatz,99,99,True,5,0.0052939556709414859,43,15,28,25.643410852713178
Variant II,Watts–Strogatz,LCF-active,Watts–Strogatz,Watts–Strogatz,99,99,False,1,0.0043529868125915527,100,100,0,10.599999999999998
Variant II,Watts–Strogatz,LCF-active,Watts–Strogatz,Watts–Strogatz,99,99,False,2,0.0047332780081134063,100,100,0,14.600000000000001
Variant II,Watts–Strogatz,LCF-active,Watts–Strogatz,Watts–Strogatz,99,99,False,3,0.0047840536450645121,100,100,0,23.999999999999993
Variant II,Watts–Strogatz,LCF-active,Watts–Strogatz,Watts–Strogatz,99,99,False,4,0.0050465935623827951,100,100,0,14.600000000000001
Variant II,Watts–Strogatz,LCF-active,Watts–Strogatz,Watts–Strogatz,99,99,False,5,0.0053303811806809653,100,100,0,15.400000000000002
Variant II,Watts–Strogatz,EO,Watts–Strogatz,Watts–Strogatz,99,99,True,1,0.0045472077456842896,100,100,0,-6.399999999999995
Variant II,Watts–Strogatz,EO,Watts–Strogatz,Watts–Strogatz,99,99,True,2,0.0047509757559366372,75,81,6,-0.63209876543209864
Variant II,Watts–Strogatz,EO,Watts–Strogatz,Watts–Strogatz,99,99,True,3,0.0047987282815761256,57.399999999999999,61.600000000000001,4.2000000000000028,7.7446943300601756
Variant II,Watts–Strogatz,EO,Watts–Strogatz,Watts–Strogatz,99,99,True,4,0.0048177483782260166,47.199999999999996,45.200000000000003,1.9999999999999929,2.4598770061496911
Variant II,Watts–Strogatz,EO,Watts–Strogatz,Watts–Strogatz,99,99,True,5,0.0048896172654335768,38,36,2,7.953216374269001
Variant II,Watts–Strogatz,EO,Watts–Strogatz,Watts–Strogatz,99,99,False,1,0.0045472077456842896,100,100,0,-6.399999999999995
Variant II,Watts–Strogatz,EO,Watts–Strogatz,Watts–Strogatz,99,99,False,2,0.0047509757559366372,100,100,0,-0.60000000000000053
Variant II,Watts–Strogatz,EO,Watts–Strogatz,Watts–Strogatz,99,99,False,3,0.0048699161535281643,100,100,0,7.1999999999999957
Variant II,Watts–Strogatz,EO,Watts–Strogatz,Watts–Strogatz,99,99,False,4,0.0049684034962462764,100,100,0,0.20000000000000018
Variant II,Watts–Strogatz,EO,Watts–Strogatz,Watts–Strogatz,99,99,False,5,0.0050685621376986845,100,100,0,0.20000000000000018
Variant II,Watts–Strogatz,DP,Watts–Strogatz,Watts–Strogatz,99,99,True,1,0.0046721666050401067,100,100,0,-2.7999999999999914
Variant II,Watts–Strogatz,DP,Watts–Strogatz,Watts–Strogatz,99,99,True,2,0.0049161558841961384,78.799999999999997,79.200000000000003,0.40000000000000568,2.3598933497410601
Variant II,Watts–Strogatz,DP,Watts–Strogatz,Watts–Strogatz,99,99,True,3,0.0051323556314079033,62,59.599999999999994,2.4000000000000057,9.8549469582160594
Variant II,Watts–Strogatz,DP,Watts–Strogatz,Watts–Strogatz,99,99,True,4,0.0052892616855095831,51.600000000000001,43.399999999999999,8.2000000000000028,6.6123673775586695
Variant II,Watts–Strogatz,DP,Watts–Strogatz,Watts–Strogatz,99,99,True,5,0.00541934589927906,42,33.600000000000001,8.3999999999999986,10.71428571428571
Variant II,Watts–Strogatz,DP,Watts–Strogatz,Watts–Strogatz,99,99,False,1,0.0046721666050401067,100,100,0,-2.7999999999999914
Variant II,Watts–Strogatz,DP,Watts–Strogatz,Watts–Strogatz,99,99,False,2,0.0049161558841961384,100,100,0,2.6000000000000023
Variant II,Watts–Strogatz,DP,Watts–Strogatz,Watts–Strogatz,99,99,False,3,0.0050420119070673231,100,100,0,9.3999999999999968
Variant II,Watts–Strogatz,DP,Watts–Strogatz,Watts–Strogatz,99,99,False,4,0.0051726121380225587,100,100,0,3.0000000000000027
Variant II,Watts–Strogatz,DP,Watts–Strogatz,Watts–Strogatz,99,99,False,5,0.0052930911793279689,100,100,0,2.6000000000000023
