dataset,network,model,opt_out,step,metric,mean,std,n_valid_seeds
Base,Base (80/20),Baseline,False,1,approval_rate_difference,4.3199999999999994,3.2461669704437575,5
Base,Base (80/20),Baseline,False,1,retention_disparity,0,0,5
Base,Base (80/20),Baseline,False,1,retention_s0,100,0,5
Base,Base (80/20),Baseline,False,1,retention_s1,100,0,5
Base,Base (80/20),Baseline,False,1,unfairness,0.0064928992551834819,0,5
Base,Base (80/20),Baseline,False,2,approval_rate_difference,4.3200000000000021,2.9246538256689445,5
Base,Base (80/20),Baseline,False,2,retention_disparity,0,0,5
Base,Base (80/20),Baseline,False,2,retention_s0,100,0,5
Base,Base (80/20),Baseline,False,2,retention_s1,100,0,5
Base,Base (80/20),Baseline,False,2,unfairness,0.0064403883391258134,0.00044600579334927296,5
Base,Base (80/20),Baseline,False,3,approval_rate_difference,6.080000000000001,4.0191541398657495,5
Base,Base (80/20),Baseline,False,3,retention_disparity,0,0,5
Base,Base (80/20),Baseline,False,3,retention_s0,100,0,5
Base,Base (80/20),Baseline,False,3,retention_s1,100,0,5
Base,Base (80/20),Baseline,False,3,unfairness,0.0063238516698167491,0.00065858717885883397,5
Base,Base (80/20),Baseline,False,4,approval_rate_difference,2.280000000000002,4.096046874731786,5
Base,Base (80/20),Baseline,False,4,retention_disparity,0,0,5
Base,Base (80/20),Baseline,False,4,retention_s0,100,0,5
Base,Base (80/20),Baseline,False,4,retention_s1,100,0,5
Base,Base (80/20),Baseline,False,4,unfairness,0.0057558405121683979,0.0005496244270965675,5
Base,Base (80/20),Baseline,False,5,approval_rate_difference,4.1600000000000019,3.538135101999357,5
Base,Base (80/20),Baseline,False,5,retention_disparity,0,0,5
Base,Base (80/20),Baseline,False,5,retention_s0,100,0,5
Base,Base (80/20),Baseline,False,5,retention_s1,100,0,5
Base,Base (80/20),Baseline,False,5,unfairness,0.0062937834574677389,0.00080844285241740027,5
Base,Base (80/20),Baseline,True,1,approval_rate_difference,4.3199999999999994,3.2461669704437575,5
Base,Base (80/20),Baseline,True,1,retention_disparity,0,0,5
Base,Base (80/20),Baseline,True,1,retention_s0,100,0,5
Base,Base (80/20),Baseline,True,1,retention_s1,100,0,5
Base,Base (80/20),Baseline,True,1,unfairness,0.0064928992551834819,0,5
Base,Base (80/20),Baseline,True,2,approval_rate_difference,4.2302524908111154,1.9873147575550945,5
Base,Base (80/20),Baseline,True,2,retention_disparity,5.400000000000003,4.065464303127011,5
Base,Base (80/20),Baseline,True,2,retention_s0,79.840000000000003,2.1256528408938253,5
Base,Base (80/20),Baseline,True,2,retention_s1,74.439999999999998,2.5842600488340977,5
Base,Base (80/20),Baseline,True,2,unfairness,0.0064403883391258134,0.00044600579334927296,5
Base,Base (80/20),Baseline,True,3,approval_rate_difference,6.027861413709636,4.5739615836982903,5
Base,Base (80/20),Baseline,True,3,retention_disparity,8.2799999999999976,3.5363257768480603,5
Base,Base (80/20),Baseline,True,3,retention_s0,62.079999999999998,1.7325126262166193,5
Base,Base (80/20),Baseline,True,3,retention_s1,53.799999999999997,1.9718012070186008,5
Base,Base (80/20),Baseline,True,3,unfairness,0.0064645710338485651,0.00053546998935989274,5
Base,Base (80/20),Baseline,True,4,approval_rate_difference,1.7823319746738009,3.4378569209949297,5
Base,Base (80/20),Baseline,True,4,retention_disparity,10.760000000000002,2.2357101779971402,5
Base,Base (80/20),Baseline,True,4,retention_s0,50.079999999999998,0.48332183894378206,5
Base,Base (80/20),Baseline,True,4,retention_s1,39.32,2.2789471253190579,5
Base,Base (80/20),Baseline,True,4,unfairness,0.0057869593297851683,0.00043148232775066858,5
Base,Base (80/20),Baseline,True,5,approval_rate_difference,5.4527133432881403,2.3418628490017239,5
Base,Base (80/20),Baseline,True,5,retention_disparity,9.3200000000000021,2.5848791074245634,5
Base,Base (80/20),Baseline,True,5,retention_s0,39.799999999999997,0.97979589711327064,5
Base,Base (80/20),Baseline,True,5,retention_s1,30.48,2.5910615585122647,5
Base,Base (80/20),Baseline,True,5,unfairness,0.0060951211577988662,0.00050066480215470329,5
Base,Base (80/20),DP,False,1,approval_rate_difference,4.3199999999999994,3.2461669704437575,5
Base,Base (80/20),DP,False,1,retention_disparity,0,0,5
Base,Base (80/20),DP,False,1,retention_s0,100,0,5
Base,Base (80/20),DP,False,1,retention_s1,100,0,5
Base,Base (80/20),DP,False,1,unfairness,0.0064856270550558426,0,5
Base,Base (80/20),DP,False,2,approval_rate_difference,4.3200000000000021,2.9246538256689445,5
Base,Base (80/20),DP,False,2,retention_disparity,0,0,5
Base,Base (80/20),DP,False,2,retention_s0,100,0,5
Base,Base (80/20),DP,False,2,retention_s1,100,0,5
Base,Base (80/20),DP,False,2,unfairness,0.0064236394942541516,0.00044828890426374182,5
Base,Base (80/20),DP,False,3,approval_rate_difference,6.080000000000001,4.0191541398657495,5
Base,Base (80/20),DP,False,3,retention_disparity,0,0,5
Base,Base (80/20),DP,False,3,retention_s0,100,0,5
Base,Base (80/20),DP,False,3,retention_s1,100,0,5
Base,Base (80/20),DP,False,3,unfairness,0.0063092958882631891,0.00065944235268907314,5
Base,Base (80/20),DP,False,4,approval_rate_difference,2.280000000000002,4.096046874731786,5
Base,Base (80/20),DP,False,4,retention_disparity,0,0,5
Base,Base (80/20),DP,False,4,retention_s0,100,0,5
Base,Base (80/20),DP,False,4,retention_s1,100,0,5
Base,Base (80/20),DP,False,4,unfairness,0.0057291182739449328,0.00054201323799432427,5
Base,Base (80/20),DP,False,5,approval_rate_difference,4.1600000000000019,3.538135101999357,5
Base,Base (80/20),DP,False,5,retention_disparity,0,0,5
Base,Base (80/20),DP,False,5,retention_s0,100,0,5
Base,Base (80/20),DP,False,5,retention_s1,100,0,5
Base,Base (80/20),DP,False,5,unfairness,0.0062700298643743047,0.00079901227016927539,5
Base,Base (80/20),DP,True,1,approval_rate_difference,4.3199999999999994,3.2461669704437575,5
Base,Base (80/20),DP,True,1,retention_disparity,0,0,5
Base,Base (80/20),DP,True,1,retention_s0,100,0,5
Base,Base (80/20),DP,True,1,retention_s1,100,0,5
Base,Base (80/20),DP,True,1,unfairness,0.0064856270550558426,0,5
Base,Base (80/20),DP,True,2,approval_rate_difference,4.2302524908111154,1.9873147575550945,5
Base,Base (80/20),DP,True,2,retention_disparity,5.400000000000003,4.065464303127011,5
Base,Base (80/20),DP,True,2,retention_s0,79.840000000000003,2.1256528408938253,5
Base,Base (80/20),DP,True,2,retention_s1,74.439999999999998,2.5842600488340977,5
Base,Base (80/20),DP,True,2,unfairness,0.0064236394942541516,0.00044828890426374182,5
Base,Base (80/20),DP,True,3,approval_rate_difference,6.027861413709636,4.5739615836982903,5
Base,Base (80/20),DP,True,3,retention_disparity,8.2799999999999976,3.5363257768480603,5
Base,Base (80/20),DP,True,3,retention_s0,62.079999999999998,1.7325126262166193,5
Base,Base (80/20),DP,True,3,retention_s1,53.799999999999997,1.9718012070186008,5
Base,Base (80/20),DP,True,3,unfairness,0.006450592571309843,0.00053619949315056217,5
Base,Base (80/20),DP,True,4,approval_rate_difference,1.7823319746738009,3.4378569209949297,5
Base,Base (80/20),DP,True,4,retention_disparity,10.760000000000002,2.2357101779971402,5
Base,Base (80/20),DP,True,4,retention_s0,50.079999999999998,0.48332183894378206,5
Base,Base (80/20),DP,True,4,retention_s1,39.32,2.2789471253190579,5
Base,Base (80/20),DP,True,4,unfairness,0.0057597524760997663,0.00043252943287494462,5
Base,Base (80/20),DP,True,5,approval_rate_difference,5.4527133432881403,2.3418628490017239,5
Base,Base (80/20),DP,True,5,retention_disparity,9.3200000000000021,2.5848791074245634,5
Base,Base (80/20),DP,True,5,retention_s0,39.799999999999997,0.97979589711327064,5
Base,Base (80/20),DP,True,5,retention_s1,30.48,2.5910615585122647,5
Base,Base (80/20),DP,True,5,unfairness,0.006076166508976133,0.00049732614114940995,5
Base,Base (80/20),EO,False,1,approval_rate_difference,0.76000000000000068,3.6560087527247558,5
Base,Base (80/20),EO,False,1,retention_disparity,0,0,5
Base,Base (80/20),EO,False,1,retention_s0,100,0,5
Base,Base (80/20),EO,False,1,retention_s1,100,0,5
Base,Base (80/20),EO,False,1,unfairness,0.006424033030848042,0,5
Base,Base (80/20),EO,False,2,approval_rate_difference,1.5600000000000014,3.262882161525301,5
Base,Base (80/20),EO,False,2,retention_disparity,0,0,5
Base,Base (80/20),EO,False,2,retention_s0,100,0,5
Base,Base (80/20),EO,False,2,retention_s1,100,0,5
Base,Base (80/20),EO,False,2,unfairness,0.0063606995369079877,0.00043445513962995618,5
Base,Base (80/20),EO,False,3,approval_rate_difference,3.5999999999999988,3.7137582042992499,5
Base,Base (80/20),EO,False,3,retention_disparity,0,0,5
Base,Base (80/20),EO,False,3,retention_s0,100,0,5
Base,Base (80/20),EO,False,3,retention_s1,100,0,5
Base,Base (80/20),EO,False,3,unfairness,0.0062366084464614115,0.0006411239542689133,5
Base,Base (80/20),EO,False,4,approval_rate_difference,-0.11999999999999993,4.2794392155982344,5
Base,Base (80/20),EO,False,4,retention_disparity,0,0,5
Base,Base (80/20),EO,False,4,retention_s0,100,0,5
Base,Base (80/20),EO,False,4,retention_s1,100,0,5
Base,Base (80/20),EO,False,4,unfairness,0.0056505205854513905,0.00052436052283729936,5
Base,Base (80/20),EO,False,5,approval_rate_difference,1.7999999999999994,3.1368774282716236,5
Base,Base (80/20),EO,False,5,retention_disparity,0,0,5
Base,Base (80/20),EO,False,5,retention_s0,100,0,5
Base,Base (80/20),EO,False,5,retention_s1,100,0,5
Base,Base (80/20),EO,False,5,unfairness,0.0061669355444847309,0.00076049006319705637,5
Base,Base (80/20),EO,True,1,approval_rate_difference,0.76000000000000068,3.6560087527247558,5
Base,Base (80/20),EO,True,1,retention_disparity,0,0,5
Base,Base (80/20),EO,True,1,retention_s0,100,0,5
Base,Base (80/20),EO,True,1,retention_s1,100,0,5
Base,Base (80/20),EO,True,1,unfairness,0.006424033030848042,0,5
Base,Base (80/20),EO,True,2,approval_rate_difference,1.4070064855650077,2.4559214422997862,5
Base,Base (80/20),EO,True,2,retention_disparity,4.4800000000000066,2.3919866220361654,5
Base,Base (80/20),EO,True,2,retention_s0,78,3.0331501776206231,5
Base,Base (80/20),EO,True,2,retention_s1,76.159999999999997,2.3711600536446307,5
Base,Base (80/20),EO,True,2,unfairness,0.0063606995369079877,0.00043445513962995618,5
Base,Base (80/20),EO,True,3,approval_rate_difference,3.8987894070566265,3.8150465715816235,5
Base,Base (80/20),EO,True,3,retention_disparity,5.1999999999999975,2.5518620652378496,5
Base,Base (80/20),EO,True,3,retention_s0,59.399999999999999,2.6046112953759515,5
Base,Base (80/20),EO,True,3,retention_s1,56.279999999999994,2.3684594148939913,5
Base,Base (80/20),EO,True,3,unfairness,0.0063990187485811088,0.00054969347505201961,5
Base,Base (80/20),EO,True,4,approval_rate_difference,0.4461826783159159,3.7245301856748054,5
Base,Base (80/20),EO,True,4,retention_disparity,5.6000000000000014,2.1466252583997942,5
Base,Base (80/20),EO,True,4,retention_s0,47.439999999999998,1.1482160075525856,5
Base,Base (80/20),EO,True,4,retention_s1,41.839999999999996,1.698940846527623,5
Base,Base (80/20),EO,True,4,unfairness,0.0056959843432739191,0.00039392847059636644,5
Base,Base (80/20),EO,True,5,approval_rate_difference,3.6115266971605053,1.608910117461438,5
Base,Base (80/20),EO,True,5,retention_disparity,4.8000000000000025,2.5953805116013338,5
Base,Base (80/20),EO,True,5,retention_s0,37.439999999999998,1.6463292501805367,5
Base,Base (80/20),EO,True,5,retention_s1,32.640000000000001,2.2032702966272657,5
Base,Base (80/20),EO,True,5,unfairness,0.0060204170190762078,0.00041170184735518146,5
Base,Base (80/20),LCF-active,False,1,approval_rate_difference,13.680000000000001,3.1256359352938095,5
Base,Base (80/20),LCF-active,False,1,retention_disparity,0,0,5
Base,Base (80/20),LCF-active,False,1,retention_s0,100,0,5
Base,Base (80/20),LCF-active,False,1,retention_s1,100,0,5
Base,Base (80/20),LCF-active,False,1,unfairness,0.0043418407440185547,0,5
Base,Base (80/20),LCF-active,False,2,approval_rate_difference,13,1.0507140429250972,5
Base,Base (80/20),LCF-active,False,2,retention_disparity,0,0,5
Base,Base (80/20),LCF-active,False,2,retention_s0,100,0,5
Base,Base (80/20),LCF-active,False,2,retention_s1,100,0,5
Base,Base (80/20),LCF-active,False,2,unfairness,0.0043019703930079704,0.00022340309207365903,5
Base,Base (80/20),LCF-active,False,3,approval_rate_difference,14.040000000000001,4.2301773012487338,5
Base,Base (80/20),LCF-active,False,3,retention_disparity,0,0,5
Base,Base (80/20),LCF-active,False,3,retention_s0,100,0,5
Base,Base (80/20),LCF-active,False,3,retention_s1,100,0,5
Base,Base (80/20),LCF-active,False,3,unfairness,0.0042556248913932391,0.00039917806841484923,5
Base,Base (80/20),LCF-active,False,4,approval_rate_difference,12,3.6110940170535604,5
Base,Base (80/20),LCF-active,False,4,retention_disparity,0,0,5
Base,Base (80/20),LCF-active,False,4,retention_s0,100,0,5
Base,Base (80/20),LCF-active,False,4,retention_s1,100,0,5
Base,Base (80/20),LCF-active,False,4,unfairness,0.0038993244656664095,0.0002545680173431877,5
Base,Base (80/20),LCF-active,False,5,approval_rate_difference,14.880000000000001,3.0029319006597563,5
Base,Base (80/20),LCF-active,False,5,retention_disparity,0,0,5
Base,Base (80/20),LCF-active,False,5,retention_s0,100,0,5
Base,Base (80/20),LCF-active,False,5,retention_s1,100,0,5
Base,Base (80/20),LCF-active,False,5,unfairness,0.0042594653335370717,0.0004447155711693265,5
Base,Base (80/20),LCF-active,True,1,approval_rate_difference,13.680000000000001,3.1256359352938095,5
Base,Base (80/20),LCF-active,True,1,retention_disparity,0,0,5
Base,Base (80/20),LCF-active,True,1,retention_s0,100,0,5
Base,Base (80/20),LCF-active,True,1,retention_s1,100,0,5
Base,Base (80/20),LCF-active,True,1,unfairness,0.0043418407440185547,0,5
Base,Base (80/20),LCF-active,True,2,approval_rate_difference,13.25648834660522,1.9336792587273888,5
Base,Base (80/20),LCF-active,True,2,retention_disparity,18.48,4.025121116190169,5
Base,Base (80/20),LCF-active,True,2,retention_s0,81.079999999999998,2.7176460402340812,5
Base,Base (80/20),LCF-active,True,2,retention_s1,62.600000000000001,2.172556098240046,5
Base,Base (80/20),LCF-active,True,2,unfairness,0.0043019703930079704,0.00022340309207365903,5
Base,Base (80/20),LCF-active,True,3,approval_rate_difference,13.598839122264962,4.2363815313221416,5
Base,Base (80/20),LCF-active,True,3,retention_disparity,22.879999999999999,3.1989998437011549,5
Base,Base (80/20),LCF-active,True,3,retention_s0,61.479999999999997,1.9082976707002524,5
Base,Base (80/20),LCF-active,True,3,retention_s1,38.600000000000001,1.6733200530681522,5
Base,Base (80/20),LCF-active,True,3,unfairness,0.0043494067493419887,0.00037265916378711561,5
Base,Base (80/20),LCF-active,True,4,approval_rate_difference,11.985947548341523,2.209953899728148,5
Base,Base (80/20),LCF-active,True,4,retention_disparity,23.640000000000001,0.66211781428987404,5
Base,Base (80/20),LCF-active,True,4,retention_s0,48.719999999999999,1.0400000000000009,5
Base,Base (80/20),LCF-active,True,4,retention_s1,25.080000000000002,1.3775340286178051,5
Base,Base (80/20),LCF-active,True,4,unfairness,0.0038508475441588084,0.0001962740285557491,5
Base,Base (80/20),LCF-active,True,5,approval_rate_difference,17.735496317448902,5.8496223143496664,5
Base,Base (80/20),LCF-active,True,5,retention_disparity,21.960000000000001,1.2799999999999998,5
Base,Base (80/20),LCF-active,True,5,retention_s0,38.920000000000002,1.6761861471805559,5
Base,Base (80/20),LCF-active,True,5,retention_s1,16.960000000000001,0.73102667529988252,5
Base,Base (80/20),LCF-active,True,5,unfairness,0.0040070370828267036,0.00028570507093358445,5
Base,Base (80/20),LCF-original,False,1,approval_rate_difference,13.199999999999999,2.6412118430750691,5
Base,Base (80/20),LCF-original,False,1,retention_disparity,0,0,5
Base,Base (80/20),LCF-original,False,1,retention_s0,100,0,5
Base,Base (80/20),LCF-original,False,1,retention_s1,100,0,5
Base,Base (80/20),LCF-original,False,1,unfairness,0.0044450759887695312,0,5
Base,Base (80/20),LCF-original,False,2,approval_rate_difference,12.559999999999999,0.68585712797928977,5
Base,Base (80/20),LCF-original,False,2,retention_disparity,0,0,5
Base,Base (80/20),LCF-original,False,2,retention_s0,100,0,5
Base,Base (80/20),LCF-original,False,2,retention_s1,100,0,5
Base,Base (80/20),LCF-original,False,2,unfairness,0.0045019069509727224,0.00023937104950061213,5
Base,Base (80/20),LCF-original,False,3,approval_rate_difference,13.479999999999999,3.8002105204843608,5
Base,Base (80/20),LCF-original,False,3,retention_disparity,0,0,5
Base,Base (80/20),LCF-original,False,3,retention_s0,100,0,5
Base,Base (80/20),LCF-original,False,3,retention_s1,100,0,5
Base,Base (80/20),LCF-original,False,3,unfairness,0.0044044922611876647,0.00039267050145678318,5
Base,Base (80/20),LCF-original,False,4,approval_rate_difference,11.32,4.3755685344878321,5
Base,Base (80/20),LCF-original,False,4,retention_disparity,0,0,5
Base,Base (80/20),LCF-original,False,4,retention_s0,100,0,5
Base,Base (80/20),LCF-original,False,4,retention_s1,100,0,5
Base,Base (80/20),LCF-original,False,4,unfairness,0.0042964348687961392,0.00035027935161068658,5
Base,Base (80/20),LCF-original,False,5,approval_rate_difference,14.679999999999998,2.679104327942456,5
Base,Base (80/20),LCF-original,False,5,retention_disparity,0,0,5
Base,Base (80/20),LCF-original,False,5,retention_s0,100,0,5
Base,Base (80/20),LCF-original,False,5,retention_s1,100,0,5
Base,Base (80/20),LCF-original,False,5,unfairness,0.0045865271912690631,0.00052445112041423836,5
Base,Base (80/20),LCF-original,True,1,approval_rate_difference,13.199999999999999,2.6412118430750691,5
Base,Base (80/20),LCF-original,True,1,retention_disparity,0,0,5
Base,Base (80/20),LCF-original,True,1,retention_s0,100,0,5
Base,Base (80/20),LCF-original,True,1,retention_s1,100,0,5
Base,Base (80/20),LCF-original,True,1,unfairness,0.0044450759887695312,0,5
Base,Base (80/20),LCF-original,True,2,approval_rate_difference,12.052911343797515,2.7090154412948304,5
Base,Base (80/20),LCF-original,True,2,retention_disparity,18.279999999999994,4.0784310708898843,5
Base,Base (80/20),LCF-original,True,2,retention_s0,79.959999999999994,2.8883213117657114,5
Base,Base (80/20),LCF-original,True,2,retention_s1,61.679999999999993,2.3549097647256052,5
Base,Base (80/20),LCF-original,True,2,unfairness,0.0045019069509727224,0.00023937104950061213,5
Base,Base (80/20),LCF-original,True,3,approval_rate_difference,13.5777618395721,4.3453407679953555,5
Base,Base (80/20),LCF-original,True,3,retention_disparity,21.439999999999994,3.2209315422715861,5
Base,Base (80/20),LCF-original,True,3,retention_s0,59.079999999999998,1.8400000000000007,5
Base,Base (80/20),LCF-original,True,3,retention_s1,37.640000000000001,1.7861690849412915,5
Base,Base (80/20),LCF-original,True,3,unfairness,0.0045075041118404881,0.00035110399853637085,5
Base,Base (80/20),LCF-original,True,4,approval_rate_difference,13.469874220314761,4.1238100553308445,5
Base,Base (80/20),LCF-original,True,4,retention_disparity,22.359999999999999,1.5615377036754519,5
Base,Base (80/20),LCF-original,True,4,retention_s0,46.359999999999999,1.4221111067704924,5
Base,Base (80/20),LCF-original,True,4,retention_s1,24,1.2649110640673522,5
Base,Base (80/20),LCF-original,True,4,unfairness,0.0042450678760086232,0.00024373098248443354,5
Base,Base (80/20),LCF-original,True,5,approval_rate_difference,16.385782368995358,5.7842666663739939,5
Base,Base (80/20),LCF-original,True,5,retention_disparity,20.920000000000002,2.2003636063160115,5
Base,Base (80/20),LCF-original,True,5,retention_s0,36.320000000000007,1.994392137970866,5
Base,Base (80/20),LCF-original,True,5,retention_s1,15.4,0.8485281374238578,5
Base,Base (80/20),LCF-original,True,5,unfairness,0.0042822015846333272,0.00030132815714672842,5
Base,Erdős–Rényi,Baseline,False,1,approval_rate_difference,3.7199999999999989,3.243701589234127,5
Base,Erdős–Rényi,Baseline,False,1,retention_disparity,0,0,5
Base,Erdős–Rényi,Baseline,False,1,retention_s0,100,0,5
Base,Erdős–Rényi,Baseline,False,1,retention_s1,100,0,5
Base,Erdős–Rényi,Baseline,False,1,unfairness,0.0062788929026658113,0,5
Base,Erdős–Rényi,Baseline,False,2,approval_rate_difference,4.0400000000000009,3.0968370961353444,5
Base,Erdős–Rényi,Baseline,False,2,retention_disparity,0,0,5
Base,Erdős–Rényi,Baseline,False,2,retention_s0,100,0,5
Base,Erdős–Rényi,Baseline,False,2,retention_s1,100,0,5
Base,Erdős–Rényi,Baseline,False,2,unfairness,0.0062504111905139492,0.00042936953724440752,5
Base,Erdős–Rényi,Baseline,False,3,approval_rate_difference,5.5999999999999996,3.7672270969507515,5
Base,Erdős–Rényi,Baseline,False,3,retention_disparity,0,0,5
Base,Erdős–Rényi,Baseline,False,3,retention_s0,100,0,5
Base,Erdős–Rényi,Baseline,False,3,retention_s1,100,0,5
Base,Erdős–Rényi,Baseline,False,3,unfairness,0.0061193182975701529,0.00063392489005102324,5
Base,Erdős–Rényi,Baseline,False,4,approval_rate_difference,2.0400000000000018,4.0937024806402373,5
Base,Erdős–Rényi,Baseline,False,4,retention_disparity,0,0,5
Base,Erdős–Rényi,Baseline,False,4,retention_s0,100,0,5
Base,Erdős–Rényi,Baseline,False,4,retention_s1,100,0,5
Base,Erdős–Rényi,Baseline,False,4,unfairness,0.0056182110488127487,0.00055238998188986913,5
Base,Erdős–Rényi,Baseline,False,5,approval_rate_difference,3.9200000000000017,3.4002352859765455,5
Base,Erdős–Rényi,Baseline,False,5,retention_disparity,0,0,5
Base,Erdős–Rényi,Baseline,False,5,retention_s0,100,0,5
Base,Erdős–Rényi,Baseline,False,5,retention_s1,100,0,5
Base,Erdős–Rényi,Baseline,False,5,unfairness,0.0061238662040254081,0.00080710043520660117,5
Base,Erdős–Rényi,Baseline,True,1,approval_rate_difference,3.7199999999999989,3.243701589234127,5
Base,Erdős–Rényi,Baseline,True,1,retention_disparity,0,0,5
Base,Erdős–Rényi,Baseline,True,1,retention_s0,100,0,5
Base,Erdős–Rényi,Baseline,True,1,retention_s1,100,0,5
Base,Erdős–Rényi,Baseline,True,1,unfairness,0.0062788929026658113,0,5
Base,Erdős–Rényi,Baseline,True,2,approval_rate_difference,3.6123436578933932,3.1336495323376896,5
Base,Erdős–Rényi,Baseline,True,2,retention_disparity,4.4400000000000066,3.6164070567346309,5
Base,Erdős–Rényi,Baseline,True,2,retention_s0,79.599999999999994,2.536138797463575,5
Base,Erdős–Rényi,Baseline,True,2,retention_s1,75.159999999999997,2.6695317941541785,5
Base,Erdős–Rényi,Baseline,True,2,unfairness,0.0062504111905139492,0.00042936953724440752,5
Base,Erdős–Rényi,Baseline,True,3,approval_rate_difference,6.0739394791577146,4.3610014117727021,5
Base,Erdős–Rényi,Baseline,True,3,retention_disparity,6.7199999999999989,3.924487227651527,5
Base,Erdős–Rényi,Baseline,True,3,retention_s0,62.279999999999994,2.5158696309626225,5
Base,Erdős–Rényi,Baseline,True,3,retention_s1,55.560000000000002,1.9489484344127701,5
Base,Erdős–Rényi,Baseline,True,3,unfairness,0.0063642641827203802,0.00055106307127512563,5
Base,Erdős–Rényi,Baseline,True,4,approval_rate_difference,2.5939042786912574,4.2036152321882536,5
Base,Erdős–Rényi,Baseline,True,4,retention_disparity,8.1600000000000019,1.3169662106523439,5
Base,Erdős–Rényi,Baseline,True,4,retention_s0,49.480000000000004,0.61449165982948939,5
Base,Erdős–Rényi,Baseline,True,4,retention_s1,41.32,1.0777754868245957,5
Base,Erdős–Rényi,Baseline,True,4,unfairness,0.0057587693677596972,0.00038160965886837282,5
Base,Erdős–Rényi,Baseline,True,5,approval_rate_difference,7.0599432262136785,3.1871042666444716,5
Base,Erdős–Rényi,Baseline,True,5,retention_disparity,7.8399999999999981,1.8906083676954377,5
Base,Erdős–Rényi,Baseline,True,5,retention_s0,39.399999999999999,1.7017637908946117,5
Base,Erdős–Rényi,Baseline,True,5,retention_s1,31.560000000000002,1.4609585894199759,5
Base,Erdős–Rényi,Baseline,True,5,unfairness,0.0059700635595055559,0.00040584911950481789,5
Base,Erdős–Rényi,DP,False,1,approval_rate_difference,3.6799999999999988,3.2089873792210533,5
Base,Erdős–Rényi,DP,False,1,retention_disparity,0,0,5
Base,Erdős–Rényi,DP,False,1,retention_s0,100,0,5
Base,Erdős–Rényi,DP,False,1,retention_s1,100,0,5
Base,Erdős–Rényi,DP,False,1,unfairness,0.006272661029969262,0,5
Base,Erdős–Rényi,DP,False,2,approval_rate_difference,4.0400000000000009,3.0968370961353444,5
Base,Erdős–Rényi,DP,False,2,retention_disparity,0,0,5
Base,Erdős–Rényi,DP,False,2,retention_s0,100,0,5
Base,Erdős–Rényi,DP,False,2,retention_s1,100,0,5
Base,Erdős–Rényi,DP,False,2,unfairness,0.0062370444721722819,0.00042926415369175513,5
Base,Erdős–Rényi,DP,False,3,approval_rate_difference,5.5999999999999996,3.7672270969507515,5
Base,Erdős–Rényi,DP,False,3,retention_disparity,0,0,5
Base,Erdős–Rényi,DP,False,3,retention_s0,100,0,5
Base,Erdős–Rényi,DP,False,3,retention_s1,100,0,5
Base,Erdős–Rényi,DP,False,3,unfairness,0.0061088388000671845,0.00063903879879959643,5
Base,Erdős–Rényi,DP,False,4,approval_rate_difference,2.0400000000000018,4.0937024806402373,5
Base,Erdős–Rényi,DP,False,4,retention_disparity,0,0,5
Base,Erdős–Rényi,DP,False,4,retention_s0,100,0,5
Base,Erdős–Rényi,DP,False,4,retention_s1,100,0,5
Base,Erdős–Rényi,DP,False,4,unfairness,0.0055932376551204085,0.00054471760485609632,5
Base,Erdős–Rényi,DP,False,5,approval_rate_difference,3.8800000000000012,3.4190057034172958,5
Base,Erdős–Rényi,DP,False,5,retention_disparity,0,0,5
Base,Erdős–Rényi,DP,False,5,retention_s0,100,0,5
Base,Erdős–Rényi,DP,False,5,retention_s1,100,0,5
Base,Erdős–Rényi,DP,False,5,unfairness,0.0061005626893304802,0.00079881285334942648,5
Base,Erdős–Rényi,DP,True,1,approval_rate_difference,3.6799999999999988,3.2089873792210533,5
Base,Erdős–Rényi,DP,True,1,retention_disparity,0,0,5
Base,Erdős–Rényi,DP,True,1,retention_s0,100,0,5
Base,Erdős–Rényi,DP,True,1,retention_s1,100,0,5
Base,Erdős–Rényi,DP,True,1,unfairness,0.006272661029969262,0,5
Base,Erdős–Rényi,DP,True,2,approval_rate_difference,3.6123436578933932,3.1336495323376896,5
Base,Erdős–Rényi,DP,True,2,retention_disparity,4.4400000000000066,3.6164070567346309,5
Base,Erdős–Rényi,DP,True,2,retention_s0,79.599999999999994,2.536138797463575,5
Base,Erdős–Rényi,DP,True,2,retention_s1,75.159999999999997,2.6695317941541785,5
Base,Erdős–Rényi,DP,True,2,unfairness,0.0062370444721722819,0.00042926415369175513,5
Base,Erdős–Rényi,DP,True,3,approval_rate_difference,6.0739394791577146,4.3610014117727021,5
Base,Erdős–Rényi,DP,True,3,retention_disparity,6.7199999999999989,3.924487227651527,5
Base,Erdős–Rényi,DP,True,3,retention_s0,62.279999999999994,2.5158696309626225,5
Base,Erdős–Rényi,DP,True,3,retention_s1,55.560000000000002,1.9489484344127701,5
Base,Erdős–Rényi,DP,True,3,unfairness,0.0063541869118862726,0.00055212353842665738,5
Base,Erdős–Rényi,DP,True,4,approval_rate_difference,2.5939042786912574,4.2036152321882536,5
Base,Erdős–Rényi,DP,True,4,retention_disparity,8.1600000000000019,1.3169662106523439,5
Base,Erdős–Rényi,DP,True,4,retention_s0,49.480000000000004,0.61449165982948939,5
Base,Erdős–Rényi,DP,True,4,retention_s1,41.32,1.0777754868245957,5
Base,Erdős–Rényi,DP,True,4,unfairness,0.0057338184716726245,0.00038113363096824214,5
Base,Erdős–Rényi,DP,True,5,approval_rate_difference,7.0290547276369724,3.0235046915091095,5
Base,Erdős–Rényi,DP,True,5,retention_disparity,7.8399999999999981,1.8906083676954377,5
Base,Erdős–Rényi,DP,True,5,retention_s0,39.399999999999999,1.7017637908946117,5
Base,Erdős–Rényi,DP,True,5,retention_s1,31.560000000000002,1.4609585894199759,5
Base,Erdős–Rényi,DP,True,5,unfairness,0.0059569233623022692,0.00039017928952470965,5
Base,Erdős–Rényi,EO,False,1,approval_rate_difference,0.6800000000000006,3.7748642359692921,5
Base,Erdős–Rényi,EO,False,1,retention_disparity,0,0,5
Base,Erdős–Rényi,EO,False,1,retention_s0,100,0,5
Base,Erdős–Rényi,EO,False,1,retention_s1,100,0,5
Base,Erdős–Rényi,EO,False,1,unfairness,0.0062205350479677124,0,5
Base,Erdős–Rényi,EO,False,2,approval_rate_difference,1.4800000000000013,3.2731636072766084,5
Base,Erdős–Rényi,EO,False,2,retention_disparity,0,0,5
Base,Erdős–Rényi,EO,False,2,retention_s0,100,0,5
Base,Erdős–Rényi,EO,False,2,retention_s1,100,0,5
Base,Erdős–Rényi,EO,False,2,unfairness,0.0061784810313106455,0.00041649161228507643,5
Base,Erdős–Rényi,EO,False,3,approval_rate_difference,3.4399999999999991,3.6712940497868036,5
Base,Erdős–Rényi,EO,False,3,retention_disparity,0,0,5
Base,Erdős–Rényi,EO,False,3,retention_s0,100,0,5
Base,Erdős–Rényi,EO,False,3,retention_s1,100,0,5
Base,Erdős–Rényi,EO,False,3,unfairness,0.0060408782241089254,0.00062230623600062398,5
Base,Erdős–Rényi,EO,False,4,approval_rate_difference,-0.20000000000000018,4.3377413477523117,5
Base,Erdős–Rényi,EO,False,4,retention_disparity,0,0,5
Base,Erdős–Rényi,EO,False,4,retention_s0,100,0,5
Base,Erdős–Rényi,EO,False,4,retention_s1,100,0,5
Base,Erdős–Rényi,EO,False,4,unfairness,0.0055228814697280363,0.00052714278183615276,5
Base,Erdős–Rényi,EO,False,5,approval_rate_difference,1.9599999999999995,3.1884792613407407,5
Base,Erdős–Rényi,EO,False,5,retention_disparity,0,0,5
Base,Erdős–Rényi,EO,False,5,retention_s0,100,0,5
Base,Erdős–Rényi,EO,False,5,retention_s1,100,0,5
Base,Erdős–Rényi,EO,False,5,unfairness,0.0060135749856840004,0.00076301670597368992,5
Base,Erdős–Rényi,EO,True,1,approval_rate_difference,0.6800000000000006,3.7748642359692921,5
Base,Erdős–Rényi,EO,True,1,retention_disparity,0,0,5
Base,Erdős–Rényi,EO,True,1,retention_s0,100,0,5
Base,Erdős–Rényi,EO,True,1,retention_s1,100,0,5
Base,Erdős–Rényi,EO,True,1,unfairness,0.0062205350479677124,0,5
Base,Erdős–Rényi,EO,True,2,approval_rate_difference,1.3861033940016498,3.392689137796491,5
Base,Erdős–Rényi,EO,True,2,retention_disparity,3.6000000000000028,2.4560130292814066,5
Base,Erdős–Rényi,EO,True,2,retention_s0,77.560000000000002,2.6575176386996975,5
Base,Erdős–Rényi,EO,True,2,retention_s1,76.599999999999994,2.526657871576603,5
Base,Erdős–Rényi,EO,True,2,unfairness,0.0061784810313106455,0.00041649161228507643,5
Base,Erdős–Rényi,EO,True,3,approval_rate_difference,4.3316703013756115,3.6248107013737645,5
Base,Erdős–Rényi,EO,True,3,retention_disparity,5.1599999999999966,2.0015993605114857,5
Base,Erdős–Rényi,EO,True,3,retention_s0,59.760000000000005,2.7753198013922638,5
Base,Erdős–Rényi,EO,True,3,retention_s1,57.320000000000007,2.3549097647256008,5
Base,Erdős–Rényi,EO,True,3,unfairness,0.0062782792066455647,0.00056491915934791257,5
Base,Erdős–Rényi,EO,True,4,approval_rate_difference,0.15129664691047023,4.2991038080698756,5
Base,Erdős–Rényi,EO,True,4,retention_disparity,3.9599999999999995,1.8260339536821311,5
Base,Erdős–Rényi,EO,True,4,retention_s0,47.039999999999999,0.83330666623998351,5
Base,Erdős–Rényi,EO,True,4,retention_s1,43.079999999999998,1.2874781551544869,5
Base,Erdős–Rényi,EO,True,4,unfairness,0.005662055466765392,0.00035996460084251945,5
Base,Erdős–Rényi,EO,True,5,approval_rate_difference,5.1015576891063619,4.3774519037015169,5
Base,Erdős–Rényi,EO,True,5,retention_disparity,3.2799999999999954,1.1702991070662252,5
Base,Erdős–Rényi,EO,True,5,retention_s0,36.759999999999998,1.370547335920947,5
Base,Erdős–Rényi,EO,True,5,retention_s1,33.480000000000004,1.9332873557751318,5
Base,Erdős–Rényi,EO,True,5,unfairness,0.0059043825367105949,0.0003328164084334123,5
Base,Erdős–Rényi,LCF-active,False,1,approval_rate_difference,13.440000000000001,3.2970289655991816,5
Base,Erdős–Rényi,LCF-active,False,1,retention_disparity,0,0,5
Base,Erdős–Rényi,LCF-active,False,1,retention_s0,100,0,5
Base,Erdős–Rényi,LCF-active,False,1,retention_s1,100,0,5
Base,Erdős–Rényi,LCF-active,False,1,unfairness,0.0031757950782775879,0,5
Base,Erdős–Rényi,LCF-active,False,2,approval_rate_difference,12.880000000000001,0.85416626016250541,5
Base,Erdős–Rényi,LCF-active,False,2,retention_disparity,0,0,5
Base,Erdős–Rényi,LCF-active,False,2,retention_s0,100,0,5
Base,Erdős–Rényi,LCF-active,False,2,retention_s1,100,0,5
Base,Erdős–Rényi,LCF-active,False,2,unfairness,0.0031508867413439388,0.00017483515653437154,5
Base,Erdős–Rényi,LCF-active,False,3,approval_rate_difference,13.52,4.1310531344924639,5
Base,Erdős–Rényi,LCF-active,False,3,retention_disparity,0,0,5
Base,Erdős–Rényi,LCF-active,False,3,retention_s0,100,0,5
Base,Erdős–Rényi,LCF-active,False,3,retention_s1,100,0,5
Base,Erdős–Rényi,LCF-active,False,3,unfairness,0.0030994001249403879,0.00029806948996463883,5
Base,Erdős–Rényi,LCF-active,False,4,approval_rate_difference,11.879999999999999,3.5476189197826784,5
Base,Erdős–Rényi,LCF-active,False,4,retention_disparity,0,0,5
Base,Erdős–Rényi,LCF-active,False,4,retention_s0,100,0,5
Base,Erdős–Rényi,LCF-active,False,4,retention_s1,100,0,5
Base,Erdős–Rényi,LCF-active,False,4,unfairness,0.0028543155524612062,0.00020511116286333939,5
Base,Erdős–Rényi,LCF-active,False,5,approval_rate_difference,14.440000000000001,3.3115555257310745,5
Base,Erdős–Rényi,LCF-active,False,5,retention_disparity,0,0,5
Base,Erdős–Rényi,LCF-active,False,5,retention_s0,100,0,5
Base,Erdős–Rényi,LCF-active,False,5,retention_s1,100,0,5
Base,Erdős–Rényi,LCF-active,False,5,unfairness,0.0031097094964658732,0.00036412201676622587,5
Base,Erdős–Rényi,LCF-active,True,1,approval_rate_difference,13.440000000000001,3.2970289655991816,5
Base,Erdős–Rényi,LCF-active,True,1,retention_disparity,0,0,5
Base,Erdős–Rényi,LCF-active,True,1,retention_s0,100,0,5
Base,Erdős–Rényi,LCF-active,True,1,retention_s1,100,0,5
Base,Erdős–Rényi,LCF-active,True,1,unfairness,0.0031757950782775879,0,5
Base,Erdős–Rényi,LCF-active,True,2,approval_rate_difference,12.963076443117092,1.9261138870558114,5
Base,Erdős–Rényi,LCF-active,True,2,retention_disparity,17.399999999999999,4.2199526063689428,5
Base,Erdős–Rényi,LCF-active,True,2,retention_s0,79.560000000000002,3.0130383336426374,5
Base,Erdős–Rényi,LCF-active,True,2,retention_s1,62.160000000000004,2.2712111306525462,5
Base,Erdős–Rényi,LCF-active,True,2,unfairness,0.0031508867413439388,0.00017483515653437154,5
Base,Erdős–Rényi,LCF-active,True,3,approval_rate_difference,13.255739247080513,4.462410963752161,5
Base,Erdős–Rényi,LCF-active,True,3,retention_disparity,21.880000000000003,3.058365576578447,5
Base,Erdős–Rényi,LCF-active,True,3,retention_s0,60.359999999999999,2.3026940743398816,5
Base,Erdős–Rényi,LCF-active,True,3,retention_s1,38.480000000000004,1.9497692171126317,5
Base,Erdős–Rényi,LCF-active,True,3,unfairness,0.0031848151426408177,0.00025547005776560934,5
Base,Erdős–Rényi,LCF-active,True,4,approval_rate_difference,13.146116367348833,1.6219722337292368,5
Base,Erdős–Rényi,LCF-active,True,4,retention_disparity,22.399999999999999,2.9257477676655608,5
Base,Erdős–Rényi,LCF-active,True,4,retention_s0,47.560000000000002,1.7269626515938326,5
Base,Erdős–Rényi,LCF-active,True,4,retention_s1,25.16,1.4499655168313506,5
Base,Erdős–Rényi,LCF-active,True,4,unfairness,0.0029013002939528576,7.5076452893112279e-05,5
Base,Erdős–Rényi,LCF-active,True,5,approval_rate_difference,17.196319752028465,3.8621339617543162,5
Base,Erdős–Rényi,LCF-active,True,5,retention_disparity,21.399999999999999,3.440930106817051,5
Base,Erdős–Rényi,LCF-active,True,5,retention_s0,37.399999999999999,2.1614809737770071,5
Base,Erdős–Rényi,LCF-active,True,5,retention_s1,16,1.559487095169434,5
Base,Erdős–Rényi,LCF-active,True,5,unfairness,0.0029703677951383733,0.00013102476953261128,5
Base,Erdős–Rényi,LCF-original,False,1,approval_rate_difference,13.48,2.6850698314941472,5
Base,Erdős–Rényi,LCF-original,False,1,retention_disparity,0,0,5
Base,Erdős–Rényi,LCF-original,False,1,retention_s0,100,0,5
Base,Erdős–Rényi,LCF-original,False,1,retention_s1,100,0,5
Base,Erdős–Rényi,LCF-original,False,1,unfairness,0.0046932697296142578,0,5
Base,Erdős–Rényi,LCF-original,False,2,approval_rate_difference,12.68,0.34871191548325309,5
Base,Erdős–Rényi,LCF-original,False,2,retention_disparity,0,0,5
Base,Erdős–Rényi,LCF-original,False,2,retention_s0,100,0,5
Base,Erdős–Rényi,LCF-original,False,2,retention_s1,100,0,5
Base,Erdős–Rényi,LCF-original,False,2,unfairness,0.0047436548257236977,0.00025171701458534681,5
Base,Erdős–Rényi,LCF-original,False,3,approval_rate_difference,13.359999999999999,3.7059951430081526,5
Base,Erdős–Rényi,LCF-original,False,3,retention_disparity,0,0,5
Base,Erdős–Rényi,LCF-original,False,3,retention_s0,100,0,5
Base,Erdős–Rényi,LCF-original,False,3,retention_s1,100,0,5
Base,Erdős–Rényi,LCF-original,False,3,unfairness,0.0046454526298838504,0.00037124712733613031,5
Base,Erdős–Rényi,LCF-original,False,4,approval_rate_difference,11.16,4.4043614747202566,5
Base,Erdős–Rényi,LCF-original,False,4,retention_disparity,0,0,5
Base,Erdős–Rényi,LCF-original,False,4,retention_s0,100,0,5
Base,Erdős–Rényi,LCF-original,False,4,retention_s1,100,0,5
Base,Erdős–Rényi,LCF-original,False,4,unfairness,0.0045107028675247293,0.00033291849764412179,5
Base,Erdős–Rényi,LCF-original,False,5,approval_rate_difference,15.120000000000001,2.4741867350707385,5
Base,Erdős–Rényi,LCF-original,False,5,retention_disparity,0,0,5
Base,Erdős–Rényi,LCF-original,False,5,retention_s0,100,0,5
Base,Erdős–Rényi,LCF-original,False,5,retention_s1,100,0,5
Base,Erdős–Rényi,LCF-original,False,5,unfairness,0.0048247149018469269,0.00051763555259259539,5
Base,Erdős–Rényi,LCF-original,True,1,approval_rate_difference,13.48,2.6850698314941472,5
Base,Erdős–Rényi,LCF-original,True,1,retention_disparity,0,0,5
Base,Erdős–Rényi,LCF-original,True,1,retention_s0,100,0,5
Base,Erdős–Rényi,LCF-original,True,1,retention_s1,100,0,5
Base,Erdős–Rényi,LCF-original,True,1,unfairness,0.0046932697296142578,0,5
Base,Erdős–Rényi,LCF-original,True,2,approval_rate_difference,12.466959695067596,1.9305224186563665,5
Base,Erdős–Rényi,LCF-original,True,2,retention_disparity,18.120000000000001,4.9680579706762664,5
Base,Erdős–Rényi,LCF-original,True,2,retention_s0,78.599999999999994,3.3728326374132491,5
Base,Erdős–Rényi,LCF-original,True,2,retention_s1,60.479999999999997,2.6399999999999988,5
Base,Erdős–Rényi,LCF-original,True,2,unfairness,0.0047436548257236977,0.00025171701458534681,5
Base,Erdős–Rényi,LCF-original,True,3,approval_rate_difference,13.362552785817059,3.2923030358539105,5
Base,Erdős–Rényi,LCF-original,True,3,retention_disparity,21.959999999999997,3.3690354702792882,5
Base,Erdős–Rényi,LCF-original,True,3,retention_s0,58.439999999999998,2.0645580640902281,5
Base,Erdős–Rényi,LCF-original,True,3,retention_s1,36.480000000000004,2.1414014102918681,5
Base,Erdős–Rényi,LCF-original,True,3,unfairness,0.0047491326597451922,0.0003021195961458575,5
Base,Erdős–Rényi,LCF-original,True,4,approval_rate_difference,11.972706789463171,2.2688501006756621,5
Base,Erdős–Rényi,LCF-original,True,4,retention_disparity,22.520000000000003,3.2362941769870051,5
Base,Erdős–Rényi,LCF-original,True,4,retention_s0,45.359999999999999,1.768162888424027,5
Base,Erdős–Rényi,LCF-original,True,4,retention_s1,22.84,1.5768322675541622,5
Base,Erdős–Rényi,LCF-original,True,4,unfairness,0.0045222760689769938,0.00017990952727460491,5
Base,Erdős–Rényi,LCF-original,True,5,approval_rate_difference,16.225923871707064,6.442537611558218,5
Base,Erdős–Rényi,LCF-original,True,5,retention_disparity,20.119999999999997,2.643028565869086,5
Base,Erdős–Rényi,LCF-original,True,5,retention_s0,34.68,1.54194682139171,5
Base,Erdős–Rényi,LCF-original,True,5,retention_s1,14.560000000000002,1.3705473359209457,5
Base,Erdős–Rényi,LCF-original,True,5,unfairness,0.0045888004611182916,0.00024982384809963163,5
Base,Watts–Strogatz,Baseline,False,1,approval_rate_difference,4.4399999999999995,3.0812984276113213,5
Base,Watts–Strogatz,Baseline,False,1,retention_disparity,0,0,5
Base,Watts–Strogatz,Baseline,False,1,retention_s0,100,0,5
Base,Watts–Strogatz,Baseline,False,1,retention_s1,100,0,5
Base,Watts–Strogatz,Baseline,False,1,unfairness,0.0062180204695946317,0,5
Base,Watts–Strogatz,Baseline,False,2,approval_rate_difference,4.480000000000004,2.9081953166869683,5
Base,Watts–Strogatz,Baseline,False,2,retention_disparity,0,0,5
Base,Watts–Strogatz,Baseline,False,2,retention_s0,100,0,5
Base,Watts–Strogatz,Baseline,False,2,retention_s1,100,0,5
Base,Watts–Strogatz,Baseline,False,2,unfairness,0.0062272516539790598,0.0004184329357720544,5
Base,Watts–Strogatz,Baseline,False,3,approval_rate_difference,6.5200000000000014,4.0764690603511253,5
Base,Watts–Strogatz,Baseline,False,3,retention_disparity,0,0,5
Base,Watts–Strogatz,Baseline,False,3,retention_s0,100,0,5
Base,Watts–Strogatz,Baseline,False,3,retention_s1,100,0,5
Base,Watts–Strogatz,Baseline,False,3,unfairness,0.0060795769117534702,0.00062679396666965703,5
Base,Watts–Strogatz,Baseline,False,4,approval_rate_difference,2.4800000000000022,4.2531870403263516,5
Base,Watts–Strogatz,Baseline,False,4,retention_disparity,0,0,5
Base,Watts–Strogatz,Baseline,False,4,retention_s0,100,0,5
Base,Watts–Strogatz,Baseline,False,4,retention_s1,100,0,5
Base,Watts–Strogatz,Baseline,False,4,unfairness,0.0056810446809416604,0.00057770569334820662,5
Base,Watts–Strogatz,Baseline,False,5,approval_rate_difference,4.3200000000000021,3.5946627101857551,5
Base,Watts–Strogatz,Baseline,False,5,retention_disparity,0,0,5
Base,Watts–Strogatz,Baseline,False,5,retention_s0,100,0,5
Base,Watts–Strogatz,Baseline,False,5,retention_s1,100,0,5
Base,Watts–Strogatz,Baseline,False,5,unfairness,0.0061554371692148502,0.00084981245787476829,5
Base,Watts–Strogatz,Baseline,True,1,approval_rate_difference,4.4399999999999995,3.0812984276113213,5
Base,Watts–Strogatz,Baseline,True,1,retention_disparity,0,0,5
Base,Watts–Strogatz,Baseline,True,1,retention_s0,100,0,5
Base,Watts–Strogatz,Baseline,True,1,retention_s1,100,0,5
Base,Watts–Strogatz,Baseline,True,1,unfairness,0.0062180204695946317,0,5
Base,Watts–Strogatz,Baseline,True,2,approval_rate_difference,4.8784924009456265,3.2929737973748185,5
Base,Watts–Strogatz,Baseline,True,2,retention_disparity,6.8399999999999981,4.481785358537377,5
Base,Watts–Strogatz,Baseline,True,2,retention_s0,81.320000000000007,3.0373672810511407,5
Base,Watts–Strogatz,Baseline,True,2,retention_s1,74.480000000000004,2.5285569006846593,5
Base,Watts–Strogatz,Baseline,True,2,unfairness,0.0062272516539790598,0.0004184329357720544,5
Base,Watts–Strogatz,Baseline,True,3,approval_rate_difference,6.6089842266174088,5.3811603039204954,5
Base,Watts–Strogatz,Baseline,True,3,retention_disparity,8.7599999999999998,6.1947074184339019,5
Base,Watts–Strogatz,Baseline,True,3,retention_s0,63.320000000000007,3.0294553966018403,5
Base,Watts–Strogatz,Baseline,True,3,retention_s1,54.560000000000002,3.8312400081435776,5
Base,Watts–Strogatz,Baseline,True,3,unfairness,0.0062616117037224139,0.00051236966715600431,5
Base,Watts–Strogatz,Baseline,True,4,approval_rate_difference,1.9339156389173007,4.4140529026370965,5
Base,Watts–Strogatz,Baseline,True,4,retention_disparity,11.080000000000002,2.7730128019899225,5
Base,Watts–Strogatz,Baseline,True,4,retention_s0,50.880000000000003,1.2432216214336054,5
Base,Watts–Strogatz,Baseline,True,4,retention_s1,39.799999999999997,3.2471525988163847,5
Base,Watts–Strogatz,Baseline,True,4,unfairness,0.0057995243303740731,0.0003223643420612405,5
Base,Watts–Strogatz,Baseline,True,5,approval_rate_difference,7.1643855549506741,3.4975228745351399,5
Base,Watts–Strogatz,Baseline,True,5,retention_disparity,9.120000000000001,3.0505081543900188,5
Base,Watts–Strogatz,Baseline,True,5,retention_s0,39.880000000000003,1.5419468213917089,5
Base,Watts–Strogatz,Baseline,True,5,retention_s1,30.760000000000002,3.4185376990754395,5
Base,Watts–Strogatz,Baseline,True,5,unfairness,0.0060795750026586774,0.0004003217076637886,5
Base,Watts–Strogatz,DP,False,1,approval_rate_difference,4.3999999999999995,3.1009675909302894,5
Base,Watts–Strogatz,DP,False,1,retention_disparity,0,0,5
Base,Watts–Strogatz,DP,False,1,retention_s0,100,0,5
Base,Watts–Strogatz,DP,False,1,retention_s1,100,0,5
Base,Watts–Strogatz,DP,False,1,unfairness,0.0062177432011758516,0,5
Base,Watts–Strogatz,DP,False,2,approval_rate_difference,4.480000000000004,2.9081953166869683,5
Base,Watts–Strogatz,DP,False,2,retention_disparity,0,0,5
Base,Watts–Strogatz,DP,False,2,retention_s0,100,0,5
Base,Watts–Strogatz,DP,False,2,retention_s1,100,0,5
Base,Watts–Strogatz,DP,False,2,unfairness,0.0062281593895916251,0.0004169984174103087,5
Base,Watts–Strogatz,DP,False,3,approval_rate_difference,6.5200000000000014,4.035046468133916,5
Base,Watts–Strogatz,DP,False,3,retention_disparity,0,0,5
Base,Watts–Strogatz,DP,False,3,retention_s0,100,0,5
Base,Watts–Strogatz,DP,False,3,retention_s1,100,0,5
Base,Watts–Strogatz,DP,False,3,unfairness,0.0060827029850468286,0.00062903202301630324,5
Base,Watts–Strogatz,DP,False,4,approval_rate_difference,2.4800000000000022,4.2531870403263516,5
Base,Watts–Strogatz,DP,False,4,retention_disparity,0,0,5
Base,Watts–Strogatz,DP,False,4,retention_s0,100,0,5
Base,Watts–Strogatz,DP,False,4,retention_s1,100,0,5
Base,Watts–Strogatz,DP,False,4,unfairness,0.0056798824709330285,0.00057730400146545498,5
Base,Watts–Strogatz,DP,False,5,approval_rate_difference,4.3600000000000012,3.6075476434830351,5
Base,Watts–Strogatz,DP,False,5,retention_disparity,0,0,5
Base,Watts–Strogatz,DP,False,5,retention_s0,100,0,5
Base,Watts–Strogatz,DP,False,5,retention_s1,100,0,5
Base,Watts–Strogatz,DP,False,5,unfairness,0.0061551855079480912,0.00085044822959454082,5
Base,Watts–Strogatz,DP,True,1,approval_rate_difference,4.3999999999999995,3.1009675909302894,5
Base,Watts–Strogatz,DP,True,1,retention_disparity,0,0,5
Base,Watts–Strogatz,DP,True,1,retention_s0,100,0,5
Base,Watts–Strogatz,DP,True,1,retention_s1,100,0,5
Base,Watts–Strogatz,DP,True,1,unfairness,0.0062177432011758516,0,5
Base,Watts–Strogatz,DP,True,2,approval_rate_difference,4.8608139849317,3.3137949305620022,5
Base,Watts–Strogatz,DP,True,2,retention_disparity,6.7999999999999972,4.5130920664218683,5
Base,Watts–Strogatz,DP,True,2,retention_s0,81.280000000000001,3.097353709216951,5
Base,Watts–Strogatz,DP,True,2,retention_s1,74.480000000000004,2.5285569006846593,5
Base,Watts–Strogatz,DP,True,2,unfairness,0.0062281593895916251,0.0004169984174103087,5
Base,Watts–Strogatz,DP,True,3,approval_rate_difference,6.5957930693584554,5.2921121958381931,5
Base,Watts–Strogatz,DP,True,3,retention_disparity,8.7200000000000006,6.2310191782725246,5
Base,Watts–Strogatz,DP,True,3,retention_s0,63.279999999999994,3.0844124237851211,5
Base,Watts–Strogatz,DP,True,3,retention_s1,54.560000000000002,3.8312400081435776,5
Base,Watts–Strogatz,DP,True,3,unfairness,0.0062644538965139548,0.00051668438434735538,5
Base,Watts–Strogatz,DP,True,4,approval_rate_difference,1.9035980874326963,4.5185233251848995,5
Base,Watts–Strogatz,DP,True,4,retention_disparity,11.040000000000003,2.8011426240018551,5
Base,Watts–Strogatz,DP,True,4,retention_s0,50.799999999999997,1.3084341787036911,5
Base,Watts–Strogatz,DP,True,4,retention_s1,39.760000000000005,3.2134716429431891,5
Base,Watts–Strogatz,DP,True,4,unfairness,0.0057979811836146979,0.00032388237020890612,5
Base,Watts–Strogatz,DP,True,5,approval_rate_difference,7.2659083975902687,3.3696615504977494,5
Base,Watts–Strogatz,DP,True,5,retention_disparity,9.120000000000001,3.0505081543900188,5
Base,Watts–Strogatz,DP,True,5,retention_s0,39.880000000000003,1.5419468213917089,5
Base,Watts–Strogatz,DP,True,5,retention_s1,30.760000000000002,3.4185376990754395,5
Base,Watts–Strogatz,DP,True,5,unfairness,0.0060771172604662024,0.00040148356590660484,5
Base,Watts–Strogatz,EO,False,1,approval_rate_difference,1.3200000000000012,3.7064268507553231,5
Base,Watts–Strogatz,EO,False,1,retention_disparity,0,0,5
Base,Watts–Strogatz,EO,False,1,retention_s0,100,0,5
Base,Watts–Strogatz,EO,False,1,retention_s1,100,0,5
Base,Watts–Strogatz,EO,False,1,unfairness,0.0061574373806995153,0,5
Base,Watts–Strogatz,EO,False,2,approval_rate_difference,2.0800000000000018,3.1964980838411305,5
Base,Watts–Strogatz,EO,False,2,retention_disparity,0,0,5
Base,Watts–Strogatz,EO,False,2,retention_s0,100,0,5
Base,Watts–Strogatz,EO,False,2,retention_s1,100,0,5
Base,Watts–Strogatz,EO,False,2,unfairness,0.0061571525404122921,0.00040138017797854386,5
Base,Watts–Strogatz,EO,False,3,approval_rate_difference,3.879999999999999,3.875254830330515,5
Base,Watts–Strogatz,EO,False,3,retention_disparity,0,0,5
Base,Watts–Strogatz,EO,False,3,retention_s0,100,0,5
Base,Watts–Strogatz,EO,False,3,retention_s1,100,0,5
Base,Watts–Strogatz,EO,False,3,unfairness,0.0060000540252598267,0.00060669365122886353,5
Base,Watts–Strogatz,EO,False,4,approval_rate_difference,0.16000000000000014,4.3697139494479531,5
Base,Watts–Strogatz,EO,False,4,retention_disparity,0,0,5
Base,Watts–Strogatz,EO,False,4,retention_s0,100,0,5
Base,Watts–Strogatz,EO,False,4,retention_s1,100,0,5
Base,Watts–Strogatz,EO,False,4,unfairness,0.00559360057174676,0.00055607826233755218,5
Base,Watts–Strogatz,EO,False,5,approval_rate_difference,1.9199999999999995,3.2164576788759391,5
Base,Watts–Strogatz,EO,False,5,retention_disparity,0,0,5
Base,Watts–Strogatz,EO,False,5,retention_s0,100,0,5
Base,Watts–Strogatz,EO,False,5,retention_s1,100,0,5
Base,Watts–Strogatz,EO,False,5,unfairness,0.0060557726838258667,0.00079195845367791462,5
Base,Watts–Strogatz,EO,True,1,approval_rate_difference,1.3200000000000012,3.7064268507553231,5
Base,Watts–Strogatz,EO,True,1,retention_disparity,0,0,5
Base,Watts–Strogatz,EO,True,1,retention_s0,100,0,5
Base,Watts–Strogatz,EO,True,1,retention_s1,100,0,5
Base,Watts–Strogatz,EO,True,1,unfairness,0.0061574373806995153,0,5
Base,Watts–Strogatz,EO,True,2,approval_rate_difference,2.6669643901246394,3.4715085148544254,5
Base,Watts–Strogatz,EO,True,2,retention_disparity,5.4799999999999951,3.1864714026647101,5
Base,Watts–Strogatz,EO,True,2,retention_s0,78.960000000000008,3.8974863694437691,5
Base,Watts–Strogatz,EO,True,2,retention_s1,75.640000000000001,2.4928698321412597,5
Base,Watts–Strogatz,EO,True,2,unfairness,0.0061571525404122921,0.00040138017797854386,5
Base,Watts–Strogatz,EO,True,3,approval_rate_difference,4.213481856299282,5.1479636019866097,5
Base,Watts–Strogatz,EO,True,3,retention_disparity,6.919999999999999,4.5617540486089352,5
Base,Watts–Strogatz,EO,True,3,retention_s0,60.600000000000001,3.7799470895767837,5
Base,Watts–Strogatz,EO,True,3,retention_s1,56.560000000000002,4.2771953427450571,5
Base,Watts–Strogatz,EO,True,3,unfairness,0.0061699657380086762,0.00053665043810224432,5
Base,Watts–Strogatz,EO,True,4,approval_rate_difference,-0.057852640871180937,4.9140687237090361,5
Base,Watts–Strogatz,EO,True,4,retention_disparity,6.2400000000000002,2.7405109012737023,5
Base,Watts–Strogatz,EO,True,4,retention_s0,48.160000000000004,1.7816845961056067,5
Base,Watts–Strogatz,EO,True,4,retention_s1,41.920000000000002,2.8610487587596274,5
Base,Watts–Strogatz,EO,True,4,unfairness,0.0057315484300108242,0.00034135643478995991,5
Base,Watts–Strogatz,EO,True,5,approval_rate_difference,5.4687531230522541,0.74815209569122243,5
Base,Watts–Strogatz,EO,True,5,retention_disparity,4.6799999999999971,2.8777769197767911,5
Base,Watts–Strogatz,EO,True,5,retention_s0,37.479999999999997,1.8744599222175964,5
Base,Watts–Strogatz,EO,True,5,retention_s1,32.799999999999997,3.6791303320214124,5
Base,Watts–Strogatz,EO,True,5,unfairness,0.0060431144744820921,0.00041871290423561798,5
Base,Watts–Strogatz,LCF-active,False,1,approval_rate_difference,13.719999999999999,3.2535519052260415,5
Base,Watts–Strogatz,LCF-active,False,1,retention_disparity,0,0,5
Base,Watts–Strogatz,LCF-active,False,1,retention_s0,100,0,5
Base,Watts–Strogatz,LCF-active,False,1,retention_s1,100,0,5
Base,Watts–Strogatz,LCF-active,False,1,unfairness,0.0040640830993652344,0,5
Base,Watts–Strogatz,LCF-active,False,2,approval_rate_difference,13.040000000000001,0.87086164228309015,5
Base,Watts–Strogatz,LCF-active,False,2,retention_disparity,0,0,5
Base,Watts–Strogatz,LCF-active,False,2,retention_s0,100,0,5
Base,Watts–Strogatz,LCF-active,False,2,retention_s1,100,0,5
Base,Watts–Strogatz,LCF-active,False,2,unfairness,0.0040568990241655056,0.00021221279151807486,5
Base,Watts–Strogatz,LCF-active,False,3,approval_rate_difference,14.119999999999999,3.9468468427340841,5
Base,Watts–Strogatz,LCF-active,False,3,retention_disparity,0,0,5
Base,Watts–Strogatz,LCF-active,False,3,retention_s0,100,0,5
Base,Watts–Strogatz,LCF-active,False,3,retention_s1,100,0,5
Base,Watts–Strogatz,LCF-active,False,3,unfairness,0.0039904658568226999,0.00036413334505665772,5
Base,Watts–Strogatz,LCF-active,False,4,approval_rate_difference,12.16,3.7892479464928166,5
Base,Watts–Strogatz,LCF-active,False,4,retention_disparity,0,0,5
Base,Watts–Strogatz,LCF-active,False,4,retention_s0,100,0,5
Base,Watts–Strogatz,LCF-active,False,4,retention_s1,100,0,5
Base,Watts–Strogatz,LCF-active,False,4,unfairness,0.0037593633909040803,0.00024769007486405398,5
Base,Watts–Strogatz,LCF-active,False,5,approval_rate_difference,14.960000000000003,2.9997333214804303,5
Base,Watts–Strogatz,LCF-active,False,5,retention_disparity,0,0,5
Base,Watts–Strogatz,LCF-active,False,5,retention_s0,100,0,5
Base,Watts–Strogatz,LCF-active,False,5,retention_s1,100,0,5
Base,Watts–Strogatz,LCF-active,False,5,unfairness,0.0040706245373420382,0.00042767753116907612,5
Base,Watts–Strogatz,LCF-active,True,1,approval_rate_difference,13.719999999999999,3.2535519052260415,5
Base,Watts–Strogatz,LCF-active,True,1,retention_disparity,0,0,5
Base,Watts–Strogatz,LCF-active,True,1,retention_s0,100,0,5
Base,Watts–Strogatz,LCF-active,True,1,retention_s1,100,0,5
Base,Watts–Strogatz,LCF-active,True,1,unfairness,0.0040640830993652344,0,5
Base,Watts–Strogatz,LCF-active,True,2,approval_rate_difference,13.557052568422298,1.6507053335851019,5
Base,Watts–Strogatz,LCF-active,True,2,retention_disparity,19.359999999999996,3.8437481707312693,5
Base,Watts–Strogatz,LCF-active,True,2,retention_s0,80.640000000000001,2.7463430230034933,5
Base,Watts–Strogatz,LCF-active,True,2,retention_s1,61.279999999999994,2.1857721747702841,5
Base,Watts–Strogatz,LCF-active,True,2,unfairness,0.0040568990241655056,0.00021221279151807486,5
Base,Watts–Strogatz,LCF-active,True,3,approval_rate_difference,13.585788519763422,4.8544398035338441,5
Base,Watts–Strogatz,LCF-active,True,3,retention_disparity,23.16,2.8716545753276139,5
Base,Watts–Strogatz,LCF-active,True,3,retention_s0,61.039999999999999,2.3879698490558905,5
Base,Watts–Strogatz,LCF-active,True,3,retention_s1,37.880000000000003,1.3422369388450039,5
Base,Watts–Strogatz,LCF-active,True,3,unfairness,0.0041076244109067295,0.00033647261464822293,5
Base,Watts–Strogatz,LCF-active,True,4,approval_rate_difference,13.135043085798722,1.6184306118804137,5
Base,Watts–Strogatz,LCF-active,True,4,retention_disparity,23,1.574801574802362,5
Base,Watts–Strogatz,LCF-active,True,4,retention_s0,47.640000000000001,1.449965516831349,5
Base,Watts–Strogatz,LCF-active,True,4,retention_s1,24.640000000000001,1.1200000000000006,5
Base,Watts–Strogatz,LCF-active,True,4,unfairness,0.0037891201086818426,8.0197771837892053e-05,5
Base,Watts–Strogatz,LCF-active,True,5,approval_rate_difference,20.155592481695074,3.0885393222735318,5
Base,Watts–Strogatz,LCF-active,True,5,retention_disparity,21.600000000000001,1.7977764043395399,5
Base,Watts–Strogatz,LCF-active,True,5,retention_s0,37.600000000000001,1.5178932768808258,5
Base,Watts–Strogatz,LCF-active,True,5,retention_s1,16,1.538830724933707,5
Base,Watts–Strogatz,LCF-active,True,5,unfairness,0.0039081587177363323,0.0001864198644121076,5
Base,Watts–Strogatz,LCF-original,False,1,approval_rate_difference,13.4,2.6502830037563938,5
Base,Watts–Strogatz,LCF-original,False,1,retention_disparity,0,0,5
Base,Watts–Strogatz,LCF-original,False,1,retention_s0,100,0,5
Base,Watts–Strogatz,LCF-original,False,1,retention_s1,100,0,5
Base,Watts–Strogatz,LCF-original,False,1,unfairness,0.0043342113494873047,0,5
Base,Watts–Strogatz,LCF-original,False,2,approval_rate_difference,12.919999999999998,0.32496153618543788,5
Base,Watts–Strogatz,LCF-original,False,2,retention_disparity,0,0,5
Base,Watts–Strogatz,LCF-original,False,2,retention_s0,100,0,5
Base,Watts–Strogatz,LCF-original,False,2,retention_s1,100,0,5
Base,Watts–Strogatz,LCF-original,False,2,unfairness,0.0043833429479169352,0.00023075368779697898,5
Base,Watts–Strogatz,LCF-original,False,3,approval_rate_difference,13.439999999999998,3.6778254444712317,5
Base,Watts–Strogatz,LCF-original,False,3,retention_disparity,0,0,5
Base,Watts–Strogatz,LCF-original,False,3,retention_s0,100,0,5
Base,Watts–Strogatz,LCF-original,False,3,retention_s1,100,0,5
Base,Watts–Strogatz,LCF-original,False,3,unfairness,0.0042870243581396572,0.00037465673497502524,5
Base,Watts–Strogatz,LCF-original,False,4,approval_rate_difference,11.16,4.5980865585588955,5
Base,Watts–Strogatz,LCF-original,False,4,retention_disparity,0,0,5
Base,Watts–Strogatz,LCF-original,False,4,retention_s0,100,0,5
Base,Watts–Strogatz,LCF-original,False,4,retention_s1,100,0,5
Base,Watts–Strogatz,LCF-original,False,4,unfairness,0.0041740903623521007,0.0003303200364203285,5
Base,Watts–Strogatz,LCF-original,False,5,approval_rate_difference,14.919999999999998,2.6339324213046926,5
Base,Watts–Strogatz,LCF-original,False,5,retention_disparity,0,0,5
Base,Watts–Strogatz,LCF-original,False,5,retention_s0,100,0,5
Base,Watts–Strogatz,LCF-original,False,5,retention_s1,100,0,5
Base,Watts–Strogatz,LCF-original,False,5,unfairness,0.0044555025635193866,0.00051000152759820476,5
Base,Watts–Strogatz,LCF-original,True,1,approval_rate_difference,13.4,2.6502830037563938,5
Base,Watts–Strogatz,LCF-original,True,1,retention_disparity,0,0,5
Base,Watts–Strogatz,LCF-original,True,1,retention_s0,100,0,5
Base,Watts–Strogatz,LCF-original,True,1,retention_s1,100,0,5
Base,Watts–Strogatz,LCF-original,True,1,unfairness,0.0043342113494873047,0,5
Base,Watts–Strogatz,LCF-original,True,2,approval_rate_difference,13.779710077813187,1.6829002782757894,5
Base,Watts–Strogatz,LCF-original,True,2,retention_disparity,19.840000000000003,3.0838936427834249,5
Base,Watts–Strogatz,LCF-original,True,2,retention_s0,79.640000000000001,2.5024787711387275,5
Base,Watts–Strogatz,LCF-original,True,2,retention_s1,59.799999999999997,2.1279097725232639,5
Base,Watts–Strogatz,LCF-original,True,2,unfairness,0.0043833429479169352,0.00023075368779697898,5
Base,Watts–Strogatz,LCF-original,True,3,approval_rate_difference,12.707249273472717,5.4080946995043151,5
Base,Watts–Strogatz,LCF-original,True,3,retention_disparity,23.799999999999994,1.8022208521710106,5
Base,Watts–Strogatz,LCF-original,True,3,retention_s0,58.959999999999994,1.740804411759117,5
Base,Watts–Strogatz,LCF-original,True,3,retention_s1,35.160000000000004,1.9530488985173928,5
Base,Watts–Strogatz,LCF-original,True,3,unfairness,0.0043691425641691596,0.00035236492848597395,5
Base,Watts–Strogatz,LCF-original,True,4,approval_rate_difference,11.361113690516913,1.704868069740775,5
Base,Watts–Strogatz,LCF-original,True,4,retention_disparity,22.32,2.2076231562474615,5
Base,Watts–Strogatz,LCF-original,True,4,retention_s0,44.880000000000003,1.5574337867145436,5
Base,Watts–Strogatz,LCF-original,True,4,retention_s1,22.559999999999999,2.0606794995826005,5
Base,Watts–Strogatz,LCF-original,True,4,unfairness,0.0041740404127700746,0.00015056424193678897,5
Base,Watts–Strogatz,LCF-original,True,5,approval_rate_difference,18.612257436424407,3.6599550471931943,5
Base,Watts–Strogatz,LCF-original,True,5,retention_disparity,20.080000000000002,1.9082976707002499,5
Base,Watts–Strogatz,LCF-original,True,5,retention_s0,34.560000000000002,1.5357083056361975,5
Base,Watts–Strogatz,LCF-original,True,5,retention_s1,14.48,1.8269099594670772,5
Base,Watts–Strogatz,LCF-original,True,5,unfairness,0.0042500188176353591,0.00019002598708530745,5
Variant I,Base (80/20),Baseline,False,1,approval_rate_difference,0.44000000000000039,2.1518364250100444,5
Variant I,Base (80/20),Baseline,False,1,retention_disparity,0,0,5
Variant I,Base (80/20),Baseline,False,1,retention_s0,100,0,5
Variant I,Base (80/20),Baseline,False,1,retention_s1,100,0,5
Variant I,Base (80/20),Baseline,False,1,unfairness,0.008325831252977145,0,5
Variant I,Base (80/20),Baseline,False,2,approval_rate_difference,-1.120000000000001,1.121427661510096,5
Variant I,Base (80/20),Baseline,False,2,retention_disparity,0,0,5
Variant I,Base (80/20),Baseline,False,2,retention_s0,100,0,5
Variant I,Base (80/20),Baseline,False,2,retention_s1,100,0,5
Variant I,Base (80/20),Baseline,False,2,unfairness,0.0074453940558826927,0.00044685397513667571,5
Variant I,Base (80/20),Baseline,False,3,approval_rate_difference,-0.92000000000000315,2.7323250172700893,5
Variant I,Base (80/20),Baseline,False,3,retention_disparity,0,0,5
Variant I,Base (80/20),Baseline,False,3,retention_s0,100,0,5
Variant I,Base (80/20),Baseline,False,3,retention_s1,100,0,5
Variant I,Base (80/20),Baseline,False,3,unfairness,0.0076263267751489842,0.00078712171361921223,5
Variant I,Base (80/20),Baseline,False,4,approval_rate_difference,-0.92000000000000082,5.171614834846074,5
Variant I,Base (80/20),Baseline,False,4,retention_disparity,0,0,5
Variant I,Base (80/20),Baseline,False,4,retention_s0,100,0,5
Variant I,Base (80/20),Baseline,False,4,retention_s1,100,0,5
Variant I,Base (80/20),Baseline,False,4,unfairness,0.0087259964433684216,0.00075688385166633638,5
Variant I,Base (80/20),Baseline,False,5,approval_rate_difference,0.83999999999999841,2.0372530525194925,5
Variant I,Base (80/20),Baseline,False,5,retention_disparity,0,0,5
Variant I,Base (80/20),Baseline,False,5,retention_s0,100,0,5
Variant I,Base (80/20),Baseline,False,5,retention_s1,100,0,5
Variant I,Base (80/20),Baseline,False,5,unfairness,0.0081296691845505805,0.00087018703117363488,5
Variant I,Base (80/20),Baseline,True,1,approval_rate_difference,0.44000000000000039,2.1518364250100444,5
Variant I,Base (80/20),Baseline,True,1,retention_disparity,0,0,5
Variant I,Base (80/20),Baseline,True,1,retention_s0,100,0,5
Variant I,Base (80/20),Baseline,True,1,retention_s1,100,0,5
Variant I,Base (80/20),Baseline,True,1,unfairness,0.008325831252977145,0,5
Variant I,Base (80/20),Baseline,True,2,approval_rate_difference,-1.5090999690241413,1.1154417733489297,5
Variant I,Base (80/20),Baseline,True,2,retention_disparity,2,1.2899612397277669,5
Variant I,Base (80/20),Baseline,True,2,retention_s0,78.040000000000006,0.95833188405687508,5
Variant I,Base (80/20),Baseline,True,2,retention_s1,77.240000000000009,1.3529227620230206,5
Variant I,Base (80/20),Baseline,True,2,unfairness,0.0074453940558826927,0.00044685397513667571,5
Variant I,Base (80/20),Baseline,True,3,approval_rate_difference,-1.0124141710325052,1.8204797820254837,5
Variant I,Base (80/20),Baseline,True,3,retention_disparity,1.8800000000000026,1.0166612021711061,5
Variant I,Base (80/20),Baseline,True,3,retention_s0,58.600000000000001,1.2132600710482493,5
Variant I,Base (80/20),Baseline,True,3,retention_s1,59.839999999999996,1.1412274094149704,5
Variant I,Base (80/20),Baseline,True,3,unfairness,0.0077986152626699388,0.00056197735773160905,5
Variant I,Base (80/20),Baseline,True,4,approval_rate_difference,0.236856037407005,6.1740433327335964,5
Variant I,Base (80/20),Baseline,True,4,retention_disparity,1.9200000000000004,0.95163018026962276,5
Variant I,Base (80/20),Baseline,True,4,retention_s0,45.160000000000004,1.7861690849412866,5
Variant I,Base (80/20),Baseline,True,4,retention_s1,46.519999999999996,1.6228370220080637,5
Variant I,Base (80/20),Baseline,True,4,unfairness,0.0084777255266868193,0.00065845833933897825,5
Variant I,Base (80/20),Baseline,True,5,approval_rate_difference,1.5898924430117134,5.8943498088084763,5
Variant I,Base (80/20),Baseline,True,5,retention_disparity,1.8799999999999997,1.953867958691168,5
Variant I,Base (80/20),Baseline,True,5,retention_s0,35.920000000000002,1.6473008225579193,5
Variant I,Base (80/20),Baseline,True,5,retention_s1,36.439999999999998,2.3026940743398798,5
Variant I,Base (80/20),Baseline,True,5,unfairness,0.0081632129387976919,0.0006295466831770151,5
Variant I,Base (80/20),DP,False,1,approval_rate_difference,0.44000000000000039,2.1518364250100444,5
Variant I,Base (80/20),DP,False,1,retention_disparity,0,0,5
Variant I,Base (80/20),DP,False,1,retention_s0,100,0,5
Variant I,Base (80/20),DP,False,1,retention_s1,100,0,5
Variant I,Base (80/20),DP,False,1,unfairness,0.008339045608290574,0,5
Variant I,Base (80/20),DP,False,2,approval_rate_difference,-1.080000000000001,1.0552724766618347,5
Variant I,Base (80/20),DP,False,2,retention_disparity,0,0,5
Variant I,Base (80/20),DP,False,2,retention_s0,100,0,5
Variant I,Base (80/20),DP,False,2,retention_s1,100,0,5
Variant I,Base (80/20),DP,False,2,unfairness,0.0074689717396041241,0.00045050943299827182,5
Variant I,Base (80/20),DP,False,3,approval_rate_difference,-0.92000000000000315,2.7323250172700893,5
Variant I,Base (80/20),DP,False,3,retention_disparity,0,0,5
Variant I,Base (80/20),DP,False,3,retention_s0,100,0,5
Variant I,Base (80/20),DP,False,3,retention_s1,100,0,5
Variant I,Base (80/20),DP,False,3,unfairness,0.0076474381044474796,0.00078578989352444579,5
Variant I,Base (80/20),DP,False,4,approval_rate_difference,-0.92000000000000082,5.171614834846074,5
Variant I,Base (80/20),DP,False,4,retention_disparity,0,0,5
Variant I,Base (80/20),DP,False,4,retention_s0,100,0,5
Variant I,Base (80/20),DP,False,4,retention_s1,100,0,5
Variant I,Base (80/20),DP,False,4,unfairness,0.0087402184592081829,0.00076469410250532542,5
Variant I,Base (80/20),DP,False,5,approval_rate_difference,0.83999999999999841,2.0372530525194925,5
Variant I,Base (80/20),DP,False,5,retention_disparity,0,0,5
Variant I,Base (80/20),DP,False,5,retention_s0,100,0,5
Variant I,Base (80/20),DP,False,5,retention_s1,100,0,5
Variant I,Base (80/20),DP,False,5,unfairness,0.0081491452214338626,0.000873364191793168,5
Variant I,Base (80/20),DP,True,1,approval_rate_difference,0.44000000000000039,2.1518364250100444,5
Variant I,Base (80/20),DP,True,1,retention_disparity,0,0,5
Variant I,Base (80/20),DP,True,1,retention_s0,100,0,5
Variant I,Base (80/20),DP,True,1,retention_s1,100,0,5
Variant I,Base (80/20),DP,True,1,unfairness,0.008339045608290574,0,5
Variant I,Base (80/20),DP,True,2,approval_rate_difference,-1.5090999690241413,1.1154417733489297,5
Variant I,Base (80/20),DP,True,2,retention_disparity,2,1.2899612397277669,5
Variant I,Base (80/20),DP,True,2,retention_s0,78.040000000000006,0.95833188405687508,5
Variant I,Base (80/20),DP,True,2,retention_s1,77.240000000000009,1.3529227620230206,5
Variant I,Base (80/20),DP,True,2,unfairness,0.0074689717396041241,0.00045050943299827182,5
Variant I,Base (80/20),DP,True,3,approval_rate_difference,-1.0124141710325052,1.8204797820254837,5
Variant I,Base (80/20),DP,True,3,retention_disparity,1.8800000000000026,1.0166612021711061,5
Variant I,Base (80/20),DP,True,3,retention_s0,58.600000000000001,1.2132600710482493,5
Variant I,Base (80/20),DP,True,3,retention_s1,59.839999999999996,1.1412274094149704,5
Variant I,Base (80/20),DP,True,3,unfairness,0.0078223437179406156,0.00056214005557053519,5
Variant I,Base (80/20),DP,True,4,approval_rate_difference,0.236856037407005,6.1740433327335964,5
Variant I,Base (80/20),DP,True,4,retention_disparity,1.9200000000000004,0.95163018026962276,5
Variant I,Base (80/20),DP,True,4,retention_s0,45.160000000000004,1.7861690849412866,5
Variant I,Base (80/20),DP,True,4,retention_s1,46.519999999999996,1.6228370220080637,5
Variant I,Base (80/20),DP,True,4,unfairness,0.0084960066465935569,0.00064938667962880945,5
Variant I,Base (80/20),DP,True,5,approval_rate_difference,1.5898924430117134,5.8943498088084763,5
Variant I,Base (80/20),DP,True,5,retention_disparity,1.8799999999999997,1.953867958691168,5
Variant I,Base (80/20),DP,True,5,retention_s0,35.920000000000002,1.6473008225579193,5
Variant I,Base (80/20),DP,True,5,retention_s1,36.439999999999998,2.3026940743398798,5
Variant I,Base (80/20),DP,True,5,unfairness,0.0081883987391871745,0.00062193708558065663,5
Variant I,Base (80/20),EO,False,1,approval_rate_difference,1.0000000000000009,2.1835750502329909,5
Variant I,Base (80/20),EO,False,1,retention_disparity,0,0,5
Variant I,Base (80/20),EO,False,1,retention_s0,100,0,5
Variant I,Base (80/20),EO,False,1,retention_s1,100,0,5
Variant I,Base (80/20),EO,False,1,unfairness,0.008158659495206555,0,5
Variant I,Base (80/20),EO,False,2,approval_rate_difference,0.32000000000000028,1.5051910177781438,5
Variant I,Base (80/20),EO,False,2,retention_disparity,0,0,5
Variant I,Base (80/20),EO,False,2,retention_s0,100,0,5
Variant I,Base (80/20),EO,False,2,retention_s1,100,0,5
Variant I,Base (80/20),EO,False,2,unfairness,0.0073108893887142475,0.0004461557343557238,5
Variant I,Base (80/20),EO,False,3,approval_rate_difference,0.63999999999999824,2.5184121981915495,5
Variant I,Base (80/20),EO,False,3,retention_disparity,0,0,5
Variant I,Base (80/20),EO,False,3,retention_s0,100,0,5
Variant I,Base (80/20),EO,False,3,retention_s1,100,0,5
Variant I,Base (80/20),EO,False,3,unfairness,0.0074912539535321619,0.00076928638021494297,5
Variant I,Base (80/20),EO,False,4,approval_rate_difference,-0.16000000000000014,5.4763491488399447,5
Variant I,Base (80/20),EO,False,4,retention_disparity,0,0,5
Variant I,Base (80/20),EO,False,4,retention_s0,100,0,5
Variant I,Base (80/20),EO,False,4,retention_s1,100,0,5
Variant I,Base (80/20),EO,False,4,unfairness,0.0085763246255894376,0.00075540693175853439,5
Variant I,Base (80/20),EO,False,5,approval_rate_difference,1.8799999999999997,2.1637005338077615,5
Variant I,Base (80/20),EO,False,5,retention_disparity,0,0,5
Variant I,Base (80/20),EO,False,5,retention_s0,100,0,5
Variant I,Base (80/20),EO,False,5,retention_s1,100,0,5
Variant I,Base (80/20),EO,False,5,unfairness,0.0080056455650446834,0.000869055766880426,5
Variant I,Base (80/20),EO,True,1,approval_rate_difference,1.0000000000000009,2.1835750502329909,5
Variant I,Base (80/20),EO,True,1,retention_disparity,0,0,5
Variant I,Base (80/20),EO,True,1,retention_s0,100,0,5
Variant I,Base (80/20),EO,True,1,retention_s1,100,0,5
Variant I,Base (80/20),EO,True,1,unfairness,0.008158659495206555,0,5
Variant I,Base (80/20),EO,True,2,approval_rate_difference,-0.036954463871246013,1.2606617530356476,5
Variant I,Base (80/20),EO,True,2,retention_disparity,1.9200000000000046,1.9041008376659028,5
Variant I,Base (80/20),EO,True,2,retention_s0,78.400000000000006,0.92086915465770969,5
Variant I,Base (80/20),EO,True,2,retention_s1,76.960000000000008,1.5564061166674987,5
Variant I,Base (80/20),EO,True,2,unfairness,0.0073108893887142475,0.0004461557343557238,5
Variant I,Base (80/20),EO,True,3,approval_rate_difference,0.45463458250090127,1.4780228486956126,5
Variant I,Base (80/20),EO,True,3,retention_disparity,1.6400000000000019,1.3469966592386196,5
Variant I,Base (80/20),EO,True,3,retention_s0,59.279999999999994,1.092520022699814,5
Variant I,Base (80/20),EO,True,3,retention_s1,59.079999999999998,1.5879546593023379,5
Variant I,Base (80/20),EO,True,3,unfairness,0.0076691259295845748,0.00056517404362366012,5
Variant I,Base (80/20),EO,True,4,approval_rate_difference,0.9780934971243791,6.9596377682386343,5
Variant I,Base (80/20),EO,True,4,retention_disparity,1.4400000000000035,1.0983624174196809,5
Variant I,Base (80/20),EO,True,4,retention_s0,45.960000000000001,1.7362027531368571,5
Variant I,Base (80/20),EO,True,4,retention_s1,45.480000000000004,1.9291448882860007,5
Variant I,Base (80/20),EO,True,4,unfairness,0.0083733710132218413,0.00065240580708046051,5
Variant I,Base (80/20),EO,True,5,approval_rate_difference,2.8530437995619295,5.6005559578738868,5
Variant I,Base (80/20),EO,True,5,retention_disparity,2.9200000000000017,1.2172099243762355,5
Variant I,Base (80/20),EO,True,5,retention_s0,36.560000000000002,1.8564482217395692,5
Variant I,Base (80/20),EO,True,5,retention_s1,35.399999999999999,2.6892378102354582,5
Variant I,Base (80/20),EO,True,5,unfairness,0.0080914962887021387,0.00056939202541803481,5
Variant I,Base (80/20),LCF-active,False,1,approval_rate_difference,11.679999999999998,3.2338212690252406,5
Variant I,Base (80/20),LCF-active,False,1,retention_disparity,0,0,5
Variant I,Base (80/20),LCF-active,False,1,retention_s0,100,0,5
Variant I,Base (80/20),LCF-active,False,1,retention_s1,100,0,5
Variant I,Base (80/20),LCF-active,False,1,unfairness,0.0045316219329833984,0,5
Variant I,Base (80/20),LCF-active,False,2,approval_rate_difference,9.1199999999999974,1.8701871564097559,5
Variant I,Base (80/20),LCF-active,False,2,retention_disparity,0,0,5
Variant I,Base (80/20),LCF-active,False,2,retention_s0,100,0,5
Variant I,Base (80/20),LCF-active,False,2,retention_s1,100,0,5
Variant I,Base (80/20),LCF-active,False,2,unfairness,0.0041462167373085279,0.00020007111645939672,5
Variant I,Base (80/20),LCF-active,False,3,approval_rate_difference,9.9599999999999973,1.9158288023724896,5
Variant I,Base (80/20),LCF-active,False,3,retention_disparity,0,0,5
Variant I,Base (80/20),LCF-active,False,3,retention_s0,100,0,5
Variant I,Base (80/20),LCF-active,False,3,retention_s1,100,0,5
Variant I,Base (80/20),LCF-active,False,3,unfairness,0.004253209547266934,0.00037473077129485739,5
Variant I,Base (80/20),LCF-active,False,4,approval_rate_difference,9.4799999999999969,5.1638745143545117,5
Variant I,Base (80/20),LCF-active,False,4,retention_disparity,0,0,5
Variant I,Base (80/20),LCF-active,False,4,retention_s0,100,0,5
Variant I,Base (80/20),LCF-active,False,4,retention_s1,100,0,5
Variant I,Base (80/20),LCF-active,False,4,unfairness,0.0048455907029456569,0.0003763593703629874,5
Variant I,Base (80/20),LCF-active,False,5,approval_rate_difference,11.639999999999999,3.063070355052266,5
Variant I,Base (80/20),LCF-active,False,5,retention_disparity,0,0,5
Variant I,Base (80/20),LCF-active,False,5,retention_s0,100,0,5
Variant I,Base (80/20),LCF-active,False,5,retention_s1,100,0,5
Variant I,Base (80/20),LCF-active,False,5,unfairness,0.0045699221816271288,0.0004533194020021882,5
Variant I,Base (80/20),LCF-active,True,1,approval_rate_difference,11.679999999999998,3.2338212690252406,5
Variant I,Base (80/20),LCF-active,True,1,retention_disparity,0,0,5
Variant I,Base (80/20),LCF-active,True,1,retention_s0,100,0,5
Variant I,Base (80/20),LCF-active,True,1,retention_s1,100,0,5
Variant I,Base (80/20),LCF-active,True,1,unfairness,0.0045316219329833984,0,5
Variant I,Base (80/20),LCF-active,True,2,approval_rate_difference,8.879988663110657,1.7714565384892778,5
Variant I,Base (80/20),LCF-active,True,2,retention_disparity,13.520000000000005,2.5786818338057937,5
Variant I,Base (80/20),LCF-active,True,2,retention_s0,78.680000000000007,1.7959955456514951,5
Variant I,Base (80/20),LCF-active,True,2,retention_s1,65.159999999999997,1.2224565431948895,5
Variant I,Base (80/20),LCF-active,True,2,unfairness,0.0041462167373085279,0.00020007111645939672,5
Variant I,Base (80/20),LCF-active,True,3,approval_rate_difference,9.2526127320268206,2.9938730531185338,5
Variant I,Base (80/20),LCF-active,True,3,retention_disparity,16,2.4232209969377516,5
Variant I,Base (80/20),LCF-active,True,3,retention_s0,58.640000000000001,1.8736061485808555,5
Variant I,Base (80/20),LCF-active,True,3,retention_s1,42.640000000000001,1.4499655168313499,5
Variant I,Base (80/20),LCF-active,True,3,unfairness,0.0042967434260105849,0.00030592906959683945,5
Variant I,Base (80/20),LCF-active,True,4,approval_rate_difference,10.818710840749587,10.046676133390759,5
Variant I,Base (80/20),LCF-active,True,4,retention_disparity,15.839999999999998,2.1777052142105919,5
Variant I,Base (80/20),LCF-active,True,4,retention_s0,44.68,1.7232527382830427,5
Variant I,Base (80/20),LCF-active,True,4,retention_s1,28.840000000000003,1.7083325203250084,5
Variant I,Base (80/20),LCF-active,True,4,unfairness,0.0046477130577009754,0.00039691674010616167,5
Variant I,Base (80/20),LCF-active,True,5,approval_rate_difference,13.101133530149644,3.749066428113546,5
Variant I,Base (80/20),LCF-active,True,5,retention_disparity,15.800000000000001,2.6773120849090426,5
Variant I,Base (80/20),LCF-active,True,5,retention_s0,35.280000000000001,1.6714065932620954,5
Variant I,Base (80/20),LCF-active,True,5,retention_s1,19.48,2.0960916010518242,5
Variant I,Base (80/20),LCF-active,True,5,unfairness,0.0043780892190612205,0.00040829988788351762,5
Variant I,Base (80/20),LCF-original,False,1,approval_rate_difference,12.319999999999999,3.4724055062737147,5
Variant I,Base (80/20),LCF-original,False,1,retention_disparity,0,0,5
Variant I,Base (80/20),LCF-original,False,1,retention_s0,100,0,5
Variant I,Base (80/20),LCF-original,False,1,retention_s1,100,0,5
Variant I,Base (80/20),LCF-original,False,1,unfairness,0.0050277113914489746,0,5
Variant I,Base (80/20),LCF-original,False,2,approval_rate_difference,9.1599999999999966,1.8863721796082569,5
Variant I,Base (80/20),LCF-original,False,2,retention_disparity,0,0,5
Variant I,Base (80/20),LCF-original,False,2,retention_s0,100,0,5
Variant I,Base (80/20),LCF-original,False,2,retention_s1,100,0,5
Variant I,Base (80/20),LCF-original,False,2,unfairness,0.0047676955369758247,0.00028429340246811105,5
Variant I,Base (80/20),LCF-original,False,3,approval_rate_difference,10.479999999999997,1.9124852940611095,5
Variant I,Base (80/20),LCF-original,False,3,retention_disparity,0,0,5
Variant I,Base (80/20),LCF-original,False,3,retention_s0,100,0,5
Variant I,Base (80/20),LCF-original,False,3,retention_s1,100,0,5
Variant I,Base (80/20),LCF-original,False,3,unfairness,0.0048353976714224254,0.00041224089455890641,5
Variant I,Base (80/20),LCF-original,False,4,approval_rate_difference,10.359999999999996,5.4646500345401838,5
Variant I,Base (80/20),LCF-original,False,4,retention_disparity,0,0,5
Variant I,Base (80/20),LCF-original,False,4,retention_s0,100,0,5
Variant I,Base (80/20),LCF-original,False,4,retention_s1,100,0,5
Variant I,Base (80/20),LCF-original,False,4,unfairness,0.0053541418805391535,0.000483341773172588,5
Variant I,Base (80/20),LCF-original,False,5,approval_rate_difference,12.440000000000001,2.3778982316322983,5
Variant I,Base (80/20),LCF-original,False,5,retention_disparity,0,0,5
Variant I,Base (80/20),LCF-original,False,5,retention_s0,100,0,5
Variant I,Base (80/20),LCF-original,False,5,retention_s1,100,0,5
Variant I,Base (80/20),LCF-original,False,5,unfairness,0.0051783161613018882,0.0005064929555175918,5
Variant I,Base (80/20),LCF-original,True,1,approval_rate_difference,12.319999999999999,3.4724055062737147,5
Variant I,Base (80/20),LCF-original,True,1,retention_disparity,0,0,5
Variant I,Base (80/20),LCF-original,True,1,retention_s0,100,0,5
Variant I,Base (80/20),LCF-original,True,1,retention_s1,100,0,5
Variant I,Base (80/20),LCF-original,True,1,unfairness,0.0050277113914489746,0,5
Variant I,Base (80/20),LCF-original,True,2,approval_rate_difference,8.4671451583296466,1.9681152102164479,5
Variant I,Base (80/20),LCF-original,True,2,retention_disparity,15.200000000000003,3.6221540552549691,5
Variant I,Base (80/20),LCF-original,True,2,retention_s0,78.040000000000006,1.8948350851723246,5
Variant I,Base (80/20),LCF-original,True,2,retention_s1,62.839999999999996,2.0411761315476928,5
Variant I,Base (80/20),LCF-original,True,2,unfairness,0.0047676955369758247,0.00028429340246811105,5
Variant I,Base (80/20),LCF-original,True,3,approval_rate_difference,10.107634779212555,3.2227264280119901,5
Variant I,Base (80/20),LCF-original,True,3,retention_disparity,16.559999999999995,2.7954248335449829,5
Variant I,Base (80/20),LCF-original,True,3,retention_s0,57.200000000000003,2.0861447696648456,5
Variant I,Base (80/20),LCF-original,True,3,retention_s1,40.640000000000001,1.5969971822141686,5
Variant I,Base (80/20),LCF-original,True,3,unfairness,0.0049023558856689632,0.00041895702786476206,5
Variant I,Base (80/20),LCF-original,True,4,approval_rate_difference,11.910558380960826,9.6171127262168827,5
Variant I,Base (80/20),LCF-original,True,4,retention_disparity,16.160000000000004,1.9365949499056321,5
Variant I,Base (80/20),LCF-original,True,4,retention_s0,43.240000000000002,2.1331666601557413,5
Variant I,Base (80/20),LCF-original,True,4,retention_s1,27.080000000000002,1.499866660740214,5
Variant I,Base (80/20),LCF-original,True,4,unfairness,0.00514038878955021,0.00049535428449780274,5
Variant I,Base (80/20),LCF-original,True,5,approval_rate_difference,15.027676132778975,4.4988714517614961,5
Variant I,Base (80/20),LCF-original,True,5,retention_disparity,16.360000000000003,2.4703036250631203,5
Variant I,Base (80/20),LCF-original,True,5,retention_s0,34.079999999999998,1.778088861671429,5
Variant I,Base (80/20),LCF-original,True,5,retention_s1,17.719999999999999,2.0143485299222665,5
Variant I,Base (80/20),LCF-original,True,5,unfairness,0.0049720685660040956,0.00047096185729068787,5
Variant I,Erdős–Rényi,Baseline,False,1,approval_rate_difference,0.32000000000000028,2.1637005338077651,5
Variant I,Erdős–Rényi,Baseline,False,1,retention_disparity,0,0,5
Variant I,Erdős–Rényi,Baseline,False,1,retention_s0,100,0,5
Variant I,Erdős–Rényi,Baseline,False,1,retention_s1,100,0,5
Variant I,Erdős–Rényi,Baseline,False,1,unfairness,0.0084318946477739409,0,5
Variant I,Erdős–Rényi,Baseline,False,2,approval_rate_difference,-1.160000000000001,1.0836973747315264,5
Variant I,Erdős–Rényi,Baseline,False,2,retention_disparity,0,0,5
Variant I,Erdős–Rényi,Baseline,False,2,retention_s0,100,0,5
Variant I,Erdős–Rényi,Baseline,False,2,retention_s1,100,0,5
Variant I,Erdős–Rényi,Baseline,False,2,unfairness,0.0075610420416528431,0.00045259416700286749,5
Variant I,Erdős–Rényi,Baseline,False,3,approval_rate_difference,-1.0400000000000031,2.7199999999999989,5
Variant I,Erdős–Rényi,Baseline,False,3,retention_disparity,0,0,5
Variant I,Erdős–Rényi,Baseline,False,3,retention_s0,100,0,5
Variant I,Erdős–Rényi,Baseline,False,3,retention_s1,100,0,5
Variant I,Erdős–Rényi,Baseline,False,3,unfairness,0.0077345788962048575,0.00079217169709053866,5
Variant I,Erdős–Rényi,Baseline,False,4,approval_rate_difference,-1.0000000000000007,5.2046133381837292,5
Variant I,Erdős–Rényi,Baseline,False,4,retention_disparity,0,0,5
Variant I,Erdős–Rényi,Baseline,False,4,retention_s0,100,0,5
Variant I,Erdős–Rényi,Baseline,False,4,retention_s1,100,0,5
Variant I,Erdős–Rényi,Baseline,False,4,unfairness,0.0088295532921275795,0.00076842859092777875,5
Variant I,Erdős–Rényi,Baseline,False,5,approval_rate_difference,0.63999999999999846,2.0450916849862724,5
Variant I,Erdős–Rényi,Baseline,False,5,retention_disparity,0,0,5
Variant I,Erdős–Rényi,Baseline,False,5,retention_s0,100,0,5
Variant I,Erdős–Rényi,Baseline,False,5,retention_s1,100,0,5
Variant I,Erdős–Rényi,Baseline,False,5,unfairness,0.0082367056822499445,0.00087404731330546607,5
Variant I,Erdős–Rényi,Baseline,True,1,approval_rate_difference,0.32000000000000028,2.1637005338077651,5
Variant I,Erdős–Rényi,Baseline,True,1,retention_disparity,0,0,5
Variant I,Erdős–Rényi,Baseline,True,1,retention_s0,100,0,5
Variant I,Erdős–Rényi,Baseline,True,1,retention_s1,100,0,5
Variant I,Erdős–Rényi,Baseline,True,1,unfairness,0.0084318946477739409,0,5
Variant I,Erdős–Rényi,Baseline,True,2,approval_rate_difference,-2.1764392652957198,1.0730472481299851,5
Variant I,Erdős–Rényi,Baseline,True,2,retention_disparity,2.0400000000000036,0.77356318423254622,5
Variant I,Erdős–Rényi,Baseline,True,2,retention_s0,78.240000000000009,0.94148818367518383,5
Variant I,Erdős–Rényi,Baseline,True,2,retention_s1,77.320000000000007,1.1070682002478451,5
Variant I,Erdős–Rényi,Baseline,True,2,unfairness,0.0075610420416528431,0.00045259416700286749,5
Variant I,Erdős–Rényi,Baseline,True,3,approval_rate_difference,-2.1386787860204381,1.9419370878833946,5
Variant I,Erdős–Rényi,Baseline,True,3,retention_disparity,2.7200000000000033,1.0476640682967047,5
Variant I,Erdős–Rényi,Baseline,True,3,retention_s0,58.640000000000001,0.83330666623998795,5
Variant I,Erdős–Rényi,Baseline,True,3,retention_s1,61.359999999999999,1.091054535758869,5
Variant I,Erdős–Rényi,Baseline,True,3,unfairness,0.007992854745291789,0.00053095815947935495,5
Variant I,Erdős–Rényi,Baseline,True,4,approval_rate_difference,-1.1204997308225859,7.0328829468621361,5
Variant I,Erdős–Rényi,Baseline,True,4,retention_disparity,3.4799999999999982,2.2112439937736412,5
Variant I,Erdős–Rényi,Baseline,True,4,retention_s0,45.079999999999998,2.2292599668948427,5
Variant I,Erdős–Rényi,Baseline,True,4,retention_s1,48.399999999999999,0.68117545463705942,5
Variant I,Erdős–Rényi,Baseline,True,4,unfairness,0.0087627032876085535,0.00074945268695809117,5
Variant I,Erdős–Rényi,Baseline,True,5,approval_rate_difference,1.2262209085666911,4.7049056540997709,5
Variant I,Erdős–Rényi,Baseline,True,5,retention_disparity,3.3599999999999981,2.5279240494919946,5
Variant I,Erdős–Rényi,Baseline,True,5,retention_s0,34.960000000000001,1.7771887913218454,5
Variant I,Erdős–Rényi,Baseline,True,5,retention_s1,37.679999999999993,1.8744599222175973,5
Variant I,Erdős–Rényi,Baseline,True,5,unfairness,0.0083934612449681374,0.00069211916672401626,5
Variant I,Erdős–Rényi,DP,False,1,approval_rate_difference,0.32000000000000028,2.1637005338077651,5
Variant I,Erdős–Rényi,DP,False,1,retention_disparity,0,0,5
Variant I,Erdős–Rényi,DP,False,1,retention_s0,100,0,5
Variant I,Erdős–Rényi,DP,False,1,retention_s1,100,0,5
Variant I,Erdős–Rényi,DP,False,1,unfairness,0.0084487956764218719,0,5
Variant I,Erdős–Rényi,DP,False,2,approval_rate_difference,-1.120000000000001,1.121427661510096,5
Variant I,Erdős–Rényi,DP,False,2,retention_disparity,0,0,5
Variant I,Erdős–Rényi,DP,False,2,retention_s0,100,0,5
Variant I,Erdős–Rényi,DP,False,2,retention_s1,100,0,5
Variant I,Erdős–Rényi,DP,False,2,unfairness,0.007591162807647045,0.00045729530404919753,5
Variant I,Erdős–Rényi,DP,False,3,approval_rate_difference,-1.0400000000000031,2.7199999999999989,5
Variant I,Erdős–Rényi,DP,False,3,retention_disparity,0,0,5
Variant I,Erdős–Rényi,DP,False,3,retention_s0,100,0,5
Variant I,Erdős–Rényi,DP,False,3,retention_s1,100,0,5
Variant I,Erdős–Rényi,DP,False,3,unfairness,0.0077598542413164218,0.00079014449822507394,5
Variant I,Erdős–Rényi,DP,False,4,approval_rate_difference,-1.0400000000000009,5.2663459817980041,5
Variant I,Erdős–Rényi,DP,False,4,retention_disparity,0,0,5
Variant I,Erdős–Rényi,DP,False,4,retention_s0,100,0,5
Variant I,Erdős–Rényi,DP,False,4,retention_s1,100,0,5
Variant I,Erdős–Rényi,DP,False,4,unfairness,0.0088450136301907231,0.00077053058389540616,5
Variant I,Erdős–Rényi,DP,False,5,approval_rate_difference,0.59999999999999842,2.0591260281973978,5
Variant I,Erdős–Rényi,DP,False,5,retention_disparity,0,0,5
Variant I,Erdős–Rényi,DP,False,5,retention_s0,100,0,5
Variant I,Erdős–Rényi,DP,False,5,retention_s1,100,0,5
Variant I,Erdős–Rényi,DP,False,5,unfairness,0.0082604670660460181,0.00087425009564937321,5
Variant I,Erdős–Rényi,DP,True,1,approval_rate_difference,0.32000000000000028,2.1637005338077651,5
Variant I,Erdős–Rényi,DP,True,1,retention_disparity,0,0,5
Variant I,Erdős–Rényi,DP,True,1,retention_s0,100,0,5
Variant I,Erdős–Rényi,DP,True,1,retention_s1,100,0,5
Variant I,Erdős–Rényi,DP,True,1,unfairness,0.0084487956764218719,0,5
Variant I,Erdős–Rényi,DP,True,2,approval_rate_difference,-2.1244912133476679,1.125192145914272,5
Variant I,Erdős–Rényi,DP,True,2,retention_disparity,2.0400000000000036,0.77356318423254622,5
Variant I,Erdős–Rényi,DP,True,2,retention_s0,78.240000000000009,0.94148818367518383,5
Variant I,Erdős–Rényi,DP,True,2,retention_s1,77.320000000000007,1.1070682002478451,5
Variant I,Erdős–Rényi,DP,True,2,unfairness,0.007591162807647045,0.00045729530404919753,5
Variant I,Erdős–Rényi,DP,True,3,approval_rate_difference,-2.1590138552154414,1.947892481867372,5
Variant I,Erdős–Rényi,DP,True,3,retention_disparity,2.6400000000000019,1.0836973747315268,5
Variant I,Erdős–Rényi,DP,True,3,retention_s0,58.679999999999993,0.86348132579691805,5
Variant I,Erdős–Rényi,DP,True,3,retention_s1,61.320000000000007,1.0851727973000433,5
Variant I,Erdős–Rényi,DP,True,3,unfairness,0.0080140737189097651,0.00053242341978183296,5
Variant I,Erdős–Rényi,DP,True,4,approval_rate_difference,-1.1421386925753896,7.073661854604933,5
Variant I,Erdős–Rényi,DP,True,4,retention_disparity,3.3999999999999999,2.29782505861521,5
Variant I,Erdős–Rényi,DP,True,4,retention_s0,45.119999999999997,2.2648620267027284,5
Variant I,Erdős–Rényi,DP,True,4,retention_s1,48.359999999999999,0.69742383096651084,5
Variant I,Erdős–Rényi,DP,True,4,unfairness,0.008773280183590115,0.00074658987044986657,5
Variant I,Erdős–Rényi,DP,True,5,approval_rate_difference,1.2053148147278114,4.5239730156363596,5
Variant I,Erdős–Rényi,DP,True,5,retention_disparity,3.2799999999999985,2.381931988953506,5
Variant I,Erdős–Rényi,DP,True,5,retention_s0,35.039999999999999,1.6942254867637905,5
Variant I,Erdős–Rényi,DP,True,5,retention_s1,37.679999999999993,1.8744599222175973,5
Variant I,Erdős–Rényi,DP,True,5,unfairness,0.008415585505544932,0.00069432403030466575,5
Variant I,Erdős–Rényi,EO,False,1,approval_rate_difference,1.080000000000001,2.1784398086704182,5
Variant I,Erdős–Rényi,EO,False,1,retention_disparity,0,0,5
Variant I,Erdős–Rényi,EO,False,1,retention_s0,100,0,5
Variant I,Erdős–Rényi,EO,False,1,retention_s1,100,0,5
Variant I,Erdős–Rényi,EO,False,1,unfairness,0.0082509655127002146,0,5
Variant I,Erdős–Rényi,EO,False,2,approval_rate_difference,0.28000000000000025,1.3948476619330166,5
Variant I,Erdős–Rényi,EO,False,2,retention_disparity,0,0,5
Variant I,Erdős–Rényi,EO,False,2,retention_s0,100,0,5
Variant I,Erdős–Rényi,EO,False,2,retention_s1,100,0,5
Variant I,Erdős–Rényi,EO,False,2,unfairness,0.007421103352314962,0.0004544408808272233,5
Variant I,Erdős–Rényi,EO,False,3,approval_rate_difference,0.63999999999999824,2.5842600488340941,5
Variant I,Erdős–Rényi,EO,False,3,retention_disparity,0,0,5
Variant I,Erdős–Rényi,EO,False,3,retention_s0,100,0,5
Variant I,Erdős–Rényi,EO,False,3,retention_s1,100,0,5
Variant I,Erdős–Rényi,EO,False,3,unfairness,0.0075959937674480171,0.00077699552082932937,5
Variant I,Erdős–Rényi,EO,False,4,approval_rate_difference,-0.24000000000000038,5.4131691272303684,5
Variant I,Erdős–Rényi,EO,False,4,retention_disparity,0,0,5
Variant I,Erdős–Rényi,EO,False,4,retention_s0,100,0,5
Variant I,Erdős–Rényi,EO,False,4,retention_s1,100,0,5
Variant I,Erdős–Rényi,EO,False,4,unfairness,0.0086739275524713392,0.00076789501431901829,5
Variant I,Erdős–Rényi,EO,False,5,approval_rate_difference,1.8799999999999997,2.1451340284467055,5
Variant I,Erdős–Rényi,EO,False,5,retention_disparity,0,0,5
Variant I,Erdős–Rényi,EO,False,5,retention_s0,100,0,5
Variant I,Erdős–Rényi,EO,False,5,retention_s1,100,0,5
Variant I,Erdős–Rényi,EO,False,5,unfairness,0.0081168641559816509,0.0008777185040894607,5
Variant I,Erdős–Rényi,EO,True,1,approval_rate_difference,1.080000000000001,2.1784398086704182,5
Variant I,Erdős–Rényi,EO,True,1,retention_disparity,0,0,5
Variant I,Erdős–Rényi,EO,True,1,retention_s0,100,0,5
Variant I,Erdős–Rényi,EO,True,1,retention_s1,100,0,5
Variant I,Erdős–Rényi,EO,True,1,unfairness,0.0082509655127002146,0,5
Variant I,Erdős–Rényi,EO,True,2,approval_rate_difference,-0.61578731224906091,1.3354744520320034,5
Variant I,Erdős–Rényi,EO,True,2,retention_disparity,2.6400000000000006,1.261110621634755,5
Variant I,Erdős–Rényi,EO,True,2,retention_s0,78.599999999999994,0.80993826925266366,5
Variant I,Erdős–Rényi,EO,True,2,retention_s1,76.840000000000003,1.7176728442867113,5
Variant I,Erdős–Rényi,EO,True,2,unfairness,0.007421103352314962,0.0004544408808272233,5
Variant I,Erdős–Rényi,EO,True,3,approval_rate_difference,-0.65959235534204685,1.9388189766757773,5
Variant I,Erdős–Rényi,EO,True,3,retention_disparity,1.2000000000000015,1.2521980673998834,5
Variant I,Erdős–Rényi,EO,True,3,retention_s0,59.399999999999999,0.60663003552412464,5
Variant I,Erdős–Rényi,EO,True,3,retention_s1,60.279999999999994,1.622837022008065,5
Variant I,Erdős–Rényi,EO,True,3,unfairness,0.0078447996756974229,0.00052970525071297252,5
Variant I,Erdős–Rényi,EO,True,4,approval_rate_difference,-0.61573465796398885,7.9576202848904947,5
Variant I,Erdős–Rényi,EO,True,4,retention_disparity,3.0400000000000005,0.96664367788756655,5
Variant I,Erdős–Rényi,EO,True,4,retention_s0,46.119999999999997,2.7758962516635952,5
Variant I,Erdős–Rényi,EO,True,4,retention_s1,47.079999999999998,0.66452990903344533,5
Variant I,Erdős–Rényi,EO,True,4,unfairness,0.0086043412861692703,0.00076960927493532113,5
Variant I,Erdős–Rényi,EO,True,5,approval_rate_difference,3.1397131915048648,4.6401881891146513,5
Variant I,Erdős–Rényi,EO,True,5,retention_disparity,2.3599999999999994,1.5147276983009175,5
Variant I,Erdős–Rényi,EO,True,5,retention_s0,35.880000000000003,1.9620397549489159,5
Variant I,Erdős–Rényi,EO,True,5,retention_s1,36.560000000000002,1.5199999999999996,5
Variant I,Erdős–Rényi,EO,True,5,unfairness,0.0082502729584265962,0.00070881449007425277,5
Variant I,Erdős–Rényi,LCF-active,False,1,approval_rate_difference,11.479999999999999,3.1102411482070029,5
Variant I,Erdős–Rényi,LCF-active,False,1,retention_disparity,0,0,5
Variant I,Erdős–Rényi,LCF-active,False,1,retention_s0,100,0,5
Variant I,Erdős–Rényi,LCF-active,False,1,retention_s1,100,0,5
Variant I,Erdős–Rényi,LCF-active,False,1,unfairness,0.0044513940811157227,0,5
Variant I,Erdős–Rényi,LCF-active,False,2,approval_rate_difference,8.9599999999999973,1.6989408465276257,5
Variant I,Erdős–Rényi,LCF-active,False,2,retention_disparity,0,0,5
Variant I,Erdős–Rényi,LCF-active,False,2,retention_s0,100,0,5
Variant I,Erdős–Rényi,LCF-active,False,2,retention_s1,100,0,5
Variant I,Erdős–Rényi,LCF-active,False,2,unfairness,0.0039913807922823171,0.00018661852326873755,5
Variant I,Erdős–Rényi,LCF-active,False,3,approval_rate_difference,9.7999999999999972,1.9879637823662704,5
Variant I,Erdős–Rényi,LCF-active,False,3,retention_disparity,0,0,5
Variant I,Erdős–Rényi,LCF-active,False,3,retention_s0,100,0,5
Variant I,Erdős–Rényi,LCF-active,False,3,retention_s1,100,0,5
Variant I,Erdős–Rényi,LCF-active,False,3,unfairness,0.0041241922232552854,0.00036410309896481568,5
Variant I,Erdős–Rényi,LCF-active,False,4,approval_rate_difference,9.3999999999999968,5.0801574778740912,5
Variant I,Erdős–Rényi,LCF-active,False,4,retention_disparity,0,0,5
Variant I,Erdős–Rényi,LCF-active,False,4,retention_s0,100,0,5
Variant I,Erdős–Rényi,LCF-active,False,4,retention_s1,100,0,5
Variant I,Erdős–Rényi,LCF-active,False,4,unfairness,0.0047567920004606412,0.00032713841057850114,5
Variant I,Erdős–Rényi,LCF-active,False,5,approval_rate_difference,11.639999999999999,3.063070355052266,5
Variant I,Erdős–Rényi,LCF-active,False,5,retention_disparity,0,0,5
Variant I,Erdős–Rényi,LCF-active,False,5,retention_s0,100,0,5
Variant I,Erdős–Rényi,LCF-active,False,5,retention_s1,100,0,5
Variant I,Erdős–Rényi,LCF-active,False,5,unfairness,0.0044486797395583587,0.00044669476601961252,5
Variant I,Erdős–Rényi,LCF-active,True,1,approval_rate_difference,11.479999999999999,3.1102411482070029,5
Variant I,Erdős–Rényi,LCF-active,True,1,retention_disparity,0,0,5
Variant I,Erdős–Rényi,LCF-active,True,1,retention_s0,100,0,5
Variant I,Erdős–Rényi,LCF-active,True,1,retention_s1,100,0,5
Variant I,Erdős–Rényi,LCF-active,True,1,unfairness,0.0044513940811157227,0,5
Variant I,Erdős–Rényi,LCF-active,True,2,approval_rate_difference,8.1432581824233008,2.0014805628074464,5
Variant I,Erdős–Rényi,LCF-active,True,2,retention_disparity,15.679999999999996,4.3792236754931864,5
Variant I,Erdős–Rényi,LCF-active,True,2,retention_s0,78.879999999999995,1.9823218709382187,5
Variant I,Erdős–Rényi,LCF-active,True,2,retention_s1,63.200000000000003,2.8028556866167813,5
Variant I,Erdős–Rényi,LCF-active,True,2,unfairness,0.0039913807922823171,0.00018661852326873755,5
Variant I,Erdős–Rényi,LCF-active,True,3,approval_rate_difference,8.9427976535050533,2.4128365693391074,5
Variant I,Erdős–Rényi,LCF-active,True,3,retention_disparity,17.079999999999995,2.7701263509089271,5
Variant I,Erdős–Rényi,LCF-active,True,3,retention_s0,58.559999999999988,1.6560193235587575,5
Variant I,Erdős–Rényi,LCF-active,True,3,retention_s1,41.480000000000004,1.6424372134118246,5
Variant I,Erdős–Rényi,LCF-active,True,3,unfairness,0.0041740564709591196,0.00023856012660024468,5
Variant I,Erdős–Rényi,LCF-active,True,4,approval_rate_difference,9.5010807055910469,7.7017462450788026,5
Variant I,Erdős–Rényi,LCF-active,True,4,retention_disparity,16.32,2.7058455240460426,5
Variant I,Erdős–Rényi,LCF-active,True,4,retention_s0,43.960000000000001,2.3778982316322956,5
Variant I,Erdős–Rényi,LCF-active,True,4,retention_s1,27.640000000000004,0.92433760066330628,5
Variant I,Erdős–Rényi,LCF-active,True,4,unfairness,0.0046085667387998578,0.00040445283786748717,5
Variant I,Erdős–Rényi,LCF-active,True,5,approval_rate_difference,11.441858152549512,5.4125719035276285,5
Variant I,Erdős–Rényi,LCF-active,True,5,retention_disparity,15.440000000000001,2.0761502835777566,5
Variant I,Erdős–Rényi,LCF-active,True,5,retention_s0,34.719999999999999,2.2076231562474611,5
Variant I,Erdős–Rényi,LCF-active,True,5,retention_s1,19.280000000000001,0.81584312217484534,5
Variant I,Erdős–Rényi,LCF-active,True,5,unfairness,0.0043431543721278668,0.00045152175858745433,5
Variant I,Erdős–Rényi,LCF-original,False,1,approval_rate_difference,12.399999999999997,3.2668027182552684,5
Variant I,Erdős–Rényi,LCF-original,False,1,retention_disparity,0,0,5
Variant I,Erdős–Rényi,LCF-original,False,1,retention_s0,100,0,5
Variant I,Erdős–Rényi,LCF-original,False,1,retention_s1,100,0,5
Variant I,Erdős–Rényi,LCF-original,False,1,unfairness,0.0057879090309143066,0,5
Variant I,Erdős–Rényi,LCF-original,False,2,approval_rate_difference,9.3199999999999967,2.1857721747702819,5
Variant I,Erdős–Rényi,LCF-original,False,2,retention_disparity,0,0,5
Variant I,Erdős–Rényi,LCF-original,False,2,retention_s0,100,0,5
Variant I,Erdős–Rényi,LCF-original,False,2,retention_s1,100,0,5
Variant I,Erdős–Rényi,LCF-original,False,2,unfairness,0.005540286965958585,0.00033650828041123634,5
Variant I,Erdős–Rényi,LCF-original,False,3,approval_rate_difference,10.52,1.6904437287292362,5
Variant I,Erdős–Rényi,LCF-original,False,3,retention_disparity,0,0,5
Variant I,Erdős–Rényi,LCF-original,False,3,retention_s0,100,0,5
Variant I,Erdős–Rényi,LCF-original,False,3,retention_s1,100,0,5
Variant I,Erdős–Rényi,LCF-original,False,3,unfairness,0.0055996448257905618,0.00047241914287772985,5
Variant I,Erdős–Rényi,LCF-original,False,4,approval_rate_difference,10.039999999999999,5.3132287735425052,5
Variant I,Erdős–Rényi,LCF-original,False,4,retention_disparity,0,0,5
Variant I,Erdős–Rényi,LCF-original,False,4,retention_s0,100,0,5
Variant I,Erdős–Rényi,LCF-original,False,4,retention_s1,100,0,5
Variant I,Erdős–Rényi,LCF-original,False,4,unfairness,0.0061629195147580029,0.00055559478058646663,5
Variant I,Erdős–Rényi,LCF-original,False,5,approval_rate_difference,12.68,1.904100837665905,5
Variant I,Erdős–Rényi,LCF-original,False,5,retention_disparity,0,0,5
Variant I,Erdős–Rényi,LCF-original,False,5,retention_s0,100,0,5
Variant I,Erdős–Rényi,LCF-original,False,5,retention_s1,100,0,5
Variant I,Erdős–Rényi,LCF-original,False,5,unfairness,0.0060014389201972886,0.00055446866807841509,5
Variant I,Erdős–Rényi,LCF-original,True,1,approval_rate_difference,12.399999999999997,3.2668027182552684,5
Variant I,Erdős–Rényi,LCF-original,True,1,retention_disparity,0,0,5
Variant I,Erdős–Rényi,LCF-original,True,1,retention_s0,100,0,5
Variant I,Erdős–Rényi,LCF-original,True,1,retention_s1,100,0,5
Variant I,Erdős–Rényi,LCF-original,True,1,unfairness,0.0057879090309143066,0,5
Variant I,Erdős–Rényi,LCF-original,True,2,approval_rate_difference,8.4656790983924601,2.283589566729606,5
Variant I,Erdős–Rényi,LCF-original,True,2,retention_disparity,17.760000000000005,4.9918333305510156,5
Variant I,Erdős–Rényi,LCF-original,True,2,retention_s0,78,1.4805404418657424,5
Variant I,Erdős–Rényi,LCF-original,True,2,retention_s1,60.239999999999995,3.8061003665168935,5
Variant I,Erdős–Rényi,LCF-original,True,2,unfairness,0.005540286965958585,0.00033650828041123634,5
Variant I,Erdős–Rényi,LCF-original,True,3,approval_rate_difference,10.671142451937234,1.8519549839464813,5
Variant I,Erdős–Rényi,LCF-original,True,3,retention_disparity,18.160000000000004,2.2676860452893344,5
Variant I,Erdős–Rényi,LCF-original,True,3,retention_s0,56.600000000000001,1.1661903789690566,5
Variant I,Erdős–Rényi,LCF-original,True,3,retention_s1,38.439999999999998,1.6656530250925603,5
Variant I,Erdős–Rényi,LCF-original,True,3,unfairness,0.00568271055645766,0.00051208321297062202,5
Variant I,Erdős–Rényi,LCF-original,True,4,approval_rate_difference,10.375329302845897,7.0312487137848221,5
Variant I,Erdős–Rényi,LCF-original,True,4,retention_disparity,17.880000000000003,2.1451340284467082,5
Variant I,Erdős–Rényi,LCF-original,True,4,retention_s0,42.239999999999995,1.8521339044464358,5
Variant I,Erdős–Rényi,LCF-original,True,4,retention_s1,24.359999999999999,0.78383671769061669,5
Variant I,Erdős–Rényi,LCF-original,True,4,unfairness,0.0059337521210351078,0.00063231360937907879,5
Variant I,Erdős–Rényi,LCF-original,True,5,approval_rate_difference,14.723413098972518,7.7147278797717318,5
Variant I,Erdős–Rényi,LCF-original,True,5,retention_disparity,16.120000000000001,1.7417232845661774,5
Variant I,Erdős–Rényi,LCF-original,True,5,retention_s0,32.840000000000003,1.9855477833585367,5
Variant I,Erdős–Rényi,LCF-original,True,5,retention_s1,16.719999999999999,0.95163018026962476,5
Variant I,Erdős–Rényi,LCF-original,True,5,unfairness,0.0058359042581504596,0.00057134562554240001,5
Variant I,Watts–Strogatz,Baseline,False,1,approval_rate_difference,0.080000000000000071,2.2256684389189707,5
Variant I,Watts–Strogatz,Baseline,False,1,retention_disparity,0,0,5
Variant I,Watts–Strogatz,Baseline,False,1,retention_s0,100,0,5
Variant I,Watts–Strogatz,Baseline,False,1,retention_s1,100,0,5
Variant I,Watts–Strogatz,Baseline,False,1,unfairness,0.009001275985332069,0,5
Variant I,Watts–Strogatz,Baseline,False,2,approval_rate_difference,-1.160000000000001,1.0836973747315264,5
Variant I,Watts–Strogatz,Baseline,False,2,retention_disparity,0,0,5
Variant I,Watts–Strogatz,Baseline,False,2,retention_s0,100,0,5
Variant I,Watts–Strogatz,Baseline,False,2,retention_s1,100,0,5
Variant I,Watts–Strogatz,Baseline,False,2,unfairness,0.0081363056461729363,0.00050040306580731192,5
Variant I,Watts–Strogatz,Baseline,False,3,approval_rate_difference,-0.96000000000000296,2.8011426240018542,5
Variant I,Watts–Strogatz,Baseline,False,3,retention_disparity,0,0,5
Variant I,Watts–Strogatz,Baseline,False,3,retention_s0,100,0,5
Variant I,Watts–Strogatz,Baseline,False,3,retention_s1,100,0,5
Variant I,Watts–Strogatz,Baseline,False,3,unfairness,0.0082862259883185411,0.00083115794008414943,5
Variant I,Watts–Strogatz,Baseline,False,4,approval_rate_difference,-1.320000000000001,5.2620908392007051,5
Variant I,Watts–Strogatz,Baseline,False,4,retention_disparity,0,0,5
Variant I,Watts–Strogatz,Baseline,False,4,retention_s0,100,0,5
Variant I,Watts–Strogatz,Baseline,False,4,retention_s1,100,0,5
Variant I,Watts–Strogatz,Baseline,False,4,unfairness,0.009391814565086665,0.00083648799763231488,5
Variant I,Watts–Strogatz,Baseline,False,5,approval_rate_difference,0.48000000000000043,2.0458738964071093,5
Variant I,Watts–Strogatz,Baseline,False,5,retention_disparity,0,0,5
Variant I,Watts–Strogatz,Baseline,False,5,retention_s0,100,0,5
Variant I,Watts–Strogatz,Baseline,False,5,retention_s1,100,0,5
Variant I,Watts–Strogatz,Baseline,False,5,unfairness,0.0088069335715003968,0.00093817591679751765,5
Variant I,Watts–Strogatz,Baseline,True,1,approval_rate_difference,0.080000000000000071,2.2256684389189707,5
Variant I,Watts–Strogatz,Baseline,True,1,retention_disparity,0,0,5
Variant I,Watts–Strogatz,Baseline,True,1,retention_s0,100,0,5
Variant I,Watts–Strogatz,Baseline,True,1,retention_s1,100,0,5
Variant I,Watts–Strogatz,Baseline,True,1,unfairness,0.009001275985332069,0,5
Variant I,Watts–Strogatz,Baseline,True,2,approval_rate_difference,-1.3155330217508943,1.3955852082328137,5
Variant I,Watts–Strogatz,Baseline,True,2,retention_disparity,2.1200000000000019,1.5104966070799406,5
Variant I,Watts–Strogatz,Baseline,True,2,retention_s0,77.719999999999999,1.848675201326615,5
Variant I,Watts–Strogatz,Baseline,True,2,retention_s1,78.079999999999998,1.8529975715040778,5
Variant I,Watts–Strogatz,Baseline,True,2,unfairness,0.0081363056461729363,0.00050040306580731192,5
Variant I,Watts–Strogatz,Baseline,True,3,approval_rate_difference,-1.7414830870378117,2.2886919397338743,5
Variant I,Watts–Strogatz,Baseline,True,3,retention_disparity,2.5600000000000009,2.3440136518373755,5
Variant I,Watts–Strogatz,Baseline,True,3,retention_s0,58.359999999999999,1.6316862443496902,5
Variant I,Watts–Strogatz,Baseline,True,3,retention_s1,60.279999999999994,2.0575713839378706,5
Variant I,Watts–Strogatz,Baseline,True,3,unfairness,0.0085434454307574906,0.00071091301673069764,5
Variant I,Watts–Strogatz,Baseline,True,4,approval_rate_difference,-1.3892621497468525,6.0601352631361793,5
Variant I,Watts–Strogatz,Baseline,True,4,retention_disparity,2.5999999999999956,0.95498691090506682,5
Variant I,Watts–Strogatz,Baseline,True,4,retention_s0,45.320000000000007,1.5315351775261319,5
Variant I,Watts–Strogatz,Baseline,True,4,retention_s1,46.719999999999999,1.5727682601069992,5
Variant I,Watts–Strogatz,Baseline,True,4,unfairness,0.0092926726540045294,0.00089045810033215795,5
Variant I,Watts–Strogatz,Baseline,True,5,approval_rate_difference,-1.3709980571171765,6.0511773242906619,5
Variant I,Watts–Strogatz,Baseline,True,5,retention_disparity,2.6400000000000006,1.1412274094149704,5
Variant I,Watts–Strogatz,Baseline,True,5,retention_s0,34.920000000000002,1.627759195950065,5
Variant I,Watts–Strogatz,Baseline,True,5,retention_s1,36.200000000000003,1.8154889148656359,5
Variant I,Watts–Strogatz,Baseline,True,5,unfairness,0.0089729401976218707,0.00087530952266249651,5
Variant I,Watts–Strogatz,DP,False,1,approval_rate_difference,0.080000000000000071,2.2256684389189707,5
Variant I,Watts–Strogatz,DP,False,1,retention_disparity,0,0,5
Variant I,Watts–Strogatz,DP,False,1,retention_s0,100,0,5
Variant I,Watts–Strogatz,DP,False,1,retention_s1,100,0,5
Variant I,Watts–Strogatz,DP,False,1,unfairness,0.0089996500185789419,0,5
Variant I,Watts–Strogatz,DP,False,2,approval_rate_difference,-1.160000000000001,1.0836973747315264,5
Variant I,Watts–Strogatz,DP,False,2,retention_disparity,0,0,5
Variant I,Watts–Strogatz,DP,False,2,retention_s0,100,0,5
Variant I,Watts–Strogatz,DP,False,2,retention_s1,100,0,5
Variant I,Watts–Strogatz,DP,False,2,unfairness,0.0081356456635773393,0.00049994180880599684,5
Variant I,Watts–Strogatz,DP,False,3,approval_rate_difference,-0.96000000000000296,2.8011426240018542,5
Variant I,Watts–Strogatz,DP,False,3,retention_disparity,0,0,5
Variant I,Watts–Strogatz,DP,False,3,retention_s0,100,0,5
Variant I,Watts–Strogatz,DP,False,3,retention_s1,100,0,5
Variant I,Watts–Strogatz,DP,False,3,unfairness,0.0082851180966272194,0.00083024593592070461,5
Variant I,Watts–Strogatz,DP,False,4,approval_rate_difference,-1.320000000000001,5.2620908392007051,5
Variant I,Watts–Strogatz,DP,False,4,retention_disparity,0,0,5
Variant I,Watts–Strogatz,DP,False,4,retention_s0,100,0,5
Variant I,Watts–Strogatz,DP,False,4,retention_s1,100,0,5
Variant I,Watts–Strogatz,DP,False,4,unfairness,0.0093908259444509083,0.00083504251982370874,5
Variant I,Watts–Strogatz,DP,False,5,approval_rate_difference,0.48000000000000043,2.0458738964071093,5
Variant I,Watts–Strogatz,DP,False,5,retention_disparity,0,0,5
Variant I,Watts–Strogatz,DP,False,5,retention_s0,100,0,5
Variant I,Watts–Strogatz,DP,False,5,retention_s1,100,0,5
Variant I,Watts–Strogatz,DP,False,5,unfairness,0.008805861991217934,0.0009375339867851029,5
Variant I,Watts–Strogatz,DP,True,1,approval_rate_difference,0.080000000000000071,2.2256684389189707,5
Variant I,Watts–Strogatz,DP,True,1,retention_disparity,0,0,5
Variant I,Watts–Strogatz,DP,True,1,retention_s0,100,0,5
Variant I,Watts–Strogatz,DP,True,1,retention_s1,100,0,5
Variant I,Watts–Strogatz,DP,True,1,unfairness,0.0089996500185789419,0,5
Variant I,Watts–Strogatz,DP,True,2,approval_rate_difference,-1.3155330217508943,1.3955852082328137,5
Variant I,Watts–Strogatz,DP,True,2,retention_disparity,2.1200000000000019,1.5104966070799406,5
Variant I,Watts–Strogatz,DP,True,2,retention_s0,77.719999999999999,1.848675201326615,5
Variant I,Watts–Strogatz,DP,True,2,retention_s1,78.079999999999998,1.8529975715040778,5
Variant I,Watts–Strogatz,DP,True,2,unfairness,0.0081356456635773393,0.00049994180880599684,5
Variant I,Watts–Strogatz,DP,True,3,approval_rate_difference,-1.7414830870378117,2.2886919397338743,5
Variant I,Watts–Strogatz,DP,True,3,retention_disparity,2.5600000000000009,2.3440136518373755,5
Variant I,Watts–Strogatz,DP,True,3,retention_s0,58.359999999999999,1.6316862443496902,5
Variant I,Watts–Strogatz,DP,True,3,retention_s1,60.279999999999994,2.0575713839378706,5
Variant I,Watts–Strogatz,DP,True,3,unfairness,0.0085426949465264197,0.00070957870894491697,5
Variant I,Watts–Strogatz,DP,True,4,approval_rate_difference,-1.3892621497468525,6.0601352631361793,5
Variant I,Watts–Strogatz,DP,True,4,retention_disparity,2.5999999999999956,0.95498691090506682,5
Variant I,Watts–Strogatz,DP,True,4,retention_s0,45.320000000000007,1.5315351775261319,5
Variant I,Watts–Strogatz,DP,True,4,retention_s1,46.719999999999999,1.5727682601069992,5
Variant I,Watts–Strogatz,DP,True,4,unfairness,0.0092915031968684222,0.00088917338523113859,5
Variant I,Watts–Strogatz,DP,True,5,approval_rate_difference,-1.3709980571171765,6.0511773242906619,5
Variant I,Watts–Strogatz,DP,True,5,retention_disparity,2.6400000000000006,1.1412274094149704,5
Variant I,Watts–Strogatz,DP,True,5,retention_s0,34.920000000000002,1.627759195950065,5
Variant I,Watts–Strogatz,DP,True,5,retention_s1,36.200000000000003,1.8154889148656359,5
Variant I,Watts–Strogatz,DP,True,5,unfairness,0.0089716158723893713,0.00087418080279439596,5
Variant I,Watts–Strogatz,EO,False,1,approval_rate_difference,1.160000000000001,2.0953281365934089,5
Variant I,Watts–Strogatz,EO,False,1,retention_disparity,0,0,5
Variant I,Watts–Strogatz,EO,False,1,retention_s0,100,0,5
Variant I,Watts–Strogatz,EO,False,1,retention_s1,100,0,5
Variant I,Watts–Strogatz,EO,False,1,unfairness,0.0087592531546459851,0,5
Variant I,Watts–Strogatz,EO,False,2,approval_rate_difference,0.20000000000000018,1.3326664999166158,5
Variant I,Watts–Strogatz,EO,False,2,retention_disparity,0,0,5
Variant I,Watts–Strogatz,EO,False,2,retention_s0,100,0,5
Variant I,Watts–Strogatz,EO,False,2,retention_s1,100,0,5
Variant I,Watts–Strogatz,EO,False,2,unfairness,0.0079249610527077248,0.00049475348784659657,5
Variant I,Watts–Strogatz,EO,False,3,approval_rate_difference,0.67999999999999827,2.615645235883489,5
Variant I,Watts–Strogatz,EO,False,3,retention_disparity,0,0,5
Variant I,Watts–Strogatz,EO,False,3,retention_s0,100,0,5
Variant I,Watts–Strogatz,EO,False,3,retention_s1,100,0,5
Variant I,Watts–Strogatz,EO,False,3,unfairness,0.0080860718992797898,0.00081721223331255785,5
Variant I,Watts–Strogatz,EO,False,4,approval_rate_difference,-0.20000000000000018,5.4508714899546087,5
Variant I,Watts–Strogatz,EO,False,4,retention_disparity,0,0,5
Variant I,Watts–Strogatz,EO,False,4,retention_s0,100,0,5
Variant I,Watts–Strogatz,EO,False,4,retention_s1,100,0,5
Variant I,Watts–Strogatz,EO,False,4,unfairness,0.0091859974602756418,0.0008296068719349731,5
Variant I,Watts–Strogatz,EO,False,5,approval_rate_difference,1.8799999999999994,2.0653329029480911,5
Variant I,Watts–Strogatz,EO,False,5,retention_disparity,0,0,5
Variant I,Watts–Strogatz,EO,False,5,retention_s0,100,0,5
Variant I,Watts–Strogatz,EO,False,5,retention_s1,100,0,5
Variant I,Watts–Strogatz,EO,False,5,unfairness,0.008624511615430052,0.00093567837612379542,5
Variant I,Watts–Strogatz,EO,True,1,approval_rate_difference,1.160000000000001,2.0953281365934089,5
Variant I,Watts–Strogatz,EO,True,1,retention_disparity,0,0,5
Variant I,Watts–Strogatz,EO,True,1,retention_s0,100,0,5
Variant I,Watts–Strogatz,EO,True,1,retention_s1,100,0,5
Variant I,Watts–Strogatz,EO,True,1,unfairness,0.0087592531546459851,0,5
Variant I,Watts–Strogatz,EO,True,2,approval_rate_difference,0.27406815611468405,1.4984474617576753,5
Variant I,Watts–Strogatz,EO,True,2,retention_disparity,2.2000000000000002,1.4254823744964367,5
Variant I,Watts–Strogatz,EO,True,2,retention_s0,78.400000000000006,1.6395121225535387,5
Variant I,Watts–Strogatz,EO,True,2,retention_s1,77.239999999999995,1.6463292501805353,5
Variant I,Watts–Strogatz,EO,True,2,unfairness,0.0079249610527077248,0.00049475348784659657,5
Variant I,Watts–Strogatz,EO,True,3,approval_rate_difference,0.36516005398775198,2.1075832033424544,5
Variant I,Watts–Strogatz,EO,True,3,retention_disparity,2.3200000000000029,1.9620397549489181,5
Variant I,Watts–Strogatz,EO,True,3,retention_s0,59.399999999999999,1.6492422502470658,5
Variant I,Watts–Strogatz,EO,True,3,retention_s1,59,2.0238577025077653,5
Variant I,Watts–Strogatz,EO,True,3,unfairness,0.0082642709985789823,0.00069015373932702808,5
Variant I,Watts–Strogatz,EO,True,4,approval_rate_difference,0.17638358360660505,7.2779061342115252,5
Variant I,Watts–Strogatz,EO,True,4,retention_disparity,2.2799999999999967,2.0846102753272615,5
Variant I,Watts–Strogatz,EO,True,4,retention_s0,46.640000000000001,1.6989408465276228,5
Variant I,Watts–Strogatz,EO,True,4,retention_s1,44.840000000000003,1.7223240113288789,5
Variant I,Watts–Strogatz,EO,True,4,unfairness,0.0089780262601414137,0.00094381811799036034,5
Variant I,Watts–Strogatz,EO,True,5,approval_rate_difference,0.27132259923995578,5.4464580575342945,5
Variant I,Watts–Strogatz,EO,True,5,retention_disparity,3.1200000000000032,1.6079800993793438,5
Variant I,Watts–Strogatz,EO,True,5,retention_s0,36.399999999999999,2.0435263639111709,5
Variant I,Watts–Strogatz,EO,True,5,retention_s1,34.32,1.9538679586911711,5
Variant I,Watts–Strogatz,EO,True,5,unfairness,0.0086229901460395109,0.00093692906141404982,5
Variant I,Watts–Strogatz,LCF-active,False,1,approval_rate_difference,11.559999999999999,3.262882161525301,5
Variant I,Watts–Strogatz,LCF-active,False,1,retention_disparity,0,0,5
Variant I,Watts–Strogatz,LCF-active,False,1,retention_s0,100,0,5
Variant I,Watts–Strogatz,LCF-active,False,1,retention_s1,100,0,5
Variant I,Watts–Strogatz,LCF-active,False,1,unfairness,0.0045629739761352539,0,5
Variant I,Watts–Strogatz,LCF-active,False,2,approval_rate_difference,8.7999999999999972,1.9349418595916534,5
Variant I,Watts–Strogatz,LCF-active,False,2,retention_disparity,0,0,5
Variant I,Watts–Strogatz,LCF-active,False,2,retention_s0,100,0,5
Variant I,Watts–Strogatz,LCF-active,False,2,retention_s1,100,0,5
Variant I,Watts–Strogatz,LCF-active,False,2,unfairness,0.0042520773261357061,0.00022903641520288624,5
Variant I,Watts–Strogatz,LCF-active,False,3,approval_rate_difference,9.759999999999998,1.965298959446121,5
Variant I,Watts–Strogatz,LCF-active,False,3,retention_disparity,0,0,5
Variant I,Watts–Strogatz,LCF-active,False,3,retention_s0,100,0,5
Variant I,Watts–Strogatz,LCF-active,False,3,retention_s1,100,0,5
Variant I,Watts–Strogatz,LCF-active,False,3,unfairness,0.0043452814500069218,0.00037474089215268531,5
Variant I,Watts–Strogatz,LCF-active,False,4,approval_rate_difference,9.3999999999999968,5.1334199126897895,5
Variant I,Watts–Strogatz,LCF-active,False,4,retention_disparity,0,0,5
Variant I,Watts–Strogatz,LCF-active,False,4,retention_s0,100,0,5
Variant I,Watts–Strogatz,LCF-active,False,4,retention_s1,100,0,5
Variant I,Watts–Strogatz,LCF-active,False,4,unfairness,0.0048790658515989183,0.00039988143882647482,5
Variant I,Watts–Strogatz,LCF-active,False,5,approval_rate_difference,11.559999999999999,2.9076450952618016,5
Variant I,Watts–Strogatz,LCF-active,False,5,retention_disparity,0,0,5
Variant I,Watts–Strogatz,LCF-active,False,5,retention_s0,100,0,5
Variant I,Watts–Strogatz,LCF-active,False,5,retention_s1,100,0,5
Variant I,Watts–Strogatz,LCF-active,False,5,unfairness,0.0046617312841432893,0.00045814179903372711,5
Variant I,Watts–Strogatz,LCF-active,True,1,approval_rate_difference,11.559999999999999,3.262882161525301,5
Variant I,Watts–Strogatz,LCF-active,True,1,retention_disparity,0,0,5
Variant I,Watts–Strogatz,LCF-active,True,1,retention_s0,100,0,5
Variant I,Watts–Strogatz,LCF-active,True,1,retention_s1,100,0,5
Variant I,Watts–Strogatz,LCF-active,True,1,unfairness,0.0045629739761352539,0,5
Variant I,Watts–Strogatz,LCF-active,True,2,approval_rate_difference,9.24565856290101,1.2332776916751769,5
Variant I,Watts–Strogatz,LCF-active,True,2,retention_disparity,14.559999999999997,5.001439792699701,5
Variant I,Watts–Strogatz,LCF-active,True,2,retention_s0,78.599999999999994,2.901034298314999,5
Variant I,Watts–Strogatz,LCF-active,True,2,retention_s1,64.039999999999992,2.6514901470682499,5
Variant I,Watts–Strogatz,LCF-active,True,2,unfairness,0.0042520773261357061,0.00022903641520288624,5
Variant I,Watts–Strogatz,LCF-active,True,3,approval_rate_difference,9.8231695117331128,2.1040763403901139,5
Variant I,Watts–Strogatz,LCF-active,True,3,retention_disparity,16.719999999999999,4.2418863728298959,5
Variant I,Watts–Strogatz,LCF-active,True,3,retention_s0,57.519999999999996,3.1889810284791573,5
Variant I,Watts–Strogatz,LCF-active,True,3,retention_s1,40.799999999999997,1.5178932768808211,5
Variant I,Watts–Strogatz,LCF-active,True,3,unfairness,0.0044313263816703639,0.00034357442942295079,5
Variant I,Watts–Strogatz,LCF-active,True,4,approval_rate_difference,8.7435528127104565,7.7920954141662024,5
Variant I,Watts–Strogatz,LCF-active,True,4,retention_disparity,17.440000000000005,3.2159601987586854,5
Variant I,Watts–Strogatz,LCF-active,True,4,retention_s0,44.079999999999998,2.5063120316512877,5
Variant I,Watts–Strogatz,LCF-active,True,4,retention_s1,26.639999999999997,1.2224565431948904,5
Variant I,Watts–Strogatz,LCF-active,True,4,unfairness,0.0047716520539180518,0.00049860430926900964,5
Variant I,Watts–Strogatz,LCF-active,True,5,approval_rate_difference,8.2261193945455755,5.7823586946183267,5
Variant I,Watts–Strogatz,LCF-active,True,5,retention_disparity,15.640000000000001,2.8855502074994273,5
Variant I,Watts–Strogatz,LCF-active,True,5,retention_s0,34,2.2908513701242157,5
Variant I,Watts–Strogatz,LCF-active,True,5,retention_s1,18.359999999999999,1.2483589227461784,5
Variant I,Watts–Strogatz,LCF-active,True,5,unfairness,0.004609938600166852,0.00051630181578528843,5
Variant I,Watts–Strogatz,LCF-original,False,1,approval_rate_difference,12.199999999999998,3.2814630883189913,5
Variant I,Watts–Strogatz,LCF-original,False,1,retention_disparity,0,0,5
Variant I,Watts–Strogatz,LCF-original,False,1,retention_s0,100,0,5
Variant I,Watts–Strogatz,LCF-original,False,1,retention_s1,100,0,5
Variant I,Watts–Strogatz,LCF-original,False,1,unfairness,0.0058224201202392578,0,5
Variant I,Watts–Strogatz,LCF-original,False,2,approval_rate_difference,9.1599999999999966,2.1029503084951884,5
Variant I,Watts–Strogatz,LCF-original,False,2,retention_disparity,0,0,5
Variant I,Watts–Strogatz,LCF-original,False,2,retention_s0,100,0,5
Variant I,Watts–Strogatz,LCF-original,False,2,retention_s1,100,0,5
Variant I,Watts–Strogatz,LCF-original,False,2,unfairness,0.0055863048170181843,0.00033762397220594059,5
Variant I,Watts–Strogatz,LCF-original,False,3,approval_rate_difference,10.44,1.8391302292116245,5
Variant I,Watts–Strogatz,LCF-original,False,3,retention_disparity,0,0,5
Variant I,Watts–Strogatz,LCF-original,False,3,retention_s0,100,0,5
Variant I,Watts–Strogatz,LCF-original,False,3,retention_s1,100,0,5
Variant I,Watts–Strogatz,LCF-original,False,3,unfairness,0.0056455143968462849,0.00047158699269440765,5
Variant I,Watts–Strogatz,LCF-original,False,4,approval_rate_difference,9.879999999999999,5.3882835857070477,5
Variant I,Watts–Strogatz,LCF-original,False,4,retention_disparity,0,0,5
Variant I,Watts–Strogatz,LCF-original,False,4,retention_s0,100,0,5
Variant I,Watts–Strogatz,LCF-original,False,4,retention_s1,100,0,5
Variant I,Watts–Strogatz,LCF-original,False,4,unfairness,0.0062203097386250407,0.00054642280343330423,5
Variant I,Watts–Strogatz,LCF-original,False,5,approval_rate_difference,12.479999999999999,1.9456618411224496,5
Variant I,Watts–Strogatz,LCF-original,False,5,retention_disparity,0,0,5
Variant I,Watts–Strogatz,LCF-original,False,5,retention_s0,100,0,5
Variant I,Watts–Strogatz,LCF-original,False,5,retention_s1,100,0,5
Variant I,Watts–Strogatz,LCF-original,False,5,unfairness,0.0060570903100498844,0.00055928992160241507,5
Variant I,Watts–Strogatz,LCF-original,True,1,approval_rate_difference,12.199999999999998,3.2814630883189913,5
Variant I,Watts–Strogatz,LCF-original,True,1,retention_disparity,0,0,5
Variant I,Watts–Strogatz,LCF-original,True,1,retention_s0,100,0,5
Variant I,Watts–Strogatz,LCF-original,True,1,retention_s1,100,0,5
Variant I,Watts–Strogatz,LCF-original,True,1,unfairness,0.0058224201202392578,0,5
Variant I,Watts–Strogatz,LCF-original,True,2,approval_rate_difference,9.4926817581317877,1.5514861612594621,5
Variant I,Watts–Strogatz,LCF-original,True,2,retention_disparity,15.960000000000003,4.8734382113657722,5
Variant I,Watts–Strogatz,LCF-original,True,2,retention_s0,77.760000000000005,2.029384143034533,5
Variant I,Watts–Strogatz,LCF-original,True,2,retention_s1,61.799999999999997,3.1572139617073796,5
Variant I,Watts–Strogatz,LCF-original,True,2,unfairness,0.0055863048170181843,0.00033762397220594059,5
Variant I,Watts–Strogatz,LCF-original,True,3,approval_rate_difference,10.130139886971577,2.4349272040422196,5
Variant I,Watts–Strogatz,LCF-original,True,3,retention_disparity,17.759999999999998,3.2059943855222159,5
Variant I,Watts–Strogatz,LCF-original,True,3,retention_s0,55.839999999999996,2.5374002443445898,5
Variant I,Watts–Strogatz,LCF-original,True,3,retention_s1,38.079999999999998,1.5676734353812343,5
Variant I,Watts–Strogatz,LCF-original,True,3,unfairness,0.0057760437615893782,0.00050824023040610075,5
Variant I,Watts–Strogatz,LCF-original,True,4,approval_rate_difference,9.4063077586325967,5.1068118642947855,5
Variant I,Watts–Strogatz,LCF-original,True,4,retention_disparity,17.559999999999999,2.7982851891828329,5
Variant I,Watts–Strogatz,LCF-original,True,4,retention_s0,42.359999999999999,2.1592591322025254,5
Variant I,Watts–Strogatz,LCF-original,True,4,retention_s1,24.800000000000001,1.3914021704740867,5
Variant I,Watts–Strogatz,LCF-original,True,4,unfairness,0.0060713976351366439,0.00071089253912827942,5
Variant I,Watts–Strogatz,LCF-original,True,5,approval_rate_difference,11.588933364286063,6.4728204133626486,5
Variant I,Watts–Strogatz,LCF-original,True,5,retention_disparity,15.640000000000001,1.2986146464598347,5
Variant I,Watts–Strogatz,LCF-original,True,5,retention_s0,32.239999999999995,1.7176728442867117,5
Variant I,Watts–Strogatz,LCF-original,True,5,retention_s1,16.600000000000001,0.82945765413310846,5
Variant I,Watts–Strogatz,LCF-original,True,5,unfairness,0.0059705112050697506,0.00069324555946779609,5
Variant II,Base (80/20),Baseline,False,1,approval_rate_difference,5.7599999999999936,2.6963679274164369,5
Variant II,Base (80/20),Baseline,False,1,retention_disparity,0,0,5
Variant II,Base (80/20),Baseline,False,1,retention_s0,100,0,5
Variant II,Base (80/20),Baseline,False,1,retention_s1,100,0,5
Variant II,Base (80/20),Baseline,False,1,unfairness,0.0049637328910226985,0,5
Variant II,Base (80/20),Baseline,False,2,approval_rate_difference,5.7999999999999936,2.8844410203711934,5
Variant II,Base (80/20),Baseline,False,2,retention_disparity,0,0,5
Variant II,Base (80/20),Baseline,False,2,retention_s0,100,0,5
Variant II,Base (80/20),Baseline,False,2,retention_s1,100,0,5
Variant II,Base (80/20),Baseline,False,2,unfairness,0.0047336192576804773,0.00052493494344556366,5
Variant II,Base (80/20),Baseline,False,3,approval_rate_difference,7.6399999999999979,2.6211447880649397,5
Variant II,Base (80/20),Baseline,False,3,retention_disparity,0,0,5
Variant II,Base (80/20),Baseline,False,3,retention_s0,100,0,5
Variant II,Base (80/20),Baseline,False,3,retention_s1,100,0,5
Variant II,Base (80/20),Baseline,False,3,unfairness,0.0047238805568333708,0.00056830016285666076,5
Variant II,Base (80/20),Baseline,False,4,approval_rate_difference,4.319999999999995,3.9811556111259949,5
Variant II,Base (80/20),Baseline,False,4,retention_disparity,0,0,5
Variant II,Base (80/20),Baseline,False,4,retention_s0,100,0,5
Variant II,Base (80/20),Baseline,False,4,retention_s1,100,0,5
Variant II,Base (80/20),Baseline,False,4,unfairness,0.0039567052563532325,0.00096691128172444703,5
Variant II,Base (80/20),Baseline,False,5,approval_rate_difference,5.5999999999999979,3.1189741903388679,5
Variant II,Base (80/20),Baseline,False,5,retention_disparity,0,0,5
Variant II,Base (80/20),Baseline,False,5,retention_s0,100,0,5
Variant II,Base (80/20),Baseline,False,5,retention_s1,100,0,5
Variant II,Base (80/20),Baseline,False,5,unfairness,0.0043815503446947403,0.00073522440262777111,5
Variant II,Base (80/20),Baseline,True,1,approval_rate_difference,5.7599999999999936,2.6963679274164369,5
Variant II,Base (80/20),Baseline,True,1,retention_disparity,0,0,5
Variant II,Base (80/20),Baseline,True,1,retention_s0,100,0,5
Variant II,Base (80/20),Baseline,True,1,retention_s1,100,0,5
Variant II,Base (80/20),Baseline,True,1,unfairness,0.0049637328910226985,0,5
Variant II,Base (80/20),Baseline,True,2,approval_rate_difference,5.5409765227700802,2.5260543434108902,5
Variant II,Base (80/20),Baseline,True,2,retention_disparity,6.7600000000000025,2.9323028492978018,5
Variant II,Base (80/20),Baseline,True,2,retention_s0,82.239999999999995,1.2224565431948864,5
Variant II,Base (80/20),Baseline,True,2,retention_s1,75.47999999999999,2.1562931155109717,5
Variant II,Base (80/20),Baseline,True,2,unfairness,0.0047336192576804773,0.00052493494344556366,5
Variant II,Base (80/20),Baseline,True,3,approval_rate_difference,6.9775225044951954,3.093195676828596,5
Variant II,Base (80/20),Baseline,True,3,retention_disparity,10.24,2.8520869551961385,5
Variant II,Base (80/20),Baseline,True,3,retention_s0,65.599999999999994,1.2198360545581532,5
Variant II,Base (80/20),Baseline,True,3,retention_s1,55.359999999999999,1.8478095139921722,5
Variant II,Base (80/20),Baseline,True,3,unfairness,0.0048421186486819149,0.00058160479910343381,5
Variant II,Base (80/20),Baseline,True,4,approval_rate_difference,4.8069902694705373,1.8649897513864226,5
Variant II,Base (80/20),Baseline,True,4,retention_disparity,13.080000000000007,1.8616122045152144,5
Variant II,Base (80/20),Baseline,True,4,retention_s0,54.040000000000006,1.2674383614203903,5
Variant II,Base (80/20),Baseline,True,4,retention_s1,40.960000000000001,1.9652989594461177,5
Variant II,Base (80/20),Baseline,True,4,unfairness,0.0041374625031749043,0.0011517200610363573,5
Variant II,Base (80/20),Baseline,True,5,approval_rate_difference,8.4571243054288452,4.4590916135344081,5
Variant II,Base (80/20),Baseline,True,5,retention_disparity,12.079999999999998,1.8093092604637837,5
Variant II,Base (80/20),Baseline,True,5,retention_s0,44.079999999999998,1.3422369388450013,5
Variant II,Base (80/20),Baseline,True,5,retention_s1,32,2.0861447696648501,5
Variant II,Base (80/20),Baseline,True,5,unfairness,0.0044646052601413633,0.00091946233951038315,5
Variant II,Base (80/20),DP,False,1,approval_rate_difference,1.9999999999999996,2.7741665415039485,5
Variant II,Base (80/20),DP,False,1,retention_disparity,0,0,5
Variant II,Base (80/20),DP,False,1,retention_s0,100,0,5
Variant II,Base (80/20),DP,False,1,retention_s1,100,0,5
Variant II,Base (80/20),DP,False,1,unfairness,0.004928799872794154,0,5
Variant II,Base (80/20),DP,False,2,approval_rate_difference,2.9200000000000004,2.9654004788560977,5
Variant II,Base (80/20),DP,False,2,retention_disparity,0,0,5
Variant II,Base (80/20),DP,False,2,retention_s0,100,0,5
Variant II,Base (80/20),DP,False,2,retention_s1,100,0,5
Variant II,Base (80/20),DP,False,2,unfairness,0.0046722307987651316,0.00051231290400914598,5
Variant II,Base (80/20),DP,False,3,approval_rate_difference,4.8799999999999972,2.9246538256689445,5
Variant II,Base (80/20),DP,False,3,retention_disparity,0,0,5
Variant II,Base (80/20),DP,False,3,retention_s0,100,0,5
Variant II,Base (80/20),DP,False,3,retention_s1,100,0,5
Variant II,Base (80/20),DP,False,3,unfairness,0.0046579104359335318,0.00054551601502464159,5
Variant II,Base (80/20),DP,False,4,approval_rate_difference,1.639999999999997,3.7124654880550749,5
Variant II,Base (80/20),DP,False,4,retention_disparity,0,0,5
Variant II,Base (80/20),DP,False,4,retention_s0,100,0,5
Variant II,Base (80/20),DP,False,4,retention_s1,100,0,5
Variant II,Base (80/20),DP,False,4,unfairness,0.0038740501853666621,0.00094874074146077776,5
Variant II,Base (80/20),DP,False,5,approval_rate_difference,2.9599999999999982,2.9594594100950258,5
Variant II,Base (80/20),DP,False,5,retention_disparity,0,0,5
Variant II,Base (80/20),DP,False,5,retention_s0,100,0,5
Variant II,Base (80/20),DP,False,5,retention_s1,100,0,5
Variant II,Base (80/20),DP,False,5,unfairness,0.0042846338628232282,0.00070583639992570241,5
Variant II,Base (80/20),DP,True,1,approval_rate_difference,1.9999999999999996,2.7741665415039485,5
Variant II,Base (80/20),DP,True,1,retention_disparity,0,0,5
Variant II,Base (80/20),DP,True,1,retention_s0,100,0,5
Variant II,Base (80/20),DP,True,1,retention_s1,100,0,5
Variant II,Base (80/20),DP,True,1,unfairness,0.004928799872794154,0,5
Variant II,Base (80/20),DP,True,2,approval_rate_difference,2.3020451445868355,2.3921261353707703,5
Variant II,Base (80/20),DP,True,2,retention_disparity,3.4400000000000035,2.4507957891264618,5
Variant II,Base (80/20),DP,True,2,retention_s0,79.879999999999995,1.5625619987699684,5
Variant II,Base (80/20),DP,True,2,retention_s1,77,2.0899760764181035,5
Variant II,Base (80/20),DP,True,2,unfairness,0.0046722307987651316,0.00051231290400914598,5
Variant II,Base (80/20),DP,True,3,approval_rate_difference,4.3157556252830291,2.5750117837621578,5
Variant II,Base (80/20),DP,True,3,retention_disparity,5.4000000000000004,2.2943408639519971,5
Variant II,Base (80/20),DP,True,3,retention_s0,62.239999999999995,1.9530488985173955,5
Variant II,Base (80/20),DP,True,3,retention_s1,57.640000000000001,2.041176131547688,5
Variant II,Base (80/20),DP,True,3,unfairness,0.0047393101229644685,0.00055380340584442237,5
Variant II,Base (80/20),DP,True,4,approval_rate_difference,1.5973202915272489,2.0848055481119223,5
Variant II,Base (80/20),DP,True,4,retention_disparity,7.2000000000000028,2.1614809737770071,5
Variant II,Base (80/20),DP,True,4,retention_s0,50.399999999999999,1.3971399357258392,5
Variant II,Base (80/20),DP,True,4,retention_s1,43.200000000000003,1.6780941570722419,5
Variant II,Base (80/20),DP,True,4,unfairness,0.003982292014052158,0.0011289831513069597,5
Variant II,Base (80/20),DP,True,5,approval_rate_difference,5.3699484870886609,4.1739019835254183,5
Variant II,Base (80/20),DP,True,5,retention_disparity,6.1200000000000001,1.6326665305566825,5
Variant II,Base (80/20),DP,True,5,retention_s0,40.439999999999998,1.703643155123747,5
Variant II,Base (80/20),DP,True,5,retention_s1,34.32,1.3422369388450002,5
Variant II,Base (80/20),DP,True,5,unfairness,0.0042655242363670801,0.00089375695590998767,5
Variant II,Base (80/20),EO,False,1,approval_rate_difference,-0.67999999999999827,3.3576182034293285,5
Variant II,Base (80/20),EO,False,1,retention_disparity,0,0,5
Variant II,Base (80/20),EO,False,1,retention_s0,100,0,5
Variant II,Base (80/20),EO,False,1,retention_s1,100,0,5
Variant II,Base (80/20),EO,False,1,unfairness,0.0047667239467665823,0,5
Variant II,Base (80/20),EO,False,2,approval_rate_difference,0.84000000000000308,2.7492544443903317,5
Variant II,Base (80/20),EO,False,2,retention_disparity,0,0,5
Variant II,Base (80/20),EO,False,2,retention_s0,100,0,5
Variant II,Base (80/20),EO,False,2,retention_s1,100,0,5
Variant II,Base (80/20),EO,False,2,unfairness,0.0045176125826289493,0.00048730276631975684,5
Variant II,Base (80/20),EO,False,3,approval_rate_difference,2.4799999999999978,2.744011661782797,5
Variant II,Base (80/20),EO,False,3,retention_disparity,0,0,5
Variant II,Base (80/20),EO,False,3,retention_s0,100,0,5
Variant II,Base (80/20),EO,False,3,retention_s1,100,0,5
Variant II,Base (80/20),EO,False,3,unfairness,0.0044930792466079559,0.00051890243833007798,5
Variant II,Base (80/20),EO,False,4,approval_rate_difference,-0.96000000000000085,3.7595744440029413,5
Variant II,Base (80/20),EO,False,4,retention_disparity,0,0,5
Variant II,Base (80/20),EO,False,4,retention_s0,100,0,5
Variant II,Base (80/20),EO,False,4,retention_s1,100,0,5
Variant II,Base (80/20),EO,False,4,unfairness,0.00373651035112188,0.00090396282730866126,5
Variant II,Base (80/20),EO,False,5,approval_rate_difference,1.1199999999999988,2.6939933184772364,5
Variant II,Base (80/20),EO,False,5,retention_disparity,0,0,5
Variant II,Base (80/20),EO,False,5,retention_s0,100,0,5
Variant II,Base (80/20),EO,False,5,retention_s1,100,0,5
Variant II,Base (80/20),EO,False,5,unfairness,0.0041239351207990049,0.00066985205004784789,5
Variant II,Base (80/20),EO,True,1,approval_rate_difference,-0.67999999999999827,3.3576182034293285,5
Variant II,Base (80/20),EO,True,1,retention_disparity,0,0,5
Variant II,Base (80/20),EO,True,1,retention_s0,100,0,5
Variant II,Base (80/20),EO,True,1,retention_s1,100,0,5
Variant II,Base (80/20),EO,True,1,unfairness,0.0047667239467665823,0,5
Variant II,Base (80/20),EO,True,2,approval_rate_difference,0.51767159241754346,2.1979569308782048,5
Variant II,Base (80/20),EO,True,2,retention_disparity,3.1199999999999961,1.4062716664997528,5
Variant II,Base (80/20),EO,True,2,retention_s0,78.200000000000003,2.082306413571259,5
Variant II,Base (80/20),EO,True,2,retention_s1,78.280000000000001,1.7915356541246921,5
Variant II,Base (80/20),EO,True,2,unfairness,0.0045176125826289493,0.00048730276631975684,5
Variant II,Base (80/20),EO,True,3,approval_rate_difference,1.821407525265204,2.4498985475809829,5
Variant II,Base (80/20),EO,True,3,retention_disparity,3.080000000000001,1.1702991070662243,5
Variant II,Base (80/20),EO,True,3,retention_s0,60.200000000000003,1.8804254837669065,5
Variant II,Base (80/20),EO,True,3,retention_s1,59.439999999999998,1.5869467539901905,5
Variant II,Base (80/20),EO,True,3,unfairness,0.0045357901068175718,0.00051099847153956719,5
Variant II,Base (80/20),EO,True,4,approval_rate_difference,-1.8362342233311366,2.4106761207434464,5
Variant II,Base (80/20),EO,True,4,retention_disparity,3.1999999999999957,1.9677398201998146,5
Variant II,Base (80/20),EO,True,4,retention_s0,48.359999999999999,0.94148818367518683,5
Variant II,Base (80/20),EO,True,4,retention_s1,45.160000000000004,1.6019987515600624,5
Variant II,Base (80/20),EO,True,4,unfairness,0.0037701673836010308,0.0010625105788735329,5
Variant II,Base (80/20),EO,True,5,approval_rate_difference,2.8639420054438158,3.6588874889053784,5
Variant II,Base (80/20),EO,True,5,retention_disparity,1.9200000000000004,0.94318608980412677,5
Variant II,Base (80/20),EO,True,5,retention_s0,38.200000000000003,1.2457929201917963,5
Variant II,Base (80/20),EO,True,5,retention_s1,36.600000000000001,1.3740451229854129,5
Variant II,Base (80/20),EO,True,5,unfairness,0.0040484695899253072,0.00083681615129862,5
Variant II,Base (80/20),LCF-active,False,1,approval_rate_difference,15.24,3.2258952245849533,5
Variant II,Base (80/20),LCF-active,False,1,retention_disparity,0,0,5
Variant II,Base (80/20),LCF-active,False,1,retention_s0,100,0,5
Variant II,Base (80/20),LCF-active,False,1,retention_s1,100,0,5
Variant II,Base (80/20),LCF-active,False,1,unfairness,0.0037342309951782227,0,5
Variant II,Base (80/20),LCF-active,False,2,approval_rate_difference,14.440000000000001,1.068831137270992,5
Variant II,Base (80/20),LCF-active,False,2,retention_disparity,0,0,5
Variant II,Base (80/20),LCF-active,False,2,retention_s0,100,0,5
Variant II,Base (80/20),LCF-active,False,2,retention_s1,100,0,5
Variant II,Base (80/20),LCF-active,False,2,unfairness,0.0036564568419244605,0.00039671840349208838,5
Variant II,Base (80/20),LCF-active,False,3,approval_rate_difference,15.599999999999998,4.555436312802537,5
Variant II,Base (80/20),LCF-active,False,3,retention_disparity,0,0,5
Variant II,Base (80/20),LCF-active,False,3,retention_s0,100,0,5
Variant II,Base (80/20),LCF-active,False,3,retention_s1,100,0,5
Variant II,Base (80/20),LCF-active,False,3,unfairness,0.0036550568214739785,0.00048181998723526769,5
Variant II,Base (80/20),LCF-active,False,4,approval_rate_difference,13.080000000000002,3.4469696836496873,5
Variant II,Base (80/20),LCF-active,False,4,retention_disparity,0,0,5
Variant II,Base (80/20),LCF-active,False,4,retention_s0,100,0,5
Variant II,Base (80/20),LCF-active,False,4,retention_s1,100,0,5
Variant II,Base (80/20),LCF-active,False,4,unfairness,0.0032132523537933056,0.0006955434361948828,5
Variant II,Base (80/20),LCF-active,False,5,approval_rate_difference,16.240000000000002,2.9513386793114766,5
Variant II,Base (80/20),LCF-active,False,5,retention_disparity,0,0,5
Variant II,Base (80/20),LCF-active,False,5,retention_s0,100,0,5
Variant II,Base (80/20),LCF-active,False,5,retention_s1,100,0,5
Variant II,Base (80/20),LCF-active,False,5,unfairness,0.0035158255022494254,0.00060845764083367353,5
Variant II,Base (80/20),LCF-active,True,1,approval_rate_difference,15.24,3.2258952245849533,5
Variant II,Base (80/20),LCF-active,True,1,retention_disparity,0,0,5
Variant II,Base (80/20),LCF-active,True,1,retention_s0,100,0,5
Variant II,Base (80/20),LCF-active,True,1,retention_s1,100,0,5
Variant II,Base (80/20),LCF-active,True,1,unfairness,0.0037342309951782227,0,5
Variant II,Base (80/20),LCF-active,True,2,approval_rate_difference,15.162134602201693,1.469812876520022,5
Variant II,Base (80/20),LCF-active,True,2,retention_disparity,19.879999999999995,4.2135021063243832,5
Variant II,Base (80/20),LCF-active,True,2,retention_s0,83,2.4331050121192876,5
Variant II,Base (80/20),LCF-active,True,2,retention_s1,63.120000000000005,2.2184679398179283,5
Variant II,Base (80/20),LCF-active,True,2,unfairness,0.0036564568419244605,0.00039671840349208838,5
Variant II,Base (80/20),LCF-active,True,3,approval_rate_difference,15.081363118949605,5.5981015500835127,5
Variant II,Base (80/20),LCF-active,True,3,retention_disparity,26,3.9819593167183429,5
Variant II,Base (80/20),LCF-active,True,3,retention_s0,64.599999999999994,2.1241468875762819,5
Variant II,Base (80/20),LCF-active,True,3,retention_s1,38.600000000000001,2.0474374227311558,5
Variant II,Base (80/20),LCF-active,True,3,unfairness,0.0036509455832677727,0.00051907128419863204,5
Variant II,Base (80/20),LCF-active,True,4,approval_rate_difference,13.575325397416378,1.6116976183166001,5
Variant II,Base (80/20),LCF-active,True,4,retention_disparity,27.360000000000003,1.9571407716360132,5
Variant II,Base (80/20),LCF-active,True,4,retention_s0,52.359999999999999,1.422111106770495,5
Variant II,Base (80/20),LCF-active,True,4,retention_s1,25,1.3084341787036908,5
Variant II,Base (80/20),LCF-active,True,4,unfairness,0.0031247315956135281,0.00087344718619807938,5
Variant II,Base (80/20),LCF-active,True,5,approval_rate_difference,18.344599754297413,6.7363065793179828,5
Variant II,Base (80/20),LCF-active,True,5,retention_disparity,25.440000000000005,2.239285600364544,5
Variant II,Base (80/20),LCF-active,True,5,retention_s0,42.079999999999998,1.7092688495377193,5
Variant II,Base (80/20),LCF-active,True,5,retention_s1,16.640000000000001,1.0762899237658974,5
Variant II,Base (80/20),LCF-active,True,5,unfairness,0.0032823662458465242,0.00084203323982441787,5
Variant II,Base (80/20),LCF-original,False,1,approval_rate_difference,14.16,3.2258952245849537,5
Variant II,Base (80/20),LCF-original,False,1,retention_disparity,0,0,5
Variant II,Base (80/20),LCF-original,False,1,retention_s0,100,0,5
Variant II,Base (80/20),LCF-original,False,1,retention_s1,100,0,5
Variant II,Base (80/20),LCF-original,False,1,unfairness,0.004081428050994873,0,5
Variant II,Base (80/20),LCF-original,False,2,approval_rate_difference,13.920000000000002,0.57410800377629323,5
Variant II,Base (80/20),LCF-original,False,2,retention_disparity,0,0,5
Variant II,Base (80/20),LCF-original,False,2,retention_s0,100,0,5
Variant II,Base (80/20),LCF-original,False,2,retention_s1,100,0,5
Variant II,Base (80/20),LCF-original,False,2,unfairness,0.0041584386936780234,0.00040603937754703104,5
Variant II,Base (80/20),LCF-original,False,3,approval_rate_difference,14.280000000000001,3.9731096133884867,5
Variant II,Base (80/20),LCF-original,False,3,retention_disparity,0,0,5
Variant II,Base (80/20),LCF-original,False,3,retention_s0,100,0,5
Variant II,Base (80/20),LCF-original,False,3,retention_s1,100,0,5
Variant II,Base (80/20),LCF-original,False,3,unfairness,0.004107987061016072,0.00056782206044249817,5
Variant II,Base (80/20),LCF-original,False,4,approval_rate_difference,11.880000000000001,4.0646771089472775,5
Variant II,Base (80/20),LCF-original,False,4,retention_disparity,0,0,5
Variant II,Base (80/20),LCF-original,False,4,retention_s0,100,0,5
Variant II,Base (80/20),LCF-original,False,4,retention_s1,100,0,5
Variant II,Base (80/20),LCF-original,False,4,unfairness,0.0038354720081847037,0.00074854061130817965,5
Variant II,Base (80/20),LCF-original,False,5,approval_rate_difference,14.959999999999999,3.2234143388649263,5
Variant II,Base (80/20),LCF-original,False,5,retention_disparity,0,0,5
Variant II,Base (80/20),LCF-original,False,5,retention_s0,100,0,5
Variant II,Base (80/20),LCF-original,False,5,retention_s1,100,0,5
Variant II,Base (80/20),LCF-original,False,5,unfairness,0.0041009031385603302,0.00074493016573539642,5
Variant II,Base (80/20),LCF-original,True,1,approval_rate_difference,14.16,3.2258952245849537,5
Variant II,Base (80/20),LCF-original,True,1,retention_disparity,0,0,5
Variant II,Base (80/20),LCF-original,True,1,retention_s0,100,0,5
Variant II,Base (80/20),LCF-original,True,1,retention_s1,100,0,5
Variant II,Base (80/20),LCF-original,True,1,unfairness,0.004081428050994873,0,5
Variant II,Base (80/20),LCF-original,True,2,approval_rate_difference,14.258413176117731,1.6516899602291453,5
Variant II,Base (80/20),LCF-original,True,2,retention_disparity,19.039999999999996,4.2846703490467011,5
Variant II,Base (80/20),LCF-original,True,2,retention_s0,81.799999999999997,2.5799224794555307,5
Variant II,Base (80/20),LCF-original,True,2,retention_s1,62.760000000000005,2.2213509403063729,5
Variant II,Base (80/20),LCF-original,True,2,unfairness,0.0041584386936780234,0.00040603937754703104,5
Variant II,Base (80/20),LCF-original,True,3,approval_rate_difference,14.941487953695978,5.5145491292771736,5
Variant II,Base (80/20),LCF-original,True,3,retention_disparity,24.68,3.2950872522590373,5
Variant II,Base (80/20),LCF-original,True,3,retention_s0,62.560000000000002,1.8478095139921769,5
Variant II,Base (80/20),LCF-original,True,3,retention_s1,37.880000000000003,1.8004443895883044,5
Variant II,Base (80/20),LCF-original,True,3,unfairness,0.0041509161220843584,0.00065153302352981843,5
Variant II,Base (80/20),LCF-original,True,4,approval_rate_difference,11.524498543080469,2.2065175964188914,5
Variant II,Base (80/20),LCF-original,True,4,retention_disparity,25.959999999999997,1.3646977687385589,5
Variant II,Base (80/20),LCF-original,True,4,retention_s0,50.32,1.6904437287292375,5
Variant II,Base (80/20),LCF-original,True,4,retention_s1,24.360000000000003,1.28,5
Variant II,Base (80/20),LCF-original,True,4,unfairness,0.0037572240529099689,0.0010176722517120272,5
Variant II,Base (80/20),LCF-original,True,5,approval_rate_difference,17.396514725069665,6.4026097880073181,5
Variant II,Base (80/20),LCF-original,True,5,retention_disparity,23.32,2.0653329029480947,5
Variant II,Base (80/20),LCF-original,True,5,retention_s0,39.799999999999997,2.3562682360037037,5
Variant II,Base (80/20),LCF-original,True,5,retention_s1,16.48,0.84474848327771535,5
Variant II,Base (80/20),LCF-original,True,5,unfairness,0.0038495975671273275,0.0010639727893958727,5
Variant II,Erdős–Rényi,Baseline,False,1,approval_rate_difference,5.5199999999999978,2.7381745744199706,5
Variant II,Erdős–Rényi,Baseline,False,1,retention_disparity,0,0,5
Variant II,Erdős–Rényi,Baseline,False,1,retention_s0,100,0,5
Variant II,Erdős–Rényi,Baseline,False,1,retention_s1,100,0,5
Variant II,Erdős–Rényi,Baseline,False,1,unfairness,0.005051143779120304,0,5
Variant II,Erdős–Rényi,Baseline,False,2,approval_rate_difference,5.7599999999999936,2.8492806109613027,5
Variant II,Erdős–Rényi,Baseline,False,2,retention_disparity,0,0,5
Variant II,Erdős–Rényi,Baseline,False,2,retention_s0,100,0,5
Variant II,Erdős–Rényi,Baseline,False,2,retention_s1,100,0,5
Variant II,Erdős–Rényi,Baseline,False,2,unfairness,0.0050018094729730404,0.00054035633184473103,5
Variant II,Erdős–Rényi,Baseline,False,3,approval_rate_difference,7.3599999999999977,2.4507957891264618,5
Variant II,Erdős–Rényi,Baseline,False,3,retention_disparity,0,0,5
Variant II,Erdős–Rényi,Baseline,False,3,retention_s0,100,0,5
Variant II,Erdős–Rényi,Baseline,False,3,retention_s1,100,0,5
Variant II,Erdős–Rényi,Baseline,False,3,unfairness,0.0049433849176239832,0.0006617910202169889,5
Variant II,Erdős–Rényi,Baseline,False,4,approval_rate_difference,4.1999999999999975,3.9354796403996293,5
Variant II,Erdős–Rényi,Baseline,False,4,retention_disparity,0,0,5
Variant II,Erdős–Rényi,Baseline,False,4,retention_s0,100,0,5
Variant II,Erdős–Rényi,Baseline,False,4,retention_s1,100,0,5
Variant II,Erdős–Rényi,Baseline,False,4,unfairness,0.0043705549137385887,0.0010215024302796447,5
Variant II,Erdős–Rényi,Baseline,False,5,approval_rate_difference,5.4799999999999986,3.1713719428663669,5
Variant II,Erdős–Rényi,Baseline,False,5,retention_disparity,0,0,5
Variant II,Erdős–Rényi,Baseline,False,5,retention_s0,100,0,5
Variant II,Erdős–Rényi,Baseline,False,5,retention_s1,100,0,5
Variant II,Erdős–Rényi,Baseline,False,5,unfairness,0.0047572501086530885,0.00088828896812498663,5
Variant II,Erdős–Rényi,Baseline,True,1,approval_rate_difference,5.5199999999999978,2.7381745744199706,5
Variant II,Erdős–Rényi,Baseline,True,1,retention_disparity,0,0,5
Variant II,Erdős–Rényi,Baseline,True,1,retention_s0,100,0,5
Variant II,Erdős–Rényi,Baseline,True,1,retention_s1,100,0,5
Variant II,Erdős–Rényi,Baseline,True,1,unfairness,0.005051143779120304,0,5
Variant II,Erdős–Rényi,Baseline,True,2,approval_rate_difference,6.0022984716158652,3.1342097980226513,5
Variant II,Erdős–Rényi,Baseline,True,2,retention_disparity,6.7999999999999972,3.0646370095004745,5
Variant II,Erdős–Rényi,Baseline,True,2,retention_s0,82.719999999999999,2.3137847782367307,5
Variant II,Erdős–Rényi,Baseline,True,2,retention_s1,75.920000000000002,2.092271492899521,5
Variant II,Erdős–Rényi,Baseline,True,2,unfairness,0.0050018094729730404,0.00054035633184473103,5
Variant II,Erdős–Rényi,Baseline,True,3,approval_rate_difference,7.2716240457338488,2.5209827617936305,5
Variant II,Erdős–Rényi,Baseline,True,3,retention_disparity,10.44,3.5131752020074312,5
Variant II,Erdős–Rényi,Baseline,True,3,retention_s0,66.799999999999997,2.1279097725232599,5
Variant II,Erdős–Rényi,Baseline,True,3,retention_s1,56.359999999999999,1.6560193235587526,5
Variant II,Erdős–Rényi,Baseline,True,3,unfairness,0.0051255155938845888,0.00069794068673956862,5
Variant II,Erdős–Rényi,Baseline,True,4,approval_rate_difference,5.2317162794603451,4.699605553668178,5
Variant II,Erdős–Rényi,Baseline,True,4,retention_disparity,12.600000000000003,1.6923356641044924,5
Variant II,Erdős–Rényi,Baseline,True,4,retention_s0,54.680000000000007,0.67646138101150988,5
Variant II,Erdős–Rényi,Baseline,True,4,retention_s1,42.079999999999998,1.3302631318652707,5
Variant II,Erdős–Rényi,Baseline,True,4,unfairness,0.0045390072542943914,0.0011845149544540273,5
Variant II,Erdős–Rényi,Baseline,True,5,approval_rate_difference,8.4195795188959046,4.2187177512574507,5
Variant II,Erdős–Rényi,Baseline,True,5,retention_disparity,12.919999999999998,2.5095019426173004,5
Variant II,Erdős–Rényi,Baseline,True,5,retention_s0,45.039999999999999,1.4333178293735112,5
Variant II,Erdős–Rényi,Baseline,True,5,retention_s1,32.119999999999997,1.7045820602130031,5
Variant II,Erdős–Rényi,Baseline,True,5,unfairness,0.0047775801251208842,0.0010940734446912279,5
Variant II,Erdős–Rényi,DP,False,1,approval_rate_difference,2.0799999999999992,3.0294553966018349,5
Variant II,Erdős–Rényi,DP,False,1,retention_disparity,0,0,5
Variant II,Erdős–Rényi,DP,False,1,retention_s0,100,0,5
Variant II,Erdős–Rényi,DP,False,1,retention_s1,100,0,5
Variant II,Erdős–Rényi,DP,False,1,unfairness,0.0050256502440456652,0,5
Variant II,Erdős–Rényi,DP,False,2,approval_rate_difference,2.96,2.7550680572356092,5
Variant II,Erdős–Rényi,DP,False,2,retention_disparity,0,0,5
Variant II,Erdős–Rényi,DP,False,2,retention_s0,100,0,5
Variant II,Erdős–Rényi,DP,False,2,retention_s1,100,0,5
Variant II,Erdős–Rényi,DP,False,2,unfairness,0.0049583412171006593,0.00052771798650224017,5
Variant II,Erdős–Rényi,DP,False,3,approval_rate_difference,4.7999999999999972,2.9120439557122055,5
Variant II,Erdős–Rényi,DP,False,3,retention_disparity,0,0,5
Variant II,Erdős–Rényi,DP,False,3,retention_s0,100,0,5
Variant II,Erdős–Rényi,DP,False,3,retention_s1,100,0,5
Variant II,Erdős–Rényi,DP,False,3,unfairness,0.0048892896541213871,0.00063524663660957908,5
Variant II,Erdős–Rényi,DP,False,4,approval_rate_difference,1.679999999999999,3.6999459455510992,5
Variant II,Erdős–Rényi,DP,False,4,retention_disparity,0,0,5
Variant II,Erdős–Rényi,DP,False,4,retention_s0,100,0,5
Variant II,Erdős–Rényi,DP,False,4,retention_s1,100,0,5
Variant II,Erdős–Rényi,DP,False,4,unfairness,0.0043082705876313909,0.0009936458852876555,5
Variant II,Erdős–Rényi,DP,False,5,approval_rate_difference,2.8799999999999981,2.9410202311442868,5
Variant II,Erdős–Rényi,DP,False,5,retention_disparity,0,0,5
Variant II,Erdős–Rényi,DP,False,5,retention_s0,100,0,5
Variant II,Erdős–Rényi,DP,False,5,retention_s1,100,0,5
Variant II,Erdős–Rényi,DP,False,5,unfairness,0.0046741365598518938,0.00085701113868470345,5
Variant II,Erdős–Rényi,DP,True,1,approval_rate_difference,2.0799999999999992,3.0294553966018349,5
Variant II,Erdős–Rényi,DP,True,1,retention_disparity,0,0,5
Variant II,Erdős–Rényi,DP,True,1,retention_s0,100,0,5
Variant II,Erdős–Rényi,DP,True,1,retention_s1,100,0,5
Variant II,Erdős–Rényi,DP,True,1,unfairness,0.0050256502440456652,0,5
Variant II,Erdős–Rényi,DP,True,2,approval_rate_difference,2.4348597471086975,3.3318150283340375,5
Variant II,Erdős–Rényi,DP,True,2,retention_disparity,3.7599999999999993,2.9158875149772068,5
Variant II,Erdős–Rényi,DP,True,2,retention_s0,80.359999999999985,2.6695317941541723,5
Variant II,Erdős–Rényi,DP,True,2,retention_s1,77.640000000000015,2.2712111306525431,5
Variant II,Erdős–Rényi,DP,True,2,unfairness,0.0049583412171006593,0.00052771798650224017,5
Variant II,Erdős–Rényi,DP,True,3,approval_rate_difference,4.6215704779068627,2.8267685426369082,5
Variant II,Erdős–Rényi,DP,True,3,retention_disparity,5.3200000000000047,3.1562002471326238,5
Variant II,Erdős–Rényi,DP,True,3,retention_s0,63.039999999999999,2.8716545753276135,5
Variant II,Erdős–Rényi,DP,True,3,retention_s1,58.759999999999991,1.9571407716360141,5
Variant II,Erdős–Rényi,DP,True,3,unfairness,0.0050617509707847619,0.00063633742956429587,5
Variant II,Erdős–Rényi,DP,True,4,approval_rate_difference,2.7450950681589958,4.18354659467321,5
Variant II,Erdős–Rényi,DP,True,4,retention_disparity,6.0399999999999974,2.6904274753280402,5
Variant II,Erdős–Rényi,DP,True,4,retention_s0,50.600000000000001,1.1313708498984758,5
Variant II,Erdős–Rényi,DP,True,4,retention_s1,44.560000000000002,1.5919798993705947,5
Variant II,Erdős–Rényi,DP,True,4,unfairness,0.0044381402803016726,0.0010801457906383951,5
Variant II,Erdős–Rényi,DP,True,5,approval_rate_difference,5.8582022061737637,3.522346124831532,5
Variant II,Erdős–Rényi,DP,True,5,retention_disparity,6.2400000000000038,0.99919967974374535,5
Variant II,Erdős–Rényi,DP,True,5,retention_s0,40.960000000000001,0.61188234163113142,5
Variant II,Erdős–Rényi,DP,True,5,retention_s1,34.719999999999999,1.4005713120009269,5
Variant II,Erdős–Rényi,DP,True,5,unfairness,0.0046305418228921756,0.00099109406952909026,5
Variant II,Erdős–Rényi,EO,False,1,approval_rate_difference,-0.63999999999999846,3.2994545003682041,5
Variant II,Erdős–Rényi,EO,False,1,retention_disparity,0,0,5
Variant II,Erdős–Rényi,EO,False,1,retention_s0,100,0,5
Variant II,Erdős–Rényi,EO,False,1,retention_s1,100,0,5
Variant II,Erdős–Rényi,EO,False,1,unfairness,0.0048631257334702527,0,5
Variant II,Erdős–Rényi,EO,False,2,approval_rate_difference,0.88000000000000289,2.8357714999625752,5
Variant II,Erdős–Rényi,EO,False,2,retention_disparity,0,0,5
Variant II,Erdős–Rényi,EO,False,2,retention_s0,100,0,5
Variant II,Erdős–Rényi,EO,False,2,retention_s1,100,0,5
Variant II,Erdős–Rényi,EO,False,2,unfairness,0.0047847266204310126,0.00049665420034144593,5
Variant II,Erdős–Rényi,EO,False,3,approval_rate_difference,2.5599999999999978,2.8520869551961394,5
Variant II,Erdős–Rényi,EO,False,3,retention_disparity,0,0,5
Variant II,Erdős–Rényi,EO,False,3,retention_s0,100,0,5
Variant II,Erdős–Rényi,EO,False,3,retention_s1,100,0,5
Variant II,Erdős–Rényi,EO,False,3,unfairness,0.0047023608610004654,0.00059961921674931925,5
Variant II,Erdős–Rényi,EO,False,4,approval_rate_difference,-1.0400000000000009,3.8851512197081886,5
Variant II,Erdős–Rényi,EO,False,4,retention_disparity,0,0,5
Variant II,Erdős–Rényi,EO,False,4,retention_s0,100,0,5
Variant II,Erdős–Rényi,EO,False,4,retention_s1,100,0,5
Variant II,Erdős–Rényi,EO,False,4,unfairness,0.0041390482286105309,0.00094287311327991008,5
Variant II,Erdős–Rényi,EO,False,5,approval_rate_difference,1.1999999999999988,2.7040710049848897,5
Variant II,Erdős–Rényi,EO,False,5,retention_disparity,0,0,5
Variant II,Erdős–Rényi,EO,False,5,retention_s0,100,0,5
Variant II,Erdős–Rényi,EO,False,5,retention_s1,100,0,5
Variant II,Erdős–Rényi,EO,False,5,unfairness,0.0044749895966043731,0.00081002182162350899,5
Variant II,Erdős–Rényi,EO,True,1,approval_rate_difference,-0.63999999999999846,3.2994545003682041,5
Variant II,Erdős–Rényi,EO,True,1,retention_disparity,0,0,5
Variant II,Erdős–Rényi,EO,True,1,retention_s0,100,0,5
Variant II,Erdős–Rényi,EO,True,1,retention_s1,100,0,5
Variant II,Erdős–Rényi,EO,True,1,unfairness,0.0048631257334702527,0,5
Variant II,Erdős–Rényi,EO,True,2,approval_rate_difference,1.1112324043744759,2.9327956859557491,5
Variant II,Erdős–Rényi,EO,True,2,retention_disparity,3.3600000000000021,2.3026940743398812,5
Variant II,Erdős–Rényi,EO,True,2,retention_s0,78.159999999999997,2.651490147068249,5
Variant II,Erdős–Rényi,EO,True,2,retention_s1,78.640000000000015,2.3913176284216195,5
Variant II,Erdős–Rényi,EO,True,2,unfairness,0.0047847266204310126,0.00049665420034144593,5
Variant II,Erdős–Rényi,EO,True,3,approval_rate_difference,2.6588668906031732,3.0230519962434301,5
Variant II,Erdős–Rényi,EO,True,3,retention_disparity,4.4800000000000022,1.0087616170334808,5
Variant II,Erdős–Rényi,EO,True,3,retention_s0,60.600000000000001,2.8733255993708782,5
Variant II,Erdős–Rényi,EO,True,3,retention_s1,60.200000000000003,1.8676188047886009,5
Variant II,Erdős–Rényi,EO,True,3,unfairness,0.0048462664159631737,0.00057347207042735828,5
Variant II,Erdős–Rényi,EO,True,4,approval_rate_difference,-0.89303410199688571,4.1133276465921647,5
Variant II,Erdős–Rényi,EO,True,4,retention_disparity,2.9999999999999956,1.8590320061795631,5
Variant II,Erdős–Rényi,EO,True,4,retention_s0,48,1.414213562373094,5
Variant II,Erdős–Rényi,EO,True,4,retention_s1,46.280000000000001,1.7325126262166155,5
Variant II,Erdős–Rényi,EO,True,4,unfairness,0.0042290501275279221,0.0010194400044810121,5
Variant II,Erdős–Rényi,EO,True,5,approval_rate_difference,4.6583249084711102,3.3174332664774169,5
Variant II,Erdős–Rényi,EO,True,5,retention_disparity,1.4000000000000015,0.93808315196468761,5
Variant II,Erdős–Rényi,EO,True,5,retention_s0,37.880000000000003,0.69971422738143763,5
Variant II,Erdős–Rényi,EO,True,5,retention_s1,36.640000000000001,1.4221111067704961,5
Variant II,Erdős–Rényi,EO,True,5,unfairness,0.0044233041743795051,0.00096315214588142141,5
Variant II,Erdős–Rényi,LCF-active,False,1,approval_rate_difference,15.040000000000001,3.2677821224800181,5
Variant II,Erdős–Rényi,LCF-active,False,1,retention_disparity,0,0,5
Variant II,Erdős–Rényi,LCF-active,False,1,retention_s0,100,0,5
Variant II,Erdős–Rényi,LCF-active,False,1,retention_s1,100,0,5
Variant II,Erdős–Rényi,LCF-active,False,1,unfairness,0.0038364529609680176,0,5
Variant II,Erdős–Rényi,LCF-active,False,2,approval_rate_difference,14.24,1.0836973747315262,5
Variant II,Erdős–Rényi,LCF-active,False,2,retention_disparity,0,0,5
Variant II,Erdős–Rényi,LCF-active,False,2,retention_s0,100,0,5
Variant II,Erdős–Rényi,LCF-active,False,2,retention_s1,100,0,5
Variant II,Erdős–Rényi,LCF-active,False,2,unfairness,0.0038268154446167825,0.00040014114916534004,5
Variant II,Erdős–Rényi,LCF-active,False,3,approval_rate_difference,15.440000000000001,4.4995999822206434,5
Variant II,Erdős–Rényi,LCF-active,False,3,retention_disparity,0,0,5
Variant II,Erdős–Rényi,LCF-active,False,3,retention_s0,100,0,5
Variant II,Erdős–Rényi,LCF-active,False,3,retention_s1,100,0,5
Variant II,Erdős–Rényi,LCF-active,False,3,unfairness,0.0038093001774764492,0.00052001290807442992,5
Variant II,Erdős–Rényi,LCF-active,False,4,approval_rate_difference,12.960000000000003,3.4834465691323615,5
Variant II,Erdős–Rényi,LCF-active,False,4,retention_disparity,0,0,5
Variant II,Erdős–Rényi,LCF-active,False,4,retention_s0,100,0,5
Variant II,Erdős–Rényi,LCF-active,False,4,retention_s1,100,0,5
Variant II,Erdős–Rényi,LCF-active,False,4,unfairness,0.0034485885527874016,0.00070781250751786025,5
Variant II,Erdős–Rényi,LCF-active,False,5,approval_rate_difference,15.960000000000003,2.8352072234670986,5
Variant II,Erdős–Rényi,LCF-active,False,5,retention_disparity,0,0,5
Variant II,Erdős–Rényi,LCF-active,False,5,retention_s0,100,0,5
Variant II,Erdős–Rényi,LCF-active,False,5,retention_s1,100,0,5
Variant II,Erdős–Rényi,LCF-active,False,5,unfairness,0.0037502611333077641,0.00064859824753719583,5
Variant II,Erdős–Rényi,LCF-active,True,1,approval_rate_difference,15.040000000000001,3.2677821224800181,5
Variant II,Erdős–Rényi,LCF-active,True,1,retention_disparity,0,0,5
Variant II,Erdős–Rényi,LCF-active,True,1,retention_s0,100,0,5
Variant II,Erdős–Rényi,LCF-active,True,1,retention_s1,100,0,5
Variant II,Erdős–Rényi,LCF-active,True,1,unfairness,0.0038364529609680176,0,5
Variant II,Erdős–Rényi,LCF-active,True,2,approval_rate_difference,15.140576556048376,1.8131667624359009,5
Variant II,Erdős–Rényi,LCF-active,True,2,retention_disparity,19.120000000000001,4.6468914340664353,5
Variant II,Erdős–Rényi,LCF-active,True,2,retention_s0,81.200000000000003,3.0278705388440867,5
Variant II,Erdős–Rényi,LCF-active,True,2,retention_s1,62.079999999999998,2.0807690885823948,5
Variant II,Erdős–Rényi,LCF-active,True,2,unfairness,0.0038268154446167825,0.00040014114916534004,5
Variant II,Erdős–Rényi,LCF-active,True,3,approval_rate_difference,14.974123518187611,5.7696754526996124,5
Variant II,Erdős–Rényi,LCF-active,True,3,retention_disparity,25.399999999999999,3.7029717795306012,5
Variant II,Erdős–Rényi,LCF-active,True,3,retention_s0,63.399999999999999,2.7364210202379349,5
Variant II,Erdős–Rényi,LCF-active,True,3,retention_s1,38,2.1166010488516731,5
Variant II,Erdős–Rényi,LCF-active,True,3,unfairness,0.0038166614245839225,0.00053254425356379369,5
Variant II,Erdős–Rényi,LCF-active,True,4,approval_rate_difference,14.692598512104135,2.61939689825887,5
Variant II,Erdős–Rényi,LCF-active,True,4,retention_disparity,26.080000000000002,3.2926585003610689,5
Variant II,Erdős–Rényi,LCF-active,True,4,retention_s0,50.920000000000002,1.8616122045152157,5
Variant II,Erdős–Rényi,LCF-active,True,4,retention_s1,24.84,1.5768322675541622,5
Variant II,Erdős–Rényi,LCF-active,True,4,unfairness,0.003386408977150257,0.00086076284661430053,5
Variant II,Erdős–Rényi,LCF-active,True,5,approval_rate_difference,18.460980161908289,5.6191939509390725,5
Variant II,Erdős–Rényi,LCF-active,True,5,retention_disparity,24.800000000000001,3.1949960876345345,5
Variant II,Erdős–Rényi,LCF-active,True,5,retention_s0,40.439999999999998,1.8693314312876654,5
Variant II,Erdős–Rényi,LCF-active,True,5,retention_s1,15.640000000000001,1.7223240113288787,5
Variant II,Erdős–Rényi,LCF-active,True,5,unfairness,0.0035083005251918655,0.00082594261389289472,5
Variant II,Erdős–Rényi,LCF-original,False,1,approval_rate_difference,14.199999999999999,3.5077058029430024,5
Variant II,Erdős–Rényi,LCF-original,False,1,retention_disparity,0,0,5
Variant II,Erdős–Rényi,LCF-original,False,1,retention_s0,100,0,5
Variant II,Erdős–Rényi,LCF-original,False,1,retention_s1,100,0,5
Variant II,Erdős–Rényi,LCF-original,False,1,unfairness,0.0042137503623962402,0,5
Variant II,Erdős–Rényi,LCF-original,False,2,approval_rate_difference,14.16,0.87086164228308904,5
Variant II,Erdős–Rényi,LCF-original,False,2,retention_disparity,0,0,5
Variant II,Erdős–Rényi,LCF-original,False,2,retention_s0,100,0,5
Variant II,Erdős–Rényi,LCF-original,False,2,retention_s1,100,0,5
Variant II,Erdős–Rényi,LCF-original,False,2,unfairness,0.0043508008184219181,0.00042530218735963498,5
Variant II,Erdős–Rényi,LCF-original,False,3,approval_rate_difference,14.640000000000001,3.6428560224087936,5
Variant II,Erdős–Rényi,LCF-original,False,3,retention_disparity,0,0,5
Variant II,Erdős–Rényi,LCF-original,False,3,retention_s0,100,0,5
Variant II,Erdős–Rényi,LCF-original,False,3,retention_s1,100,0,5
Variant II,Erdős–Rényi,LCF-original,False,3,unfairness,0.0042897122884535399,0.00060231808119671788,5
Variant II,Erdős–Rényi,LCF-original,False,4,approval_rate_difference,11.920000000000002,3.9811556111259945,5
Variant II,Erdős–Rényi,LCF-original,False,4,retention_disparity,0,0,5
Variant II,Erdős–Rényi,LCF-original,False,4,retention_s0,100,0,5
Variant II,Erdős–Rényi,LCF-original,False,4,retention_s1,100,0,5
Variant II,Erdős–Rényi,LCF-original,False,4,unfairness,0.0040890115758942525,0.000786070783739043,5
Variant II,Erdős–Rényi,LCF-original,False,5,approval_rate_difference,15.319999999999999,3.14604513635771,5
Variant II,Erdős–Rényi,LCF-original,False,5,retention_disparity,0,0,5
Variant II,Erdős–Rényi,LCF-original,False,5,retention_s0,100,0,5
Variant II,Erdős–Rényi,LCF-original,False,5,retention_s1,100,0,5
Variant II,Erdős–Rényi,LCF-original,False,5,unfairness,0.0043479515163845628,0.00080010192694564177,5
Variant II,Erdős–Rényi,LCF-original,True,1,approval_rate_difference,14.199999999999999,3.5077058029430024,5
Variant II,Erdős–Rényi,LCF-original,True,1,retention_disparity,0,0,5
Variant II,Erdős–Rényi,LCF-original,True,1,retention_s0,100,0,5
Variant II,Erdős–Rényi,LCF-original,True,1,retention_s1,100,0,5
Variant II,Erdős–Rényi,LCF-original,True,1,unfairness,0.0042137503623962402,0,5
Variant II,Erdős–Rényi,LCF-original,True,2,approval_rate_difference,14.441479261650844,1.524050234226664,5
Variant II,Erdős–Rényi,LCF-original,True,2,retention_disparity,18.799999999999994,5.8787753826796214,5
Variant II,Erdős–Rényi,LCF-original,True,2,retention_s0,80.120000000000005,3.6934536683164141,5
Variant II,Erdős–Rényi,LCF-original,True,2,retention_s1,61.320000000000007,2.9219171788399452,5
Variant II,Erdős–Rényi,LCF-original,True,2,unfairness,0.0043508008184219181,0.00042530218735963498,5
Variant II,Erdős–Rényi,LCF-original,True,3,approval_rate_difference,15.419511045533858,5.9103401559135742,5
Variant II,Erdős–Rényi,LCF-original,True,3,retention_disparity,24.399999999999999,4.1665333311999344,5
Variant II,Erdős–Rényi,LCF-original,True,3,retention_s0,61.239999999999995,2.6302851556437785,5
Variant II,Erdős–Rényi,LCF-original,True,3,retention_s1,36.840000000000003,2.4832237112270019,5
Variant II,Erdős–Rényi,LCF-original,True,3,unfairness,0.004314618268573045,0.00064757478151458725,5
Variant II,Erdős–Rényi,LCF-original,True,4,approval_rate_difference,13.344483467295674,2.1142874113232564,5
Variant II,Erdős–Rényi,LCF-original,True,4,retention_disparity,25.520000000000003,3.0478845122477982,5
Variant II,Erdős–Rényi,LCF-original,True,4,retention_s0,48.480000000000004,1.6904437287292347,5
Variant II,Erdős–Rényi,LCF-original,True,4,retention_s1,22.960000000000001,1.6365818036383026,5
Variant II,Erdős–Rényi,LCF-original,True,4,unfairness,0.0040389329916058038,0.00098248041460973845,5
Variant II,Erdős–Rényi,LCF-original,True,5,approval_rate_difference,17.08485339473485,7.6167194326688721,5
Variant II,Erdős–Rényi,LCF-original,True,5,retention_disparity,23.32,3.5113530155767609,5
Variant II,Erdős–Rényi,LCF-original,True,5,retention_s0,38,2.0823064135712599,5
Variant II,Erdős–Rényi,LCF-original,True,5,retention_s1,14.680000000000001,1.7554486605993362,5
Variant II,Erdős–Rényi,LCF-original,True,5,unfairness,0.0041115651489746826,0.0010438688999691492,5
Variant II,Watts–Strogatz,Baseline,False,1,approval_rate_difference,5.6799999999999979,2.6490753103677491,5
Variant II,Watts–Strogatz,Baseline,False,1,retention_disparity,0,0,5
Variant II,Watts–Strogatz,Baseline,False,1,retention_s0,100,0,5
Variant II,Watts–Strogatz,Baseline,False,1,retention_s1,100,0,5
Variant II,Watts–Strogatz,Baseline,False,1,unfairness,0.0046962995796467899,0,5
Variant II,Watts–Strogatz,Baseline,False,2,approval_rate_difference,5.7199999999999944,2.8498421008891026,5
Variant II,Watts–Strogatz,Baseline,False,2,retention_disparity,0,0,5
Variant II,Watts–Strogatz,Baseline,False,2,retention_s0,100,0,5
Variant II,Watts–Strogatz,Baseline,False,2,retention_s1,100,0,5
Variant II,Watts–Strogatz,Baseline,False,2,unfairness,0.0047121377297120407,0.0005114203316670036,5
Variant II,Watts–Strogatz,Baseline,False,3,approval_rate_difference,7.5199999999999978,2.6581196361337831,5
Variant II,Watts–Strogatz,Baseline,False,3,retention_disparity,0,0,5
Variant II,Watts–Strogatz,Baseline,False,3,retention_s0,100,0,5
Variant II,Watts–Strogatz,Baseline,False,3,retention_s1,100,0,5
Variant II,Watts–Strogatz,Baseline,False,3,unfairness,0.0046370083318937327,0.00065614236882793095,5
Variant II,Watts–Strogatz,Baseline,False,4,approval_rate_difference,4.3599999999999977,3.8769059828682972,5
Variant II,Watts–Strogatz,Baseline,False,4,retention_disparity,0,0,5
Variant II,Watts–Strogatz,Baseline,False,4,retention_s0,100,0,5
Variant II,Watts–Strogatz,Baseline,False,4,retention_s1,100,0,5
Variant II,Watts–Strogatz,Baseline,False,4,unfairness,0.0041658264710543683,0.00096799211469980292,5
Variant II,Watts–Strogatz,Baseline,False,5,approval_rate_difference,5.5199999999999978,3.2950872522590346,5
Variant II,Watts–Strogatz,Baseline,False,5,retention_disparity,0,0,5
Variant II,Watts–Strogatz,Baseline,False,5,retention_s0,100,0,5
Variant II,Watts–Strogatz,Baseline,False,5,retention_s1,100,0,5
Variant II,Watts–Strogatz,Baseline,False,5,unfairness,0.0045069571536271447,0.00087713373624667896,5
Variant II,Watts–Strogatz,Baseline,True,1,approval_rate_difference,5.6799999999999979,2.6490753103677491,5
Variant II,Watts–Strogatz,Baseline,True,1,retention_disparity,0,0,5
Variant II,Watts–Strogatz,Baseline,True,1,retention_s0,100,0,5
Variant II,Watts–Strogatz,Baseline,True,1,retention_s1,100,0,5
Variant II,Watts–Strogatz,Baseline,True,1,unfairness,0.0046962995796467899,0,5
Variant II,Watts–Strogatz,Baseline,True,2,approval_rate_difference,6.2884068706556624,3.3748826467464559,5
Variant II,Watts–Strogatz,Baseline,True,2,retention_disparity,8.159999999999993,3.7189245757342291,5
Variant II,Watts–Strogatz,Baseline,True,2,retention_s0,83.959999999999994,2.6575176386996939,5
Variant II,Watts–Strogatz,Baseline,True,2,retention_s1,75.799999999999997,1.6923356641044973,5
Variant II,Watts–Strogatz,Baseline,True,2,unfairness,0.0047121377297120407,0.0005114203316670036,5
Variant II,Watts–Strogatz,Baseline,True,3,approval_rate_difference,6.9749333765244259,3.8657430641442985,5
Variant II,Watts–Strogatz,Baseline,True,3,retention_disparity,10.720000000000002,5.7877111192594901,5
Variant II,Watts–Strogatz,Baseline,True,3,retention_s0,67.040000000000006,2.4735399733984469,5
Variant II,Watts–Strogatz,Baseline,True,3,retention_s1,56.320000000000007,3.7812167353908692,5
Variant II,Watts–Strogatz,Baseline,True,3,unfairness,0.0047522565175005301,0.00072228286867959156,5
Variant II,Watts–Strogatz,Baseline,True,4,approval_rate_difference,4.7342134932644964,3.9713854965645603,5
Variant II,Watts–Strogatz,Baseline,True,4,retention_disparity,13.119999999999999,2.7643444069073611,5
Variant II,Watts–Strogatz,Baseline,True,4,retention_s0,55.079999999999998,1.5210522673465185,5
Variant II,Watts–Strogatz,Baseline,True,4,retention_s1,41.960000000000001,2.9836889918354439,5
Variant II,Watts–Strogatz,Baseline,True,4,unfairness,0.0043532665772645363,0.0011858481267645561,5
Variant II,Watts–Strogatz,Baseline,True,5,approval_rate_difference,10.459849201040438,4.0677659269426698,5
Variant II,Watts–Strogatz,Baseline,True,5,retention_disparity,12.040000000000001,1.9530488985173935,5
Variant II,Watts–Strogatz,Baseline,True,5,retention_s0,44.760000000000005,1.4772948250095501,5
Variant II,Watts–Strogatz,Baseline,True,5,retention_s1,32.719999999999999,2.7205881717011136,5
Variant II,Watts–Strogatz,Baseline,True,5,unfairness,0.0046201913808608715,0.0011424256320454642,5
Variant II,Watts–Strogatz,DP,False,1,approval_rate_difference,2.3199999999999994,3.0635926622186536,5
Variant II,Watts–Strogatz,DP,False,1,retention_disparity,0,0,5
Variant II,Watts–Strogatz,DP,False,1,retention_s0,100,0,5
Variant II,Watts–Strogatz,DP,False,1,retention_s1,100,0,5
Variant II,Watts–Strogatz,DP,False,1,unfairness,0.0046721666050401067,0,5
Variant II,Watts–Strogatz,DP,False,2,approval_rate_difference,3.0000000000000009,2.7129319932501068,5
Variant II,Watts–Strogatz,DP,False,2,retention_disparity,0,0,5
Variant II,Watts–Strogatz,DP,False,2,retention_s0,100,0,5
Variant II,Watts–Strogatz,DP,False,2,retention_s1,100,0,5
Variant II,Watts–Strogatz,DP,False,2,unfairness,0.0046677720038429179,0.00049641657996314377,5
Variant II,Watts–Strogatz,DP,False,3,approval_rate_difference,4.8799999999999972,2.880555501982212,5
Variant II,Watts–Strogatz,DP,False,3,retention_disparity,0,0,5
Variant II,Watts–Strogatz,DP,False,3,retention_s0,100,0,5
Variant II,Watts–Strogatz,DP,False,3,retention_s1,100,0,5
Variant II,Watts–Strogatz,DP,False,3,unfairness,0.0045818489464065195,0.00063106274491525507,5
Variant II,Watts–Strogatz,DP,False,4,approval_rate_difference,1.7199999999999993,3.8086217979736481,5
Variant II,Watts–Strogatz,DP,False,4,retention_disparity,0,0,5
Variant II,Watts–Strogatz,DP,False,4,retention_s0,100,0,5
Variant II,Watts–Strogatz,DP,False,4,retention_s1,100,0,5
Variant II,Watts–Strogatz,DP,False,4,unfairness,0.004101758435669978,0.00094408391666690598,5
Variant II,Watts–Strogatz,DP,False,5,approval_rate_difference,2.9999999999999987,2.950254226333723,5
Variant II,Watts–Strogatz,DP,False,5,retention_disparity,0,0,5
Variant II,Watts–Strogatz,DP,False,5,retention_s0,100,0,5
Variant II,Watts–Strogatz,DP,False,5,retention_s1,100,0,5
Variant II,Watts–Strogatz,DP,False,5,unfairness,0.0044270595530435438,0.00084404858367265656,5
Variant II,Watts–Strogatz,DP,True,1,approval_rate_difference,2.3199999999999994,3.0635926622186536,5
Variant II,Watts–Strogatz,DP,True,1,retention_disparity,0,0,5
Variant II,Watts–Strogatz,DP,True,1,retention_s0,100,0,5
Variant II,Watts–Strogatz,DP,True,1,retention_s1,100,0,5
Variant II,Watts–Strogatz,DP,True,1,unfairness,0.0046721666050401067,0,5
Variant II,Watts–Strogatz,DP,True,2,approval_rate_difference,3.0735927325177448,2.8999682371264517,5
Variant II,Watts–Strogatz,DP,True,2,retention_disparity,4.8799999999999981,3.9407613477600987,5
Variant II,Watts–Strogatz,DP,True,2,retention_s0,81.960000000000008,3.2184468303826281,5
Variant II,Watts–Strogatz,DP,True,2,retention_s1,77.47999999999999,1.6857046004564391,5
Variant II,Watts–Strogatz,DP,True,2,unfairness,0.0046677720038429179,0.00049641657996314377,5
Variant II,Watts–Strogatz,DP,True,3,approval_rate_difference,4.4386330374388505,4.4044351413851475,5
Variant II,Watts–Strogatz,DP,True,3,retention_disparity,6.6000000000000059,4.0595566260368861,5
Variant II,Watts–Strogatz,DP,True,3,retention_s0,63.760000000000005,2.9567549780122153,5
Variant II,Watts–Strogatz,DP,True,3,retention_s1,58.600000000000001,3.1949960876345367,5
Variant II,Watts–Strogatz,DP,True,3,unfairness,0.0046582386725198214,0.00065329098392695071,5
Variant II,Watts–Strogatz,DP,True,4,approval_rate_difference,1.5034639346348253,4.198395574205505,5
Variant II,Watts–Strogatz,DP,True,4,retention_disparity,7.2800000000000029,2.4416387939250961,5
Variant II,Watts–Strogatz,DP,True,4,retention_s0,51.720000000000006,1.5157836257197137,5
Variant II,Watts–Strogatz,DP,True,4,retention_s1,44.439999999999998,2.4046621384302607,5
Variant II,Watts–Strogatz,DP,True,4,unfairness,0.0041942572983549638,0.0011475416085724214,5
Variant II,Watts–Strogatz,DP,True,5,approval_rate_difference,8.0453758872945595,3.0263572703165247,5
Variant II,Watts–Strogatz,DP,True,5,retention_disparity,5.9599999999999991,1.997598558269406,5
Variant II,Watts–Strogatz,DP,True,5,retention_s0,41.200000000000003,1.3446189051177277,5
Variant II,Watts–Strogatz,DP,True,5,retention_s1,35.239999999999995,2.6454489222058335,5
Variant II,Watts–Strogatz,DP,True,5,unfairness,0.0044394195201991503,0.0011289740964525565,5
Variant II,Watts–Strogatz,EO,False,1,approval_rate_difference,-0.71999999999999853,3.2707185754815402,5
Variant II,Watts–Strogatz,EO,False,1,retention_disparity,0,0,5
Variant II,Watts–Strogatz,EO,False,1,retention_s0,100,0,5
Variant II,Watts–Strogatz,EO,False,1,retention_s1,100,0,5
Variant II,Watts–Strogatz,EO,False,1,unfairness,0.0045472077456842896,0,5
Variant II,Watts–Strogatz,EO,False,2,approval_rate_difference,0.7600000000000029,2.9350298124550616,5
Variant II,Watts–Strogatz,EO,False,2,retention_disparity,0,0,5
Variant II,Watts–Strogatz,EO,False,2,retention_s0,100,0,5
Variant II,Watts–Strogatz,EO,False,2,retention_s1,100,0,5
Variant II,Watts–Strogatz,EO,False,2,unfairness,0.0045312589590199345,0.00047059111413722915,5
Variant II,Watts–Strogatz,EO,False,3,approval_rate_difference,2.5199999999999978,2.738174574419971,5
Variant II,Watts–Strogatz,EO,False,3,retention_disparity,0,0,5
Variant II,Watts–Strogatz,EO,False,3,retention_s0,100,0,5
Variant II,Watts–Strogatz,EO,False,3,retention_s1,100,0,5
Variant II,Watts–Strogatz,EO,False,3,unfairness,0.0044361498865386432,0.0005987548124491847,5
Variant II,Watts–Strogatz,EO,False,4,approval_rate_difference,-0.96000000000000085,3.7595744440029413,5
Variant II,Watts–Strogatz,EO,False,4,retention_disparity,0,0,5
Variant II,Watts–Strogatz,EO,False,4,retention_s0,100,0,5
Variant II,Watts–Strogatz,EO,False,4,retention_s1,100,0,5
Variant II,Watts–Strogatz,EO,False,4,unfairness,0.0039703073466260674,0.00089582578674226817,5
Variant II,Watts–Strogatz,EO,False,5,approval_rate_difference,1.2399999999999989,2.7463430230034986,5
Variant II,Watts–Strogatz,EO,False,5,retention_disparity,0,0,5
Variant II,Watts–Strogatz,EO,False,5,retention_s0,100,0,5
Variant II,Watts–Strogatz,EO,False,5,retention_s1,100,0,5
Variant II,Watts–Strogatz,EO,False,5,unfairness,0.0042709647161426334,0.00080125380316445869,5
Variant II,Watts–Strogatz,EO,True,1,approval_rate_difference,-0.71999999999999853,3.2707185754815402,5
Variant II,Watts–Strogatz,EO,True,1,retention_disparity,0,0,5
Variant II,Watts–Strogatz,EO,True,1,retention_s0,100,0,5
Variant II,Watts–Strogatz,EO,True,1,retention_s1,100,0,5
Variant II,Watts–Strogatz,EO,True,1,unfairness,0.0045472077456842896,0,5
Variant II,Watts–Strogatz,EO,True,2,approval_rate_difference,1.3680702245512588,3.0766770594767521,5
Variant II,Watts–Strogatz,EO,True,2,retention_disparity,4.4799999999999986,1.6277591959500628,5
Variant II,Watts–Strogatz,EO,True,2,retention_s0,79.47999999999999,3.8566306538220623,5
Variant II,Watts–Strogatz,EO,True,2,retention_s1,79,1.7158088471621757,5
Variant II,Watts–Strogatz,EO,True,2,unfairness,0.0045312589590199345,0.00047059111413722915,5
Variant II,Watts–Strogatz,EO,True,3,approval_rate_difference,2.0242101698623749,4.0629298254333852,5
Variant II,Watts–Strogatz,EO,True,3,retention_disparity,5.3600000000000039,2.1923503369671526,5
Variant II,Watts–Strogatz,EO,True,3,retention_s0,61.399999999999999,3.6044417043420234,5
Variant II,Watts–Strogatz,EO,True,3,retention_s1,60.439999999999998,2.7082097407697185,5
Variant II,Watts–Strogatz,EO,True,3,unfairness,0.0044662875693833645,0.00062527398433796907,5
Variant II,Watts–Strogatz,EO,True,4,approval_rate_difference,-1.9217260465755117,4.2495114313026923,5
Variant II,Watts–Strogatz,EO,True,4,retention_disparity,3.1199999999999948,1.5210522673465248,5
Variant II,Watts–Strogatz,EO,True,4,retention_s0,48.880000000000003,2.2577865266672141,5
Variant II,Watts–Strogatz,EO,True,4,retention_s1,46.320000000000007,2.0183161298468568,5
Variant II,Watts–Strogatz,EO,True,4,unfairness,0.00392820491345971,0.0011335610690604058,5
Variant II,Watts–Strogatz,EO,True,5,approval_rate_difference,6.5823259206678131,2.1788776525450655,5
Variant II,Watts–Strogatz,EO,True,5,retention_disparity,1.319999999999999,0.43081318457075879,5
Variant II,Watts–Strogatz,EO,True,5,retention_s0,38.280000000000001,1.8829763673503725,5
Variant II,Watts–Strogatz,EO,True,5,retention_s1,37.359999999999999,2.2464193731358337,5
Variant II,Watts–Strogatz,EO,True,5,unfairness,0.0041304421479487095,0.0011674631453528817,5
Variant II,Watts–Strogatz,LCF-active,False,1,approval_rate_difference,14.84,3.2873089298086993,5
Variant II,Watts–Strogatz,LCF-active,False,1,retention_disparity,0,0,5
Variant II,Watts–Strogatz,LCF-active,False,1,retention_s0,100,0,5
Variant II,Watts–Strogatz,LCF-active,False,1,retention_s1,100,0,5
Variant II,Watts–Strogatz,LCF-active,False,1,unfairness,0.0043529868125915527,0,5
Variant II,Watts–Strogatz,LCF-active,False,2,approval_rate_difference,14.640000000000001,1.1341957503006272,5
Variant II,Watts–Strogatz,LCF-active,False,2,retention_disparity,0,0,5
Variant II,Watts–Strogatz,LCF-active,False,2,retention_s0,100,0,5
Variant II,Watts–Strogatz,LCF-active,False,2,retention_s1,100,0,5
Variant II,Watts–Strogatz,LCF-active,False,2,unfairness,0.0044593297746634564,0.0004512508491625738,5
Variant II,Watts–Strogatz,LCF-active,False,3,approval_rate_difference,15.719999999999999,4.5810042567105276,5
Variant II,Watts–Strogatz,LCF-active,False,3,retention_disparity,0,0,5
Variant II,Watts–Strogatz,LCF-active,False,3,retention_s0,100,0,5
Variant II,Watts–Strogatz,LCF-active,False,3,retention_s1,100,0,5
Variant II,Watts–Strogatz,LCF-active,False,3,unfairness,0.0044075380769823093,0.00062755182347753113,5
Variant II,Watts–Strogatz,LCF-active,False,4,approval_rate_difference,12.959999999999999,3.4834465691323611,5
Variant II,Watts–Strogatz,LCF-active,False,4,retention_disparity,0,0,5
Variant II,Watts–Strogatz,LCF-active,False,4,retention_s0,100,0,5
Variant II,Watts–Strogatz,LCF-active,False,4,retention_s1,100,0,5
Variant II,Watts–Strogatz,LCF-active,False,4,unfairness,0.004138651639543434,0.00083186643887720564,5
Variant II,Watts–Strogatz,LCF-active,False,5,approval_rate_difference,16.120000000000001,2.84422221354099,5
Variant II,Watts–Strogatz,LCF-active,False,5,retention_disparity,0,0,5
Variant II,Watts–Strogatz,LCF-active,False,5,retention_s0,100,0,5
Variant II,Watts–Strogatz,LCF-active,False,5,retention_s1,100,0,5
Variant II,Watts–Strogatz,LCF-active,False,5,unfairness,0.0044341862921879697,0.00082639286325040997,5
Variant II,Watts–Strogatz,LCF-active,True,1,approval_rate_difference,14.84,3.2873089298086993,5
Variant II,Watts–Strogatz,LCF-active,True,1,retention_disparity,0,0,5
Variant II,Watts–Strogatz,LCF-active,True,1,retention_s0,100,0,5
Variant II,Watts–Strogatz,LCF-active,True,1,retention_s1,100,0,5
Variant II,Watts–Strogatz,LCF-active,True,1,unfairness,0.0043529868125915527,0,5
Variant II,Watts–Strogatz,LCF-active,True,2,approval_rate_difference,15.40281712875659,1.8405098177765764,5
Variant II,Watts–Strogatz,LCF-active,True,2,retention_disparity,21.359999999999999,4.2939958081022835,5
Variant II,Watts–Strogatz,LCF-active,True,2,retention_s0,82.959999999999994,2.8744390757154656,5
Variant II,Watts–Strogatz,LCF-active,True,2,retention_s1,61.600000000000001,1.8761663039293739,5
Variant II,Watts–Strogatz,LCF-active,True,2,unfairness,0.0044593297746634564,0.0004512508491625738,5
Variant II,Watts–Strogatz,LCF-active,True,3,approval_rate_difference,15.97003031868196,6.8639022266911791,5
Variant II,Watts–Strogatz,LCF-active,True,3,retention_disparity,27.199999999999999,2.9475413483104882,5
Variant II,Watts–Strogatz,LCF-active,True,3,retention_s0,64.960000000000008,2.4992798962901306,5
Variant II,Watts–Strogatz,LCF-active,True,3,retention_s1,37.760000000000005,1.3705473359209448,5
Variant II,Watts–Strogatz,LCF-active,True,3,unfairness,0.0044376758282581811,0.00067046211207191049,5
Variant II,Watts–Strogatz,LCF-active,True,4,approval_rate_difference,12.459448328744559,1.1118133224386781,5
Variant II,Watts–Strogatz,LCF-active,True,4,retention_disparity,28.080000000000002,2.5222212432695121,5
Variant II,Watts–Strogatz,LCF-active,True,4,retention_s0,52.399999999999999,2.2627416997969534,5
Variant II,Watts–Strogatz,LCF-active,True,4,retention_s1,24.32,1.5574337867145429,5
Variant II,Watts–Strogatz,LCF-active,True,4,unfairness,0.0041320089649885313,0.0010150564442061869,5
Variant II,Watts–Strogatz,LCF-active,True,5,approval_rate_difference,20.198400195515482,3.942048651427621,5
Variant II,Watts–Strogatz,LCF-active,True,5,retention_disparity,25.199999999999999,2.5643712679719362,5
Variant II,Watts–Strogatz,LCF-active,True,5,retention_s0,41.399999999999999,2.5706030420895396,5
Variant II,Watts–Strogatz,LCF-active,True,5,retention_s1,16.199999999999999,1.3914021704740871,5
Variant II,Watts–Strogatz,LCF-active,True,5,unfairness,0.0043083701090172342,0.0010505082908092481,5
Variant II,Watts–Strogatz,LCF-original,False,1,approval_rate_difference,14.24,3.5108973211986725,5
Variant II,Watts–Strogatz,LCF-original,False,1,retention_disparity,0,0,5
Variant II,Watts–Strogatz,LCF-original,False,1,retention_s0,100,0,5
Variant II,Watts–Strogatz,LCF-original,False,1,retention_s1,100,0,5
Variant II,Watts–Strogatz,LCF-original,False,1,unfairness,0.0043035149574279785,0,5
Variant II,Watts–Strogatz,LCF-original,False,2,approval_rate_difference,14.080000000000002,0.7959899496852948,5
Variant II,Watts–Strogatz,LCF-original,False,2,retention_disparity,0,0,5
Variant II,Watts–Strogatz,LCF-original,False,2,retention_s0,100,0,5
Variant II,Watts–Strogatz,LCF-original,False,2,retention_s1,100,0,5
Variant II,Watts–Strogatz,LCF-original,False,2,unfairness,0.0044479947284848716,0.00043208614761945695,5
Variant II,Watts–Strogatz,LCF-original,False,3,approval_rate_difference,14.719999999999999,3.7300938325999273,5
Variant II,Watts–Strogatz,LCF-original,False,3,retention_disparity,0,0,5
Variant II,Watts–Strogatz,LCF-original,False,3,retention_s0,100,0,5
Variant II,Watts–Strogatz,LCF-original,False,3,retention_s1,100,0,5
Variant II,Watts–Strogatz,LCF-original,False,3,unfairness,0.0043773242293216443,0.00062507081427977396,5
Variant II,Watts–Strogatz,LCF-original,False,4,approval_rate_difference,11.880000000000001,3.9549462701786471,5
Variant II,Watts–Strogatz,LCF-original,False,4,retention_disparity,0,0,5
Variant II,Watts–Strogatz,LCF-original,False,4,retention_s0,100,0,5
Variant II,Watts–Strogatz,LCF-original,False,4,retention_s1,100,0,5
Variant II,Watts–Strogatz,LCF-original,False,4,unfairness,0.0041826025373322469,0.00078845609028027597,5
Variant II,Watts–Strogatz,LCF-original,False,5,approval_rate_difference,15.4,3.207491231476713,5
Variant II,Watts–Strogatz,LCF-original,False,5,retention_disparity,0,0,5
Variant II,Watts–Strogatz,LCF-original,False,5,retention_s0,100,0,5
Variant II,Watts–Strogatz,LCF-original,False,5,retention_s1,100,0,5
Variant II,Watts–Strogatz,LCF-original,False,5,unfairness,0.0044503784173357099,0.000816835411934007,5
Variant II,Watts–Strogatz,LCF-original,True,1,approval_rate_difference,14.24,3.5108973211986725,5
Variant II,Watts–Strogatz,LCF-original,True,1,retention_disparity,0,0,5
Variant II,Watts–Strogatz,LCF-original,True,1,retention_s0,100,0,5
Variant II,Watts–Strogatz,LCF-original,True,1,retention_s1,100,0,5
Variant II,Watts–Strogatz,LCF-original,True,1,unfairness,0.0043035149574279785,0,5
Variant II,Watts–Strogatz,LCF-original,True,2,approval_rate_difference,14.927275112576648,1.2705176351978158,5
Variant II,Watts–Strogatz,LCF-original,True,2,retention_disparity,20.640000000000004,4.68597908659439,5
Variant II,Watts–Strogatz,LCF-original,True,2,retention_s0,81.239999999999995,2.9917219122104219,5
Variant II,Watts–Strogatz,LCF-original,True,2,retention_s1,60.600000000000001,2.4232209969377547,5
Variant II,Watts–Strogatz,LCF-original,True,2,unfairness,0.0044479947284848716,0.00043208614761945695,5
Variant II,Watts–Strogatz,LCF-original,True,3,approval_rate_difference,15.442941055358684,5.9175235258481882,5
Variant II,Watts–Strogatz,LCF-original,True,3,retention_disparity,26.119999999999997,3.0895954427724077,5
Variant II,Watts–Strogatz,LCF-original,True,3,retention_s0,62.320000000000007,2.6969612529660152,5
Variant II,Watts–Strogatz,LCF-original,True,3,retention_s1,36.200000000000003,1.7798876369029613,5
Variant II,Watts–Strogatz,LCF-original,True,3,unfairness,0.0044249400049506393,0.00067918649383206012,5
Variant II,Watts–Strogatz,LCF-original,True,4,approval_rate_difference,11.574175561567666,0.69272099448763758,5
Variant II,Watts–Strogatz,LCF-original,True,4,retention_disparity,25.800000000000001,1.7977764043395366,5
Variant II,Watts–Strogatz,LCF-original,True,4,retention_s0,49.039999999999999,1.7545369759569029,5
Variant II,Watts–Strogatz,LCF-original,True,4,retention_s1,23.240000000000002,1.9365949499056323,5
Variant II,Watts–Strogatz,LCF-original,True,4,unfairness,0.0041640015508672464,0.0010265397212827934,5
Variant II,Watts–Strogatz,LCF-original,True,5,approval_rate_difference,21.108800490611053,5.0345461356696761,5
Variant II,Watts–Strogatz,LCF-original,True,5,retention_disparity,23.559999999999999,2.2032702966272648,5
Variant II,Watts–Strogatz,LCF-original,True,5,retention_s0,38.719999999999999,2.0807690885823935,5
Variant II,Watts–Strogatz,LCF-original,True,5,retention_s1,15.16,1.6019987515600627,5
Variant II,Watts–Strogatz,LCF-original,True,5,unfairness,0.0042707328555984473,0.0010847887996807441,5
